ISO-10303-21;
HEADER;
/* Generated by software containing ST-Developer
 * from STEP Tools, Inc. (www.steptools.com) 
 */
/* OPTION: using custom schema-name function */

FILE_DESCRIPTION(
/* description */ (''),
/* implementation_level */ '2;1');

FILE_NAME(
/* name */ '436501200wbm000_01_214.stp',
/* time_stamp */ '2022-06-14T11:00:06+06:00',
/* author */ (''),
/* organization */ (''),
/* preprocessor_version */ 'ST-DEVELOPER v16.7',
/* originating_system */ 'SIEMENS PLM Software NX 1919',
/* authorisation */ '');

FILE_SCHEMA (('AUTOMOTIVE_DESIGN { 1 0 10303 214 3 1 1 1 }'));
ENDSEC;

DATA;
#10=SHAPE_REPRESENTATION_RELATIONSHIP('None',
'relationship between 436501200wbm000_01-None and 436501200wbm000_01-N
one',#22,#11);
#11=ADVANCED_BREP_SHAPE_REPRESENTATION('436501200wbm000_01-None',(#32),
#9633);
#12=SHAPE_DEFINITION_REPRESENTATION(#13,#22);
#13=PRODUCT_DEFINITION_SHAPE('','',#14);
#14=PRODUCT_DEFINITION(' ','',#16,#15);
#15=PRODUCT_DEFINITION_CONTEXT('part definition',#21,'design');
#16=PRODUCT_DEFINITION_FORMATION_WITH_SPECIFIED_SOURCE(' ',' ',#18,
 .NOT_KNOWN.);
#17=PRODUCT_RELATED_PRODUCT_CATEGORY('part','',(#18));
#18=PRODUCT('436501200wbm000_01','436501200wbm000_01',' ',(#19));
#19=PRODUCT_CONTEXT(' ',#21,'mechanical');
#20=APPLICATION_PROTOCOL_DEFINITION('international standard',
'automotive_design',2010,#21);
#21=APPLICATION_CONTEXT(
'core data for automotive mechanical design processes');
#22=SHAPE_REPRESENTATION('436501200wbm000_01-None',(#6056),#9633);
#23=PRESENTATION_LAYER_ASSIGNMENT('1','Layer 1',(#32));
#24=STYLED_ITEM('',(#25),#32);
#25=PRESENTATION_STYLE_ASSIGNMENT((#26));
#26=SURFACE_STYLE_USAGE(.BOTH.,#27);
#27=SURFACE_SIDE_STYLE('',(#28));
#28=SURFACE_STYLE_FILL_AREA(#29);
#29=FILL_AREA_STYLE('',(#30));
#30=FILL_AREA_STYLE_COLOUR('',#31);
#31=COLOUR_RGB('Medium Steel',0.596063172350652,0.666666666666667,0.686259250782025);
#32=MANIFOLD_SOLID_BREP('',#33);
#33=CLOSED_SHELL('',(#110,#111,#112,#113,#114,#115,#116,#117,#118,#119,
#120,#121,#122,#123,#124,#125,#126,#127,#128,#129,#130,#131,#132,#133,#134,
#135,#136,#137,#138,#139,#140,#141,#142,#143,#144,#145,#146,#147,#148,#149,
#150,#151,#152,#153,#154,#155,#156,#157,#158,#159,#160,#161,#162,#163,#164,
#165,#166,#167,#168,#169,#170,#171,#172,#173,#174,#175,#176,#177,#178,#179,
#180,#181,#182,#183,#184,#185,#186,#187,#188,#189,#190,#191,#192,#193,#194,
#195,#196,#197,#198,#199,#200,#201,#202,#203,#204,#205,#206,#207,#208,#209,
#210,#211,#212,#213,#214,#215,#216,#217,#218,#219,#220,#221,#222,#223,#224,
#225,#226,#227,#228,#229,#230,#231,#232,#233,#234,#235,#236,#237,#238,#239,
#240,#241,#242,#243,#244,#245,#246,#247,#248,#249,#250,#251,#252,#253,#254,
#255,#256,#257,#258,#259,#260,#261,#262,#263,#264,#265,#266,#267,#268,#269,
#270,#271,#272,#273,#274,#275,#276,#277,#278,#279,#280,#281,#282,#283,#284,
#285,#286,#287,#288,#289,#290,#291,#292,#293,#294,#295,#296,#297,#298,#299,
#300,#301,#302,#303,#304,#305,#306,#307,#308,#309,#310,#311,#312,#313,#314,
#315,#316,#317,#318,#319,#320,#321,#322,#323,#324,#325,#326,#327,#328,#329,
#330,#331,#332,#333,#334,#335,#336,#337,#338,#339,#340,#341,#342,#343,#344,
#345,#346,#347,#348,#349,#350,#351,#352,#353,#354,#355,#356,#357,#358,#359,
#360,#361,#362,#363,#364,#365,#366,#367,#368,#369,#370,#371,#372,#373,#374,
#375,#376,#377,#378,#379,#380,#381,#382,#383,#384,#385,#386,#387,#388,#389,
#390,#391,#392,#393,#394,#395,#396,#397,#398,#399,#400,#401,#402,#403,#404,
#405,#406,#407,#408,#409,#410,#411,#412,#413,#414,#415,#416,#417,#418,#419,
#420,#421,#422,#423,#424,#425,#426,#427,#428,#429,#430,#431,#432,#433,#434,
#435,#436,#437,#438,#439,#440,#441,#442,#443,#444,#445,#446,#447,#448,#449,
#450,#451,#452,#453,#454,#455,#456,#457,#458));
#34=CYLINDRICAL_SURFACE('',#6399,1.1);
#35=CYLINDRICAL_SURFACE('',#6404,1.1);
#36=CYLINDRICAL_SURFACE('',#6408,1.4);
#37=CYLINDRICAL_SURFACE('',#6411,1.4);
#38=FACE_BOUND('',#1143,.T.);
#39=FACE_BOUND('',#1144,.T.);
#40=FACE_BOUND('',#1145,.T.);
#41=FACE_BOUND('',#1146,.T.);
#42=FACE_BOUND('',#1147,.T.);
#43=FACE_BOUND('',#1148,.T.);
#44=FACE_BOUND('',#1149,.T.);
#45=FACE_BOUND('',#1150,.T.);
#46=FACE_BOUND('',#1151,.T.);
#47=FACE_BOUND('',#1152,.T.);
#48=FACE_BOUND('',#1153,.T.);
#49=FACE_BOUND('',#1154,.T.);
#50=FACE_BOUND('',#1155,.T.);
#51=FACE_BOUND('',#1156,.T.);
#52=FACE_BOUND('',#1157,.T.);
#53=FACE_BOUND('',#1161,.T.);
#54=FACE_BOUND('',#1162,.T.);
#55=FACE_BOUND('',#1163,.T.);
#56=FACE_BOUND('',#1164,.T.);
#57=FACE_BOUND('',#1165,.T.);
#58=FACE_BOUND('',#1166,.T.);
#59=FACE_BOUND('',#1167,.T.);
#60=FACE_BOUND('',#1168,.T.);
#61=FACE_BOUND('',#1169,.T.);
#62=FACE_BOUND('',#1170,.T.);
#63=FACE_BOUND('',#1171,.T.);
#64=FACE_BOUND('',#1172,.T.);
#65=FACE_BOUND('',#1173,.T.);
#66=FACE_BOUND('',#1174,.T.);
#67=FACE_BOUND('',#1175,.T.);
#68=FACE_BOUND('',#1208,.T.);
#69=FACE_BOUND('',#1209,.T.);
#70=FACE_BOUND('',#1214,.T.);
#71=FACE_BOUND('',#1215,.T.);
#72=FACE_BOUND('',#1221,.T.);
#73=FACE_BOUND('',#1222,.T.);
#74=FACE_BOUND('',#1228,.T.);
#75=FACE_BOUND('',#1229,.T.);
#76=FACE_BOUND('',#1235,.T.);
#77=FACE_BOUND('',#1236,.T.);
#78=FACE_BOUND('',#1242,.T.);
#79=FACE_BOUND('',#1243,.T.);
#80=FACE_BOUND('',#1249,.T.);
#81=FACE_BOUND('',#1250,.T.);
#82=FACE_BOUND('',#1256,.T.);
#83=FACE_BOUND('',#1257,.T.);
#84=FACE_BOUND('',#1263,.T.);
#85=FACE_BOUND('',#1264,.T.);
#86=FACE_BOUND('',#1269,.T.);
#87=FACE_BOUND('',#1270,.T.);
#88=FACE_BOUND('',#1276,.T.);
#89=FACE_BOUND('',#1277,.T.);
#90=FACE_BOUND('',#1283,.T.);
#91=FACE_BOUND('',#1284,.T.);
#92=CONICAL_SURFACE('',#6061,1.4,33.);
#93=CONICAL_SURFACE('',#6414,1.4,33.);
#94=CIRCLE('',#6059,1.4);
#95=CIRCLE('',#6060,0.620710888162988);
#96=CIRCLE('',#6064,1.1);
#97=CIRCLE('',#6066,1.1);
#98=CIRCLE('',#6172,1.1);
#99=CIRCLE('',#6177,1.1);
#100=CIRCLE('',#6398,1.1);
#101=CIRCLE('',#6403,1.1);
#102=CIRCLE('',#6406,1.4);
#103=CIRCLE('',#6407,1.4);
#104=CIRCLE('',#6410,1.4);
#105=CIRCLE('',#6413,0.620710888162989);
#106=B_SPLINE_CURVE_WITH_KNOTS('',3,(#7962,#7963,#7964,#7965,#7966,#7967,
#7968,#7969),.UNSPECIFIED.,.F.,.F.,(4,2,2,4),(0.,0.25,0.500000000000001,
1.),.UNSPECIFIED.);
#107=B_SPLINE_CURVE_WITH_KNOTS('',3,(#7975,#7976,#7977,#7978,#7979,#7980,
#7981,#7982),.UNSPECIFIED.,.F.,.F.,(4,2,2,4),(0.,0.250000000000001,0.500000000000001,
1.),.UNSPECIFIED.);
#108=B_SPLINE_CURVE_WITH_KNOTS('',3,(#9607,#9608,#9609,#9610,#9611,#9612,
#9613,#9614),.UNSPECIFIED.,.F.,.F.,(4,2,2,4),(0.,0.25,0.500000000000001,
1.),.UNSPECIFIED.);
#109=B_SPLINE_CURVE_WITH_KNOTS('',3,(#9618,#9619,#9620,#9621,#9622,#9623,
#9624,#9625),.UNSPECIFIED.,.F.,.F.,(4,2,2,4),(0.,0.250000000000001,0.500000000000001,
1.),.UNSPECIFIED.);
#110=ADVANCED_FACE('',(#802),#459,.F.);
#111=ADVANCED_FACE('',(#803),#460,.T.);
#112=ADVANCED_FACE('',(#804),#92,.T.);
#113=ADVANCED_FACE('',(#805),#461,.T.);
#114=ADVANCED_FACE('',(#806),#462,.T.);
#115=ADVANCED_FACE('',(#807),#463,.T.);
#116=ADVANCED_FACE('',(#808),#464,.T.);
#117=ADVANCED_FACE('',(#38,#39,#40,#41,#42,#43,#44,#45,#46,#47,#48,#49,
#50,#51,#52),#465,.T.);
#118=ADVANCED_FACE('',(#809),#466,.T.);
#119=ADVANCED_FACE('',(#810),#467,.T.);
#120=ADVANCED_FACE('',(#811),#468,.T.);
#121=ADVANCED_FACE('',(#53,#54,#55,#56,#57,#58,#59,#60,#61,#62,#63,#64,
#65),#469,.T.);
#122=ADVANCED_FACE('',(#66,#67),#470,.T.);
#123=ADVANCED_FACE('',(#812),#471,.T.);
#124=ADVANCED_FACE('',(#813),#472,.F.);
#125=ADVANCED_FACE('',(#814),#473,.F.);
#126=ADVANCED_FACE('',(#815),#474,.F.);
#127=ADVANCED_FACE('',(#816),#475,.F.);
#128=ADVANCED_FACE('',(#817),#476,.F.);
#129=ADVANCED_FACE('',(#818),#477,.T.);
#130=ADVANCED_FACE('',(#819),#478,.T.);
#131=ADVANCED_FACE('',(#820),#479,.T.);
#132=ADVANCED_FACE('',(#821),#480,.T.);
#133=ADVANCED_FACE('',(#822),#481,.T.);
#134=ADVANCED_FACE('',(#823),#482,.T.);
#135=ADVANCED_FACE('',(#824),#483,.F.);
#136=ADVANCED_FACE('',(#825),#484,.T.);
#137=ADVANCED_FACE('',(#826),#485,.T.);
#138=ADVANCED_FACE('',(#827),#486,.T.);
#139=ADVANCED_FACE('',(#828),#487,.F.);
#140=ADVANCED_FACE('',(#829),#488,.T.);
#141=ADVANCED_FACE('',(#830),#489,.T.);
#142=ADVANCED_FACE('',(#831),#490,.T.);
#143=ADVANCED_FACE('',(#832),#491,.F.);
#144=ADVANCED_FACE('',(#833),#492,.F.);
#145=ADVANCED_FACE('',(#834),#493,.F.);
#146=ADVANCED_FACE('',(#835),#494,.F.);
#147=ADVANCED_FACE('',(#836),#495,.T.);
#148=ADVANCED_FACE('',(#837),#496,.F.);
#149=ADVANCED_FACE('',(#838),#497,.F.);
#150=ADVANCED_FACE('',(#839),#498,.F.);
#151=ADVANCED_FACE('',(#840),#499,.F.);
#152=ADVANCED_FACE('',(#841),#500,.F.);
#153=ADVANCED_FACE('',(#842),#501,.F.);
#154=ADVANCED_FACE('',(#843),#502,.F.);
#155=ADVANCED_FACE('',(#68,#69),#503,.T.);
#156=ADVANCED_FACE('',(#844),#504,.F.);
#157=ADVANCED_FACE('',(#845),#505,.F.);
#158=ADVANCED_FACE('',(#846),#506,.F.);
#159=ADVANCED_FACE('',(#847),#507,.F.);
#160=ADVANCED_FACE('',(#70,#71),#508,.T.);
#161=ADVANCED_FACE('',(#848),#509,.F.);
#162=ADVANCED_FACE('',(#849),#510,.F.);
#163=ADVANCED_FACE('',(#850),#511,.F.);
#164=ADVANCED_FACE('',(#851),#512,.F.);
#165=ADVANCED_FACE('',(#852),#513,.F.);
#166=ADVANCED_FACE('',(#72,#73),#514,.T.);
#167=ADVANCED_FACE('',(#853),#515,.F.);
#168=ADVANCED_FACE('',(#854),#516,.F.);
#169=ADVANCED_FACE('',(#855),#517,.F.);
#170=ADVANCED_FACE('',(#856),#518,.F.);
#171=ADVANCED_FACE('',(#857),#519,.F.);
#172=ADVANCED_FACE('',(#74,#75),#520,.T.);
#173=ADVANCED_FACE('',(#858),#521,.F.);
#174=ADVANCED_FACE('',(#859),#522,.F.);
#175=ADVANCED_FACE('',(#860),#523,.F.);
#176=ADVANCED_FACE('',(#861),#524,.F.);
#177=ADVANCED_FACE('',(#862),#525,.F.);
#178=ADVANCED_FACE('',(#76,#77),#526,.T.);
#179=ADVANCED_FACE('',(#863),#527,.F.);
#180=ADVANCED_FACE('',(#864),#528,.F.);
#181=ADVANCED_FACE('',(#865),#529,.F.);
#182=ADVANCED_FACE('',(#866),#530,.F.);
#183=ADVANCED_FACE('',(#867),#531,.F.);
#184=ADVANCED_FACE('',(#78,#79),#532,.T.);
#185=ADVANCED_FACE('',(#868),#533,.F.);
#186=ADVANCED_FACE('',(#869),#534,.F.);
#187=ADVANCED_FACE('',(#870),#535,.F.);
#188=ADVANCED_FACE('',(#871),#536,.F.);
#189=ADVANCED_FACE('',(#872),#537,.F.);
#190=ADVANCED_FACE('',(#80,#81),#538,.T.);
#191=ADVANCED_FACE('',(#873),#539,.F.);
#192=ADVANCED_FACE('',(#874),#540,.F.);
#193=ADVANCED_FACE('',(#875),#541,.F.);
#194=ADVANCED_FACE('',(#876),#542,.F.);
#195=ADVANCED_FACE('',(#877),#543,.F.);
#196=ADVANCED_FACE('',(#82,#83),#544,.T.);
#197=ADVANCED_FACE('',(#878),#545,.F.);
#198=ADVANCED_FACE('',(#879),#546,.F.);
#199=ADVANCED_FACE('',(#880),#547,.F.);
#200=ADVANCED_FACE('',(#881),#548,.F.);
#201=ADVANCED_FACE('',(#882),#549,.F.);
#202=ADVANCED_FACE('',(#84,#85),#550,.T.);
#203=ADVANCED_FACE('',(#883),#551,.F.);
#204=ADVANCED_FACE('',(#884),#552,.F.);
#205=ADVANCED_FACE('',(#885),#553,.F.);
#206=ADVANCED_FACE('',(#886),#554,.F.);
#207=ADVANCED_FACE('',(#86,#87),#555,.T.);
#208=ADVANCED_FACE('',(#887),#556,.F.);
#209=ADVANCED_FACE('',(#888),#557,.F.);
#210=ADVANCED_FACE('',(#889),#558,.F.);
#211=ADVANCED_FACE('',(#890),#559,.F.);
#212=ADVANCED_FACE('',(#891),#560,.F.);
#213=ADVANCED_FACE('',(#88,#89),#561,.T.);
#214=ADVANCED_FACE('',(#892),#562,.F.);
#215=ADVANCED_FACE('',(#893),#563,.F.);
#216=ADVANCED_FACE('',(#894),#564,.F.);
#217=ADVANCED_FACE('',(#895),#565,.F.);
#218=ADVANCED_FACE('',(#896),#566,.F.);
#219=ADVANCED_FACE('',(#90,#91),#567,.T.);
#220=ADVANCED_FACE('',(#897),#568,.T.);
#221=ADVANCED_FACE('',(#898),#569,.T.);
#222=ADVANCED_FACE('',(#899),#570,.T.);
#223=ADVANCED_FACE('',(#900),#571,.F.);
#224=ADVANCED_FACE('',(#901),#572,.T.);
#225=ADVANCED_FACE('',(#902),#573,.T.);
#226=ADVANCED_FACE('',(#903),#574,.T.);
#227=ADVANCED_FACE('',(#904),#575,.F.);
#228=ADVANCED_FACE('',(#905),#576,.T.);
#229=ADVANCED_FACE('',(#906),#577,.F.);
#230=ADVANCED_FACE('',(#907),#578,.T.);
#231=ADVANCED_FACE('',(#908),#579,.F.);
#232=ADVANCED_FACE('',(#909),#580,.F.);
#233=ADVANCED_FACE('',(#910),#581,.F.);
#234=ADVANCED_FACE('',(#911),#582,.T.);
#235=ADVANCED_FACE('',(#912),#583,.F.);
#236=ADVANCED_FACE('',(#913),#584,.F.);
#237=ADVANCED_FACE('',(#914),#585,.F.);
#238=ADVANCED_FACE('',(#915),#586,.F.);
#239=ADVANCED_FACE('',(#916),#587,.F.);
#240=ADVANCED_FACE('',(#917),#588,.T.);
#241=ADVANCED_FACE('',(#918),#589,.F.);
#242=ADVANCED_FACE('',(#919),#590,.F.);
#243=ADVANCED_FACE('',(#920),#591,.F.);
#244=ADVANCED_FACE('',(#921),#592,.T.);
#245=ADVANCED_FACE('',(#922),#593,.F.);
#246=ADVANCED_FACE('',(#923),#594,.F.);
#247=ADVANCED_FACE('',(#924),#595,.F.);
#248=ADVANCED_FACE('',(#925),#596,.T.);
#249=ADVANCED_FACE('',(#926),#597,.F.);
#250=ADVANCED_FACE('',(#927),#598,.F.);
#251=ADVANCED_FACE('',(#928),#599,.F.);
#252=ADVANCED_FACE('',(#929),#600,.T.);
#253=ADVANCED_FACE('',(#930),#601,.F.);
#254=ADVANCED_FACE('',(#931),#602,.F.);
#255=ADVANCED_FACE('',(#932),#603,.F.);
#256=ADVANCED_FACE('',(#933),#604,.F.);
#257=ADVANCED_FACE('',(#934),#605,.F.);
#258=ADVANCED_FACE('',(#935),#606,.T.);
#259=ADVANCED_FACE('',(#936),#607,.F.);
#260=ADVANCED_FACE('',(#937),#608,.F.);
#261=ADVANCED_FACE('',(#938),#609,.F.);
#262=ADVANCED_FACE('',(#939),#610,.T.);
#263=ADVANCED_FACE('',(#940),#611,.F.);
#264=ADVANCED_FACE('',(#941),#612,.F.);
#265=ADVANCED_FACE('',(#942),#613,.F.);
#266=ADVANCED_FACE('',(#943),#614,.T.);
#267=ADVANCED_FACE('',(#944),#615,.F.);
#268=ADVANCED_FACE('',(#945),#616,.F.);
#269=ADVANCED_FACE('',(#946),#617,.F.);
#270=ADVANCED_FACE('',(#947),#618,.T.);
#271=ADVANCED_FACE('',(#948),#619,.F.);
#272=ADVANCED_FACE('',(#949),#620,.F.);
#273=ADVANCED_FACE('',(#950),#621,.F.);
#274=ADVANCED_FACE('',(#951),#622,.F.);
#275=ADVANCED_FACE('',(#952),#623,.F.);
#276=ADVANCED_FACE('',(#953),#624,.T.);
#277=ADVANCED_FACE('',(#954),#625,.F.);
#278=ADVANCED_FACE('',(#955),#626,.F.);
#279=ADVANCED_FACE('',(#956),#627,.F.);
#280=ADVANCED_FACE('',(#957),#628,.T.);
#281=ADVANCED_FACE('',(#958),#629,.F.);
#282=ADVANCED_FACE('',(#959),#630,.F.);
#283=ADVANCED_FACE('',(#960),#631,.F.);
#284=ADVANCED_FACE('',(#961),#632,.T.);
#285=ADVANCED_FACE('',(#962),#633,.F.);
#286=ADVANCED_FACE('',(#963),#634,.F.);
#287=ADVANCED_FACE('',(#964),#635,.F.);
#288=ADVANCED_FACE('',(#965),#636,.T.);
#289=ADVANCED_FACE('',(#966),#637,.F.);
#290=ADVANCED_FACE('',(#967),#638,.F.);
#291=ADVANCED_FACE('',(#968),#639,.F.);
#292=ADVANCED_FACE('',(#969),#640,.F.);
#293=ADVANCED_FACE('',(#970),#641,.F.);
#294=ADVANCED_FACE('',(#971),#642,.T.);
#295=ADVANCED_FACE('',(#972),#643,.F.);
#296=ADVANCED_FACE('',(#973),#644,.F.);
#297=ADVANCED_FACE('',(#974),#645,.F.);
#298=ADVANCED_FACE('',(#975),#646,.T.);
#299=ADVANCED_FACE('',(#976),#647,.F.);
#300=ADVANCED_FACE('',(#977),#648,.F.);
#301=ADVANCED_FACE('',(#978),#649,.F.);
#302=ADVANCED_FACE('',(#979),#650,.T.);
#303=ADVANCED_FACE('',(#980),#651,.F.);
#304=ADVANCED_FACE('',(#981),#652,.F.);
#305=ADVANCED_FACE('',(#982),#653,.F.);
#306=ADVANCED_FACE('',(#983),#654,.T.);
#307=ADVANCED_FACE('',(#984),#655,.F.);
#308=ADVANCED_FACE('',(#985),#656,.F.);
#309=ADVANCED_FACE('',(#986),#657,.F.);
#310=ADVANCED_FACE('',(#987),#658,.F.);
#311=ADVANCED_FACE('',(#988),#659,.F.);
#312=ADVANCED_FACE('',(#989),#660,.T.);
#313=ADVANCED_FACE('',(#990),#661,.F.);
#314=ADVANCED_FACE('',(#991),#662,.F.);
#315=ADVANCED_FACE('',(#992),#663,.F.);
#316=ADVANCED_FACE('',(#993),#664,.T.);
#317=ADVANCED_FACE('',(#994),#665,.F.);
#318=ADVANCED_FACE('',(#995),#666,.F.);
#319=ADVANCED_FACE('',(#996),#667,.F.);
#320=ADVANCED_FACE('',(#997),#668,.T.);
#321=ADVANCED_FACE('',(#998),#669,.F.);
#322=ADVANCED_FACE('',(#999),#670,.F.);
#323=ADVANCED_FACE('',(#1000),#671,.F.);
#324=ADVANCED_FACE('',(#1001),#672,.T.);
#325=ADVANCED_FACE('',(#1002),#673,.F.);
#326=ADVANCED_FACE('',(#1003),#674,.F.);
#327=ADVANCED_FACE('',(#1004),#675,.F.);
#328=ADVANCED_FACE('',(#1005),#676,.F.);
#329=ADVANCED_FACE('',(#1006),#677,.F.);
#330=ADVANCED_FACE('',(#1007),#678,.T.);
#331=ADVANCED_FACE('',(#1008),#679,.F.);
#332=ADVANCED_FACE('',(#1009),#680,.F.);
#333=ADVANCED_FACE('',(#1010),#681,.F.);
#334=ADVANCED_FACE('',(#1011),#682,.T.);
#335=ADVANCED_FACE('',(#1012),#683,.F.);
#336=ADVANCED_FACE('',(#1013),#684,.F.);
#337=ADVANCED_FACE('',(#1014),#685,.F.);
#338=ADVANCED_FACE('',(#1015),#686,.T.);
#339=ADVANCED_FACE('',(#1016),#687,.F.);
#340=ADVANCED_FACE('',(#1017),#688,.F.);
#341=ADVANCED_FACE('',(#1018),#689,.F.);
#342=ADVANCED_FACE('',(#1019),#690,.T.);
#343=ADVANCED_FACE('',(#1020),#691,.F.);
#344=ADVANCED_FACE('',(#1021),#692,.F.);
#345=ADVANCED_FACE('',(#1022),#693,.F.);
#346=ADVANCED_FACE('',(#1023),#694,.F.);
#347=ADVANCED_FACE('',(#1024),#695,.F.);
#348=ADVANCED_FACE('',(#1025),#696,.T.);
#349=ADVANCED_FACE('',(#1026),#697,.F.);
#350=ADVANCED_FACE('',(#1027),#698,.F.);
#351=ADVANCED_FACE('',(#1028),#699,.F.);
#352=ADVANCED_FACE('',(#1029),#700,.T.);
#353=ADVANCED_FACE('',(#1030),#701,.F.);
#354=ADVANCED_FACE('',(#1031),#702,.F.);
#355=ADVANCED_FACE('',(#1032),#703,.F.);
#356=ADVANCED_FACE('',(#1033),#704,.T.);
#357=ADVANCED_FACE('',(#1034),#705,.F.);
#358=ADVANCED_FACE('',(#1035),#706,.F.);
#359=ADVANCED_FACE('',(#1036),#707,.F.);
#360=ADVANCED_FACE('',(#1037),#708,.T.);
#361=ADVANCED_FACE('',(#1038),#709,.F.);
#362=ADVANCED_FACE('',(#1039),#710,.F.);
#363=ADVANCED_FACE('',(#1040),#711,.F.);
#364=ADVANCED_FACE('',(#1041),#712,.F.);
#365=ADVANCED_FACE('',(#1042),#713,.F.);
#366=ADVANCED_FACE('',(#1043),#714,.T.);
#367=ADVANCED_FACE('',(#1044),#715,.F.);
#368=ADVANCED_FACE('',(#1045),#716,.F.);
#369=ADVANCED_FACE('',(#1046),#717,.F.);
#370=ADVANCED_FACE('',(#1047),#718,.T.);
#371=ADVANCED_FACE('',(#1048),#719,.F.);
#372=ADVANCED_FACE('',(#1049),#720,.F.);
#373=ADVANCED_FACE('',(#1050),#721,.F.);
#374=ADVANCED_FACE('',(#1051),#722,.T.);
#375=ADVANCED_FACE('',(#1052),#723,.F.);
#376=ADVANCED_FACE('',(#1053),#724,.F.);
#377=ADVANCED_FACE('',(#1054),#725,.F.);
#378=ADVANCED_FACE('',(#1055),#726,.T.);
#379=ADVANCED_FACE('',(#1056),#727,.F.);
#380=ADVANCED_FACE('',(#1057),#728,.F.);
#381=ADVANCED_FACE('',(#1058),#729,.F.);
#382=ADVANCED_FACE('',(#1059),#730,.F.);
#383=ADVANCED_FACE('',(#1060),#731,.F.);
#384=ADVANCED_FACE('',(#1061),#732,.T.);
#385=ADVANCED_FACE('',(#1062),#733,.F.);
#386=ADVANCED_FACE('',(#1063),#734,.F.);
#387=ADVANCED_FACE('',(#1064),#735,.F.);
#388=ADVANCED_FACE('',(#1065),#736,.T.);
#389=ADVANCED_FACE('',(#1066),#737,.F.);
#390=ADVANCED_FACE('',(#1067),#738,.F.);
#391=ADVANCED_FACE('',(#1068),#739,.F.);
#392=ADVANCED_FACE('',(#1069),#740,.T.);
#393=ADVANCED_FACE('',(#1070),#741,.F.);
#394=ADVANCED_FACE('',(#1071),#742,.F.);
#395=ADVANCED_FACE('',(#1072),#743,.F.);
#396=ADVANCED_FACE('',(#1073),#744,.T.);
#397=ADVANCED_FACE('',(#1074),#745,.F.);
#398=ADVANCED_FACE('',(#1075),#746,.F.);
#399=ADVANCED_FACE('',(#1076),#747,.F.);
#400=ADVANCED_FACE('',(#1077),#748,.F.);
#401=ADVANCED_FACE('',(#1078),#749,.F.);
#402=ADVANCED_FACE('',(#1079),#750,.T.);
#403=ADVANCED_FACE('',(#1080),#751,.F.);
#404=ADVANCED_FACE('',(#1081),#752,.F.);
#405=ADVANCED_FACE('',(#1082),#753,.F.);
#406=ADVANCED_FACE('',(#1083),#754,.T.);
#407=ADVANCED_FACE('',(#1084),#755,.F.);
#408=ADVANCED_FACE('',(#1085),#756,.F.);
#409=ADVANCED_FACE('',(#1086),#757,.F.);
#410=ADVANCED_FACE('',(#1087),#758,.T.);
#411=ADVANCED_FACE('',(#1088),#759,.F.);
#412=ADVANCED_FACE('',(#1089),#760,.F.);
#413=ADVANCED_FACE('',(#1090),#761,.F.);
#414=ADVANCED_FACE('',(#1091),#762,.T.);
#415=ADVANCED_FACE('',(#1092),#763,.F.);
#416=ADVANCED_FACE('',(#1093),#764,.F.);
#417=ADVANCED_FACE('',(#1094),#765,.F.);
#418=ADVANCED_FACE('',(#1095),#766,.F.);
#419=ADVANCED_FACE('',(#1096),#767,.F.);
#420=ADVANCED_FACE('',(#1097),#768,.T.);
#421=ADVANCED_FACE('',(#1098),#769,.F.);
#422=ADVANCED_FACE('',(#1099),#770,.F.);
#423=ADVANCED_FACE('',(#1100),#771,.F.);
#424=ADVANCED_FACE('',(#1101),#772,.T.);
#425=ADVANCED_FACE('',(#1102),#773,.F.);
#426=ADVANCED_FACE('',(#1103),#774,.F.);
#427=ADVANCED_FACE('',(#1104),#775,.F.);
#428=ADVANCED_FACE('',(#1105),#776,.T.);
#429=ADVANCED_FACE('',(#1106),#777,.F.);
#430=ADVANCED_FACE('',(#1107),#778,.F.);
#431=ADVANCED_FACE('',(#1108),#779,.F.);
#432=ADVANCED_FACE('',(#1109),#780,.T.);
#433=ADVANCED_FACE('',(#1110),#781,.F.);
#434=ADVANCED_FACE('',(#1111),#782,.F.);
#435=ADVANCED_FACE('',(#1112),#783,.F.);
#436=ADVANCED_FACE('',(#1113),#784,.F.);
#437=ADVANCED_FACE('',(#1114),#785,.F.);
#438=ADVANCED_FACE('',(#1115),#786,.T.);
#439=ADVANCED_FACE('',(#1116),#787,.F.);
#440=ADVANCED_FACE('',(#1117),#788,.F.);
#441=ADVANCED_FACE('',(#1118),#789,.F.);
#442=ADVANCED_FACE('',(#1119),#790,.T.);
#443=ADVANCED_FACE('',(#1120),#791,.F.);
#444=ADVANCED_FACE('',(#1121),#792,.F.);
#445=ADVANCED_FACE('',(#1122),#34,.T.);
#446=ADVANCED_FACE('',(#1123),#793,.F.);
#447=ADVANCED_FACE('',(#1124),#794,.F.);
#448=ADVANCED_FACE('',(#1125),#795,.F.);
#449=ADVANCED_FACE('',(#1126),#35,.T.);
#450=ADVANCED_FACE('',(#1127),#796,.F.);
#451=ADVANCED_FACE('',(#1128),#36,.T.);
#452=ADVANCED_FACE('',(#1129),#797,.T.);
#453=ADVANCED_FACE('',(#1130),#37,.T.);
#454=ADVANCED_FACE('',(#1131),#798,.F.);
#455=ADVANCED_FACE('',(#1132),#93,.T.);
#456=ADVANCED_FACE('',(#1133),#799,.T.);
#457=ADVANCED_FACE('',(#1134),#800,.T.);
#458=ADVANCED_FACE('',(#1135),#801,.T.);
#459=PLANE('',#6057);
#460=PLANE('',#6058);
#461=PLANE('',#6062);
#462=PLANE('',#6063);
#463=PLANE('',#6065);
#464=PLANE('',#6067);
#465=PLANE('',#6068);
#466=PLANE('',#6069);
#467=PLANE('',#6070);
#468=PLANE('',#6071);
#469=PLANE('',#6072);
#470=PLANE('',#6073);
#471=PLANE('',#6074);
#472=PLANE('',#6075);
#473=PLANE('',#6076);
#474=PLANE('',#6077);
#475=PLANE('',#6078);
#476=PLANE('',#6079);
#477=PLANE('',#6080);
#478=PLANE('',#6081);
#479=PLANE('',#6082);
#480=PLANE('',#6083);
#481=PLANE('',#6084);
#482=PLANE('',#6085);
#483=PLANE('',#6086);
#484=PLANE('',#6087);
#485=PLANE('',#6088);
#486=PLANE('',#6089);
#487=PLANE('',#6090);
#488=PLANE('',#6091);
#489=PLANE('',#6092);
#490=PLANE('',#6093);
#491=PLANE('',#6094);
#492=PLANE('',#6095);
#493=PLANE('',#6096);
#494=PLANE('',#6097);
#495=PLANE('',#6098);
#496=PLANE('',#6099);
#497=PLANE('',#6100);
#498=PLANE('',#6101);
#499=PLANE('',#6102);
#500=PLANE('',#6103);
#501=PLANE('',#6104);
#502=PLANE('',#6105);
#503=PLANE('',#6106);
#504=PLANE('',#6107);
#505=PLANE('',#6108);
#506=PLANE('',#6109);
#507=PLANE('',#6110);
#508=PLANE('',#6111);
#509=PLANE('',#6112);
#510=PLANE('',#6113);
#511=PLANE('',#6114);
#512=PLANE('',#6115);
#513=PLANE('',#6116);
#514=PLANE('',#6117);
#515=PLANE('',#6118);
#516=PLANE('',#6119);
#517=PLANE('',#6120);
#518=PLANE('',#6121);
#519=PLANE('',#6122);
#520=PLANE('',#6123);
#521=PLANE('',#6124);
#522=PLANE('',#6125);
#523=PLANE('',#6126);
#524=PLANE('',#6127);
#525=PLANE('',#6128);
#526=PLANE('',#6129);
#527=PLANE('',#6130);
#528=PLANE('',#6131);
#529=PLANE('',#6132);
#530=PLANE('',#6133);
#531=PLANE('',#6134);
#532=PLANE('',#6135);
#533=PLANE('',#6136);
#534=PLANE('',#6137);
#535=PLANE('',#6138);
#536=PLANE('',#6139);
#537=PLANE('',#6140);
#538=PLANE('',#6141);
#539=PLANE('',#6142);
#540=PLANE('',#6143);
#541=PLANE('',#6144);
#542=PLANE('',#6145);
#543=PLANE('',#6146);
#544=PLANE('',#6147);
#545=PLANE('',#6148);
#546=PLANE('',#6149);
#547=PLANE('',#6150);
#548=PLANE('',#6151);
#549=PLANE('',#6152);
#550=PLANE('',#6153);
#551=PLANE('',#6154);
#552=PLANE('',#6155);
#553=PLANE('',#6156);
#554=PLANE('',#6157);
#555=PLANE('',#6158);
#556=PLANE('',#6159);
#557=PLANE('',#6160);
#558=PLANE('',#6161);
#559=PLANE('',#6162);
#560=PLANE('',#6163);
#561=PLANE('',#6164);
#562=PLANE('',#6165);
#563=PLANE('',#6166);
#564=PLANE('',#6167);
#565=PLANE('',#6168);
#566=PLANE('',#6169);
#567=PLANE('',#6170);
#568=PLANE('',#6171);
#569=PLANE('',#6173);
#570=PLANE('',#6174);
#571=PLANE('',#6175);
#572=PLANE('',#6176);
#573=PLANE('',#6178);
#574=PLANE('',#6179);
#575=PLANE('',#6180);
#576=PLANE('',#6181);
#577=PLANE('',#6182);
#578=PLANE('',#6183);
#579=PLANE('',#6184);
#580=PLANE('',#6185);
#581=PLANE('',#6186);
#582=PLANE('',#6187);
#583=PLANE('',#6188);
#584=PLANE('',#6189);
#585=PLANE('',#6190);
#586=PLANE('',#6191);
#587=PLANE('',#6192);
#588=PLANE('',#6193);
#589=PLANE('',#6194);
#590=PLANE('',#6195);
#591=PLANE('',#6196);
#592=PLANE('',#6197);
#593=PLANE('',#6198);
#594=PLANE('',#6199);
#595=PLANE('',#6200);
#596=PLANE('',#6201);
#597=PLANE('',#6202);
#598=PLANE('',#6203);
#599=PLANE('',#6204);
#600=PLANE('',#6205);
#601=PLANE('',#6206);
#602=PLANE('',#6207);
#603=PLANE('',#6208);
#604=PLANE('',#6209);
#605=PLANE('',#6210);
#606=PLANE('',#6211);
#607=PLANE('',#6212);
#608=PLANE('',#6213);
#609=PLANE('',#6214);
#610=PLANE('',#6215);
#611=PLANE('',#6216);
#612=PLANE('',#6217);
#613=PLANE('',#6218);
#614=PLANE('',#6219);
#615=PLANE('',#6220);
#616=PLANE('',#6221);
#617=PLANE('',#6222);
#618=PLANE('',#6223);
#619=PLANE('',#6224);
#620=PLANE('',#6225);
#621=PLANE('',#6226);
#622=PLANE('',#6227);
#623=PLANE('',#6228);
#624=PLANE('',#6229);
#625=PLANE('',#6230);
#626=PLANE('',#6231);
#627=PLANE('',#6232);
#628=PLANE('',#6233);
#629=PLANE('',#6234);
#630=PLANE('',#6235);
#631=PLANE('',#6236);
#632=PLANE('',#6237);
#633=PLANE('',#6238);
#634=PLANE('',#6239);
#635=PLANE('',#6240);
#636=PLANE('',#6241);
#637=PLANE('',#6242);
#638=PLANE('',#6243);
#639=PLANE('',#6244);
#640=PLANE('',#6245);
#641=PLANE('',#6246);
#642=PLANE('',#6247);
#643=PLANE('',#6248);
#644=PLANE('',#6249);
#645=PLANE('',#6250);
#646=PLANE('',#6251);
#647=PLANE('',#6252);
#648=PLANE('',#6253);
#649=PLANE('',#6254);
#650=PLANE('',#6255);
#651=PLANE('',#6256);
#652=PLANE('',#6257);
#653=PLANE('',#6258);
#654=PLANE('',#6259);
#655=PLANE('',#6260);
#656=PLANE('',#6261);
#657=PLANE('',#6262);
#658=PLANE('',#6263);
#659=PLANE('',#6264);
#660=PLANE('',#6265);
#661=PLANE('',#6266);
#662=PLANE('',#6267);
#663=PLANE('',#6268);
#664=PLANE('',#6269);
#665=PLANE('',#6270);
#666=PLANE('',#6271);
#667=PLANE('',#6272);
#668=PLANE('',#6273);
#669=PLANE('',#6274);
#670=PLANE('',#6275);
#671=PLANE('',#6276);
#672=PLANE('',#6277);
#673=PLANE('',#6278);
#674=PLANE('',#6279);
#675=PLANE('',#6280);
#676=PLANE('',#6281);
#677=PLANE('',#6282);
#678=PLANE('',#6283);
#679=PLANE('',#6284);
#680=PLANE('',#6285);
#681=PLANE('',#6286);
#682=PLANE('',#6287);
#683=PLANE('',#6288);
#684=PLANE('',#6289);
#685=PLANE('',#6290);
#686=PLANE('',#6291);
#687=PLANE('',#6292);
#688=PLANE('',#6293);
#689=PLANE('',#6294);
#690=PLANE('',#6295);
#691=PLANE('',#6296);
#692=PLANE('',#6297);
#693=PLANE('',#6298);
#694=PLANE('',#6299);
#695=PLANE('',#6300);
#696=PLANE('',#6301);
#697=PLANE('',#6302);
#698=PLANE('',#6303);
#699=PLANE('',#6304);
#700=PLANE('',#6305);
#701=PLANE('',#6306);
#702=PLANE('',#6307);
#703=PLANE('',#6308);
#704=PLANE('',#6309);
#705=PLANE('',#6310);
#706=PLANE('',#6311);
#707=PLANE('',#6312);
#708=PLANE('',#6313);
#709=PLANE('',#6314);
#710=PLANE('',#6315);
#711=PLANE('',#6316);
#712=PLANE('',#6317);
#713=PLANE('',#6318);
#714=PLANE('',#6319);
#715=PLANE('',#6320);
#716=PLANE('',#6321);
#717=PLANE('',#6322);
#718=PLANE('',#6323);
#719=PLANE('',#6324);
#720=PLANE('',#6325);
#721=PLANE('',#6326);
#722=PLANE('',#6327);
#723=PLANE('',#6328);
#724=PLANE('',#6329);
#725=PLANE('',#6330);
#726=PLANE('',#6331);
#727=PLANE('',#6332);
#728=PLANE('',#6333);
#729=PLANE('',#6334);
#730=PLANE('',#6335);
#731=PLANE('',#6336);
#732=PLANE('',#6337);
#733=PLANE('',#6338);
#734=PLANE('',#6339);
#735=PLANE('',#6340);
#736=PLANE('',#6341);
#737=PLANE('',#6342);
#738=PLANE('',#6343);
#739=PLANE('',#6344);
#740=PLANE('',#6345);
#741=PLANE('',#6346);
#742=PLANE('',#6347);
#743=PLANE('',#6348);
#744=PLANE('',#6349);
#745=PLANE('',#6350);
#746=PLANE('',#6351);
#747=PLANE('',#6352);
#748=PLANE('',#6353);
#749=PLANE('',#6354);
#750=PLANE('',#6355);
#751=PLANE('',#6356);
#752=PLANE('',#6357);
#753=PLANE('',#6358);
#754=PLANE('',#6359);
#755=PLANE('',#6360);
#756=PLANE('',#6361);
#757=PLANE('',#6362);
#758=PLANE('',#6363);
#759=PLANE('',#6364);
#760=PLANE('',#6365);
#761=PLANE('',#6366);
#762=PLANE('',#6367);
#763=PLANE('',#6368);
#764=PLANE('',#6369);
#765=PLANE('',#6370);
#766=PLANE('',#6371);
#767=PLANE('',#6372);
#768=PLANE('',#6373);
#769=PLANE('',#6374);
#770=PLANE('',#6375);
#771=PLANE('',#6376);
#772=PLANE('',#6377);
#773=PLANE('',#6378);
#774=PLANE('',#6379);
#775=PLANE('',#6380);
#776=PLANE('',#6381);
#777=PLANE('',#6382);
#778=PLANE('',#6383);
#779=PLANE('',#6384);
#780=PLANE('',#6385);
#781=PLANE('',#6386);
#782=PLANE('',#6387);
#783=PLANE('',#6388);
#784=PLANE('',#6389);
#785=PLANE('',#6390);
#786=PLANE('',#6391);
#787=PLANE('',#6392);
#788=PLANE('',#6393);
#789=PLANE('',#6394);
#790=PLANE('',#6395);
#791=PLANE('',#6396);
#792=PLANE('',#6397);
#793=PLANE('',#6400);
#794=PLANE('',#6401);
#795=PLANE('',#6402);
#796=PLANE('',#6405);
#797=PLANE('',#6409);
#798=PLANE('',#6412);
#799=PLANE('',#6415);
#800=PLANE('',#6416);
#801=PLANE('',#6417);
#802=FACE_OUTER_BOUND('',#1136,.T.);
#803=FACE_OUTER_BOUND('',#1137,.T.);
#804=FACE_OUTER_BOUND('',#1138,.T.);
#805=FACE_OUTER_BOUND('',#1139,.T.);
#806=FACE_OUTER_BOUND('',#1140,.T.);
#807=FACE_OUTER_BOUND('',#1141,.T.);
#808=FACE_OUTER_BOUND('',#1142,.T.);
#809=FACE_OUTER_BOUND('',#1158,.T.);
#810=FACE_OUTER_BOUND('',#1159,.T.);
#811=FACE_OUTER_BOUND('',#1160,.T.);
#812=FACE_OUTER_BOUND('',#1176,.T.);
#813=FACE_OUTER_BOUND('',#1177,.T.);
#814=FACE_OUTER_BOUND('',#1178,.T.);
#815=FACE_OUTER_BOUND('',#1179,.T.);
#816=FACE_OUTER_BOUND('',#1180,.T.);
#817=FACE_OUTER_BOUND('',#1181,.T.);
#818=FACE_OUTER_BOUND('',#1182,.T.);
#819=FACE_OUTER_BOUND('',#1183,.T.);
#820=FACE_OUTER_BOUND('',#1184,.T.);
#821=FACE_OUTER_BOUND('',#1185,.T.);
#822=FACE_OUTER_BOUND('',#1186,.T.);
#823=FACE_OUTER_BOUND('',#1187,.T.);
#824=FACE_OUTER_BOUND('',#1188,.T.);
#825=FACE_OUTER_BOUND('',#1189,.T.);
#826=FACE_OUTER_BOUND('',#1190,.T.);
#827=FACE_OUTER_BOUND('',#1191,.T.);
#828=FACE_OUTER_BOUND('',#1192,.T.);
#829=FACE_OUTER_BOUND('',#1193,.T.);
#830=FACE_OUTER_BOUND('',#1194,.T.);
#831=FACE_OUTER_BOUND('',#1195,.T.);
#832=FACE_OUTER_BOUND('',#1196,.T.);
#833=FACE_OUTER_BOUND('',#1197,.T.);
#834=FACE_OUTER_BOUND('',#1198,.T.);
#835=FACE_OUTER_BOUND('',#1199,.T.);
#836=FACE_OUTER_BOUND('',#1200,.T.);
#837=FACE_OUTER_BOUND('',#1201,.T.);
#838=FACE_OUTER_BOUND('',#1202,.T.);
#839=FACE_OUTER_BOUND('',#1203,.T.);
#840=FACE_OUTER_BOUND('',#1204,.T.);
#841=FACE_OUTER_BOUND('',#1205,.T.);
#842=FACE_OUTER_BOUND('',#1206,.T.);
#843=FACE_OUTER_BOUND('',#1207,.T.);
#844=FACE_OUTER_BOUND('',#1210,.T.);
#845=FACE_OUTER_BOUND('',#1211,.T.);
#846=FACE_OUTER_BOUND('',#1212,.T.);
#847=FACE_OUTER_BOUND('',#1213,.T.);
#848=FACE_OUTER_BOUND('',#1216,.T.);
#849=FACE_OUTER_BOUND('',#1217,.T.);
#850=FACE_OUTER_BOUND('',#1218,.T.);
#851=FACE_OUTER_BOUND('',#1219,.T.);
#852=FACE_OUTER_BOUND('',#1220,.T.);
#853=FACE_OUTER_BOUND('',#1223,.T.);
#854=FACE_OUTER_BOUND('',#1224,.T.);
#855=FACE_OUTER_BOUND('',#1225,.T.);
#856=FACE_OUTER_BOUND('',#1226,.T.);
#857=FACE_OUTER_BOUND('',#1227,.T.);
#858=FACE_OUTER_BOUND('',#1230,.T.);
#859=FACE_OUTER_BOUND('',#1231,.T.);
#860=FACE_OUTER_BOUND('',#1232,.T.);
#861=FACE_OUTER_BOUND('',#1233,.T.);
#862=FACE_OUTER_BOUND('',#1234,.T.);
#863=FACE_OUTER_BOUND('',#1237,.T.);
#864=FACE_OUTER_BOUND('',#1238,.T.);
#865=FACE_OUTER_BOUND('',#1239,.T.);
#866=FACE_OUTER_BOUND('',#1240,.T.);
#867=FACE_OUTER_BOUND('',#1241,.T.);
#868=FACE_OUTER_BOUND('',#1244,.T.);
#869=FACE_OUTER_BOUND('',#1245,.T.);
#870=FACE_OUTER_BOUND('',#1246,.T.);
#871=FACE_OUTER_BOUND('',#1247,.T.);
#872=FACE_OUTER_BOUND('',#1248,.T.);
#873=FACE_OUTER_BOUND('',#1251,.T.);
#874=FACE_OUTER_BOUND('',#1252,.T.);
#875=FACE_OUTER_BOUND('',#1253,.T.);
#876=FACE_OUTER_BOUND('',#1254,.T.);
#877=FACE_OUTER_BOUND('',#1255,.T.);
#878=FACE_OUTER_BOUND('',#1258,.T.);
#879=FACE_OUTER_BOUND('',#1259,.T.);
#880=FACE_OUTER_BOUND('',#1260,.T.);
#881=FACE_OUTER_BOUND('',#1261,.T.);
#882=FACE_OUTER_BOUND('',#1262,.T.);
#883=FACE_OUTER_BOUND('',#1265,.T.);
#884=FACE_OUTER_BOUND('',#1266,.T.);
#885=FACE_OUTER_BOUND('',#1267,.T.);
#886=FACE_OUTER_BOUND('',#1268,.T.);
#887=FACE_OUTER_BOUND('',#1271,.T.);
#888=FACE_OUTER_BOUND('',#1272,.T.);
#889=FACE_OUTER_BOUND('',#1273,.T.);
#890=FACE_OUTER_BOUND('',#1274,.T.);
#891=FACE_OUTER_BOUND('',#1275,.T.);
#892=FACE_OUTER_BOUND('',#1278,.T.);
#893=FACE_OUTER_BOUND('',#1279,.T.);
#894=FACE_OUTER_BOUND('',#1280,.T.);
#895=FACE_OUTER_BOUND('',#1281,.T.);
#896=FACE_OUTER_BOUND('',#1282,.T.);
#897=FACE_OUTER_BOUND('',#1285,.T.);
#898=FACE_OUTER_BOUND('',#1286,.T.);
#899=FACE_OUTER_BOUND('',#1287,.T.);
#900=FACE_OUTER_BOUND('',#1288,.T.);
#901=FACE_OUTER_BOUND('',#1289,.T.);
#902=FACE_OUTER_BOUND('',#1290,.T.);
#903=FACE_OUTER_BOUND('',#1291,.T.);
#904=FACE_OUTER_BOUND('',#1292,.T.);
#905=FACE_OUTER_BOUND('',#1293,.T.);
#906=FACE_OUTER_BOUND('',#1294,.T.);
#907=FACE_OUTER_BOUND('',#1295,.T.);
#908=FACE_OUTER_BOUND('',#1296,.T.);
#909=FACE_OUTER_BOUND('',#1297,.T.);
#910=FACE_OUTER_BOUND('',#1298,.T.);
#911=FACE_OUTER_BOUND('',#1299,.T.);
#912=FACE_OUTER_BOUND('',#1300,.T.);
#913=FACE_OUTER_BOUND('',#1301,.T.);
#914=FACE_OUTER_BOUND('',#1302,.T.);
#915=FACE_OUTER_BOUND('',#1303,.T.);
#916=FACE_OUTER_BOUND('',#1304,.T.);
#917=FACE_OUTER_BOUND('',#1305,.T.);
#918=FACE_OUTER_BOUND('',#1306,.T.);
#919=FACE_OUTER_BOUND('',#1307,.T.);
#920=FACE_OUTER_BOUND('',#1308,.T.);
#921=FACE_OUTER_BOUND('',#1309,.T.);
#922=FACE_OUTER_BOUND('',#1310,.T.);
#923=FACE_OUTER_BOUND('',#1311,.T.);
#924=FACE_OUTER_BOUND('',#1312,.T.);
#925=FACE_OUTER_BOUND('',#1313,.T.);
#926=FACE_OUTER_BOUND('',#1314,.T.);
#927=FACE_OUTER_BOUND('',#1315,.T.);
#928=FACE_OUTER_BOUND('',#1316,.T.);
#929=FACE_OUTER_BOUND('',#1317,.T.);
#930=FACE_OUTER_BOUND('',#1318,.T.);
#931=FACE_OUTER_BOUND('',#1319,.T.);
#932=FACE_OUTER_BOUND('',#1320,.T.);
#933=FACE_OUTER_BOUND('',#1321,.T.);
#934=FACE_OUTER_BOUND('',#1322,.T.);
#935=FACE_OUTER_BOUND('',#1323,.T.);
#936=FACE_OUTER_BOUND('',#1324,.T.);
#937=FACE_OUTER_BOUND('',#1325,.T.);
#938=FACE_OUTER_BOUND('',#1326,.T.);
#939=FACE_OUTER_BOUND('',#1327,.T.);
#940=FACE_OUTER_BOUND('',#1328,.T.);
#941=FACE_OUTER_BOUND('',#1329,.T.);
#942=FACE_OUTER_BOUND('',#1330,.T.);
#943=FACE_OUTER_BOUND('',#1331,.T.);
#944=FACE_OUTER_BOUND('',#1332,.T.);
#945=FACE_OUTER_BOUND('',#1333,.T.);
#946=FACE_OUTER_BOUND('',#1334,.T.);
#947=FACE_OUTER_BOUND('',#1335,.T.);
#948=FACE_OUTER_BOUND('',#1336,.T.);
#949=FACE_OUTER_BOUND('',#1337,.T.);
#950=FACE_OUTER_BOUND('',#1338,.T.);
#951=FACE_OUTER_BOUND('',#1339,.T.);
#952=FACE_OUTER_BOUND('',#1340,.T.);
#953=FACE_OUTER_BOUND('',#1341,.T.);
#954=FACE_OUTER_BOUND('',#1342,.T.);
#955=FACE_OUTER_BOUND('',#1343,.T.);
#956=FACE_OUTER_BOUND('',#1344,.T.);
#957=FACE_OUTER_BOUND('',#1345,.T.);
#958=FACE_OUTER_BOUND('',#1346,.T.);
#959=FACE_OUTER_BOUND('',#1347,.T.);
#960=FACE_OUTER_BOUND('',#1348,.T.);
#961=FACE_OUTER_BOUND('',#1349,.T.);
#962=FACE_OUTER_BOUND('',#1350,.T.);
#963=FACE_OUTER_BOUND('',#1351,.T.);
#964=FACE_OUTER_BOUND('',#1352,.T.);
#965=FACE_OUTER_BOUND('',#1353,.T.);
#966=FACE_OUTER_BOUND('',#1354,.T.);
#967=FACE_OUTER_BOUND('',#1355,.T.);
#968=FACE_OUTER_BOUND('',#1356,.T.);
#969=FACE_OUTER_BOUND('',#1357,.T.);
#970=FACE_OUTER_BOUND('',#1358,.T.);
#971=FACE_OUTER_BOUND('',#1359,.T.);
#972=FACE_OUTER_BOUND('',#1360,.T.);
#973=FACE_OUTER_BOUND('',#1361,.T.);
#974=FACE_OUTER_BOUND('',#1362,.T.);
#975=FACE_OUTER_BOUND('',#1363,.T.);
#976=FACE_OUTER_BOUND('',#1364,.T.);
#977=FACE_OUTER_BOUND('',#1365,.T.);
#978=FACE_OUTER_BOUND('',#1366,.T.);
#979=FACE_OUTER_BOUND('',#1367,.T.);
#980=FACE_OUTER_BOUND('',#1368,.T.);
#981=FACE_OUTER_BOUND('',#1369,.T.);
#982=FACE_OUTER_BOUND('',#1370,.T.);
#983=FACE_OUTER_BOUND('',#1371,.T.);
#984=FACE_OUTER_BOUND('',#1372,.T.);
#985=FACE_OUTER_BOUND('',#1373,.T.);
#986=FACE_OUTER_BOUND('',#1374,.T.);
#987=FACE_OUTER_BOUND('',#1375,.T.);
#988=FACE_OUTER_BOUND('',#1376,.T.);
#989=FACE_OUTER_BOUND('',#1377,.T.);
#990=FACE_OUTER_BOUND('',#1378,.T.);
#991=FACE_OUTER_BOUND('',#1379,.T.);
#992=FACE_OUTER_BOUND('',#1380,.T.);
#993=FACE_OUTER_BOUND('',#1381,.T.);
#994=FACE_OUTER_BOUND('',#1382,.T.);
#995=FACE_OUTER_BOUND('',#1383,.T.);
#996=FACE_OUTER_BOUND('',#1384,.T.);
#997=FACE_OUTER_BOUND('',#1385,.T.);
#998=FACE_OUTER_BOUND('',#1386,.T.);
#999=FACE_OUTER_BOUND('',#1387,.T.);
#1000=FACE_OUTER_BOUND('',#1388,.T.);
#1001=FACE_OUTER_BOUND('',#1389,.T.);
#1002=FACE_OUTER_BOUND('',#1390,.T.);
#1003=FACE_OUTER_BOUND('',#1391,.T.);
#1004=FACE_OUTER_BOUND('',#1392,.T.);
#1005=FACE_OUTER_BOUND('',#1393,.T.);
#1006=FACE_OUTER_BOUND('',#1394,.T.);
#1007=FACE_OUTER_BOUND('',#1395,.T.);
#1008=FACE_OUTER_BOUND('',#1396,.T.);
#1009=FACE_OUTER_BOUND('',#1397,.T.);
#1010=FACE_OUTER_BOUND('',#1398,.T.);
#1011=FACE_OUTER_BOUND('',#1399,.T.);
#1012=FACE_OUTER_BOUND('',#1400,.T.);
#1013=FACE_OUTER_BOUND('',#1401,.T.);
#1014=FACE_OUTER_BOUND('',#1402,.T.);
#1015=FACE_OUTER_BOUND('',#1403,.T.);
#1016=FACE_OUTER_BOUND('',#1404,.T.);
#1017=FACE_OUTER_BOUND('',#1405,.T.);
#1018=FACE_OUTER_BOUND('',#1406,.T.);
#1019=FACE_OUTER_BOUND('',#1407,.T.);
#1020=FACE_OUTER_BOUND('',#1408,.T.);
#1021=FACE_OUTER_BOUND('',#1409,.T.);
#1022=FACE_OUTER_BOUND('',#1410,.T.);
#1023=FACE_OUTER_BOUND('',#1411,.T.);
#1024=FACE_OUTER_BOUND('',#1412,.T.);
#1025=FACE_OUTER_BOUND('',#1413,.T.);
#1026=FACE_OUTER_BOUND('',#1414,.T.);
#1027=FACE_OUTER_BOUND('',#1415,.T.);
#1028=FACE_OUTER_BOUND('',#1416,.T.);
#1029=FACE_OUTER_BOUND('',#1417,.T.);
#1030=FACE_OUTER_BOUND('',#1418,.T.);
#1031=FACE_OUTER_BOUND('',#1419,.T.);
#1032=FACE_OUTER_BOUND('',#1420,.T.);
#1033=FACE_OUTER_BOUND('',#1421,.T.);
#1034=FACE_OUTER_BOUND('',#1422,.T.);
#1035=FACE_OUTER_BOUND('',#1423,.T.);
#1036=FACE_OUTER_BOUND('',#1424,.T.);
#1037=FACE_OUTER_BOUND('',#1425,.T.);
#1038=FACE_OUTER_BOUND('',#1426,.T.);
#1039=FACE_OUTER_BOUND('',#1427,.T.);
#1040=FACE_OUTER_BOUND('',#1428,.T.);
#1041=FACE_OUTER_BOUND('',#1429,.T.);
#1042=FACE_OUTER_BOUND('',#1430,.T.);
#1043=FACE_OUTER_BOUND('',#1431,.T.);
#1044=FACE_OUTER_BOUND('',#1432,.T.);
#1045=FACE_OUTER_BOUND('',#1433,.T.);
#1046=FACE_OUTER_BOUND('',#1434,.T.);
#1047=FACE_OUTER_BOUND('',#1435,.T.);
#1048=FACE_OUTER_BOUND('',#1436,.T.);
#1049=FACE_OUTER_BOUND('',#1437,.T.);
#1050=FACE_OUTER_BOUND('',#1438,.T.);
#1051=FACE_OUTER_BOUND('',#1439,.T.);
#1052=FACE_OUTER_BOUND('',#1440,.T.);
#1053=FACE_OUTER_BOUND('',#1441,.T.);
#1054=FACE_OUTER_BOUND('',#1442,.T.);
#1055=FACE_OUTER_BOUND('',#1443,.T.);
#1056=FACE_OUTER_BOUND('',#1444,.T.);
#1057=FACE_OUTER_BOUND('',#1445,.T.);
#1058=FACE_OUTER_BOUND('',#1446,.T.);
#1059=FACE_OUTER_BOUND('',#1447,.T.);
#1060=FACE_OUTER_BOUND('',#1448,.T.);
#1061=FACE_OUTER_BOUND('',#1449,.T.);
#1062=FACE_OUTER_BOUND('',#1450,.T.);
#1063=FACE_OUTER_BOUND('',#1451,.T.);
#1064=FACE_OUTER_BOUND('',#1452,.T.);
#1065=FACE_OUTER_BOUND('',#1453,.T.);
#1066=FACE_OUTER_BOUND('',#1454,.T.);
#1067=FACE_OUTER_BOUND('',#1455,.T.);
#1068=FACE_OUTER_BOUND('',#1456,.T.);
#1069=FACE_OUTER_BOUND('',#1457,.T.);
#1070=FACE_OUTER_BOUND('',#1458,.T.);
#1071=FACE_OUTER_BOUND('',#1459,.T.);
#1072=FACE_OUTER_BOUND('',#1460,.T.);
#1073=FACE_OUTER_BOUND('',#1461,.T.);
#1074=FACE_OUTER_BOUND('',#1462,.T.);
#1075=FACE_OUTER_BOUND('',#1463,.T.);
#1076=FACE_OUTER_BOUND('',#1464,.T.);
#1077=FACE_OUTER_BOUND('',#1465,.T.);
#1078=FACE_OUTER_BOUND('',#1466,.T.);
#1079=FACE_OUTER_BOUND('',#1467,.T.);
#1080=FACE_OUTER_BOUND('',#1468,.T.);
#1081=FACE_OUTER_BOUND('',#1469,.T.);
#1082=FACE_OUTER_BOUND('',#1470,.T.);
#1083=FACE_OUTER_BOUND('',#1471,.T.);
#1084=FACE_OUTER_BOUND('',#1472,.T.);
#1085=FACE_OUTER_BOUND('',#1473,.T.);
#1086=FACE_OUTER_BOUND('',#1474,.T.);
#1087=FACE_OUTER_BOUND('',#1475,.T.);
#1088=FACE_OUTER_BOUND('',#1476,.T.);
#1089=FACE_OUTER_BOUND('',#1477,.T.);
#1090=FACE_OUTER_BOUND('',#1478,.T.);
#1091=FACE_OUTER_BOUND('',#1479,.T.);
#1092=FACE_OUTER_BOUND('',#1480,.T.);
#1093=FACE_OUTER_BOUND('',#1481,.T.);
#1094=FACE_OUTER_BOUND('',#1482,.T.);
#1095=FACE_OUTER_BOUND('',#1483,.T.);
#1096=FACE_OUTER_BOUND('',#1484,.T.);
#1097=FACE_OUTER_BOUND('',#1485,.T.);
#1098=FACE_OUTER_BOUND('',#1486,.T.);
#1099=FACE_OUTER_BOUND('',#1487,.T.);
#1100=FACE_OUTER_BOUND('',#1488,.T.);
#1101=FACE_OUTER_BOUND('',#1489,.T.);
#1102=FACE_OUTER_BOUND('',#1490,.T.);
#1103=FACE_OUTER_BOUND('',#1491,.T.);
#1104=FACE_OUTER_BOUND('',#1492,.T.);
#1105=FACE_OUTER_BOUND('',#1493,.T.);
#1106=FACE_OUTER_BOUND('',#1494,.T.);
#1107=FACE_OUTER_BOUND('',#1495,.T.);
#1108=FACE_OUTER_BOUND('',#1496,.T.);
#1109=FACE_OUTER_BOUND('',#1497,.T.);
#1110=FACE_OUTER_BOUND('',#1498,.T.);
#1111=FACE_OUTER_BOUND('',#1499,.T.);
#1112=FACE_OUTER_BOUND('',#1500,.T.);
#1113=FACE_OUTER_BOUND('',#1501,.T.);
#1114=FACE_OUTER_BOUND('',#1502,.T.);
#1115=FACE_OUTER_BOUND('',#1503,.T.);
#1116=FACE_OUTER_BOUND('',#1504,.T.);
#1117=FACE_OUTER_BOUND('',#1505,.T.);
#1118=FACE_OUTER_BOUND('',#1506,.T.);
#1119=FACE_OUTER_BOUND('',#1507,.T.);
#1120=FACE_OUTER_BOUND('',#1508,.T.);
#1121=FACE_OUTER_BOUND('',#1509,.T.);
#1122=FACE_OUTER_BOUND('',#1510,.T.);
#1123=FACE_OUTER_BOUND('',#1511,.T.);
#1124=FACE_OUTER_BOUND('',#1512,.T.);
#1125=FACE_OUTER_BOUND('',#1513,.T.);
#1126=FACE_OUTER_BOUND('',#1514,.T.);
#1127=FACE_OUTER_BOUND('',#1515,.T.);
#1128=FACE_OUTER_BOUND('',#1516,.T.);
#1129=FACE_OUTER_BOUND('',#1517,.T.);
#1130=FACE_OUTER_BOUND('',#1518,.T.);
#1131=FACE_OUTER_BOUND('',#1519,.T.);
#1132=FACE_OUTER_BOUND('',#1520,.T.);
#1133=FACE_OUTER_BOUND('',#1521,.T.);
#1134=FACE_OUTER_BOUND('',#1522,.T.);
#1135=FACE_OUTER_BOUND('',#1523,.T.);
#1136=EDGE_LOOP('',(#1524,#1525,#1526,#1527,#1528,#1529,#1530,#1531,#1532,
#1533));
#1137=EDGE_LOOP('',(#1534,#1535,#1536,#1537));
#1138=EDGE_LOOP('',(#1538,#1539,#1540,#1541));
#1139=EDGE_LOOP('',(#1542,#1543,#1544,#1545));
#1140=EDGE_LOOP('',(#1546,#1547,#1548,#1549));
#1141=EDGE_LOOP('',(#1550,#1551,#1552,#1553,#1554));
#1142=EDGE_LOOP('',(#1555,#1556,#1557,#1558,#1559));
#1143=EDGE_LOOP('',(#1560,#1561,#1562,#1563));
#1144=EDGE_LOOP('',(#1564,#1565,#1566,#1567));
#1145=EDGE_LOOP('',(#1568,#1569,#1570,#1571));
#1146=EDGE_LOOP('',(#1572,#1573,#1574,#1575));
#1147=EDGE_LOOP('',(#1576,#1577,#1578,#1579));
#1148=EDGE_LOOP('',(#1580,#1581,#1582,#1583));
#1149=EDGE_LOOP('',(#1584,#1585,#1586,#1587));
#1150=EDGE_LOOP('',(#1588,#1589,#1590,#1591));
#1151=EDGE_LOOP('',(#1592,#1593,#1594,#1595));
#1152=EDGE_LOOP('',(#1596,#1597,#1598,#1599));
#1153=EDGE_LOOP('',(#1600,#1601,#1602,#1603));
#1154=EDGE_LOOP('',(#1604,#1605,#1606,#1607));
#1155=EDGE_LOOP('',(#1608,#1609,#1610,#1611));
#1156=EDGE_LOOP('',(#1612,#1613,#1614,#1615));
#1157=EDGE_LOOP('',(#1616,#1617,#1618,#1619,#1620,#1621,#1622,#1623,#1624,
#1625));
#1158=EDGE_LOOP('',(#1626,#1627,#1628,#1629));
#1159=EDGE_LOOP('',(#1630,#1631,#1632,#1633));
#1160=EDGE_LOOP('',(#1634,#1635,#1636,#1637,#1638,#1639,#1640,#1641));
#1161=EDGE_LOOP('',(#1642,#1643,#1644,#1645,#1646));
#1162=EDGE_LOOP('',(#1647,#1648,#1649,#1650,#1651));
#1163=EDGE_LOOP('',(#1652,#1653,#1654,#1655));
#1164=EDGE_LOOP('',(#1656,#1657,#1658,#1659,#1660));
#1165=EDGE_LOOP('',(#1661,#1662,#1663,#1664,#1665));
#1166=EDGE_LOOP('',(#1666,#1667,#1668,#1669,#1670));
#1167=EDGE_LOOP('',(#1671,#1672,#1673,#1674,#1675));
#1168=EDGE_LOOP('',(#1676,#1677,#1678,#1679,#1680));
#1169=EDGE_LOOP('',(#1681,#1682,#1683,#1684,#1685));
#1170=EDGE_LOOP('',(#1686,#1687,#1688,#1689,#1690));
#1171=EDGE_LOOP('',(#1691,#1692,#1693,#1694));
#1172=EDGE_LOOP('',(#1695,#1696,#1697,#1698,#1699));
#1173=EDGE_LOOP('',(#1700,#1701,#1702,#1703,#1704,#1705,#1706,#1707));
#1174=EDGE_LOOP('',(#1708,#1709,#1710,#1711,#1712,#1713));
#1175=EDGE_LOOP('',(#1714,#1715,#1716,#1717));
#1176=EDGE_LOOP('',(#1718,#1719,#1720,#1721,#1722,#1723,#1724,#1725));
#1177=EDGE_LOOP('',(#1726,#1727,#1728,#1729,#1730,#1731,#1732,#1733));
#1178=EDGE_LOOP('',(#1734,#1735,#1736,#1737));
#1179=EDGE_LOOP('',(#1738,#1739,#1740,#1741));
#1180=EDGE_LOOP('',(#1742,#1743,#1744,#1745));
#1181=EDGE_LOOP('',(#1746,#1747,#1748,#1749));
#1182=EDGE_LOOP('',(#1750,#1751,#1752,#1753));
#1183=EDGE_LOOP('',(#1754,#1755,#1756,#1757,#1758));
#1184=EDGE_LOOP('',(#1759,#1760,#1761,#1762,#1763));
#1185=EDGE_LOOP('',(#1764,#1765,#1766,#1767));
#1186=EDGE_LOOP('',(#1768,#1769,#1770,#1771));
#1187=EDGE_LOOP('',(#1772,#1773,#1774));
#1188=EDGE_LOOP('',(#1775,#1776,#1777));
#1189=EDGE_LOOP('',(#1778,#1779,#1780,#1781));
#1190=EDGE_LOOP('',(#1782,#1783,#1784,#1785));
#1191=EDGE_LOOP('',(#1786,#1787,#1788));
#1192=EDGE_LOOP('',(#1789,#1790,#1791));
#1193=EDGE_LOOP('',(#1792,#1793,#1794,#1795));
#1194=EDGE_LOOP('',(#1796,#1797,#1798,#1799));
#1195=EDGE_LOOP('',(#1800,#1801,#1802,#1803));
#1196=EDGE_LOOP('',(#1804,#1805,#1806,#1807,#1808));
#1197=EDGE_LOOP('',(#1809,#1810,#1811,#1812));
#1198=EDGE_LOOP('',(#1813,#1814,#1815,#1816));
#1199=EDGE_LOOP('',(#1817,#1818,#1819,#1820));
#1200=EDGE_LOOP('',(#1821,#1822,#1823,#1824,#1825));
#1201=EDGE_LOOP('',(#1826,#1827,#1828,#1829));
#1202=EDGE_LOOP('',(#1830,#1831,#1832,#1833));
#1203=EDGE_LOOP('',(#1834,#1835,#1836,#1837));
#1204=EDGE_LOOP('',(#1838,#1839,#1840,#1841));
#1205=EDGE_LOOP('',(#1842,#1843,#1844,#1845));
#1206=EDGE_LOOP('',(#1846,#1847,#1848,#1849));
#1207=EDGE_LOOP('',(#1850,#1851,#1852,#1853));
#1208=EDGE_LOOP('',(#1854,#1855,#1856,#1857));
#1209=EDGE_LOOP('',(#1858,#1859,#1860,#1861,#1862));
#1210=EDGE_LOOP('',(#1863,#1864,#1865,#1866));
#1211=EDGE_LOOP('',(#1867,#1868,#1869,#1870));
#1212=EDGE_LOOP('',(#1871,#1872,#1873,#1874));
#1213=EDGE_LOOP('',(#1875,#1876,#1877,#1878));
#1214=EDGE_LOOP('',(#1879,#1880,#1881,#1882));
#1215=EDGE_LOOP('',(#1883,#1884,#1885,#1886));
#1216=EDGE_LOOP('',(#1887,#1888,#1889,#1890));
#1217=EDGE_LOOP('',(#1891,#1892,#1893,#1894));
#1218=EDGE_LOOP('',(#1895,#1896,#1897,#1898));
#1219=EDGE_LOOP('',(#1899,#1900,#1901,#1902));
#1220=EDGE_LOOP('',(#1903,#1904,#1905,#1906));
#1221=EDGE_LOOP('',(#1907,#1908,#1909,#1910));
#1222=EDGE_LOOP('',(#1911,#1912,#1913,#1914,#1915));
#1223=EDGE_LOOP('',(#1916,#1917,#1918,#1919));
#1224=EDGE_LOOP('',(#1920,#1921,#1922,#1923));
#1225=EDGE_LOOP('',(#1924,#1925,#1926,#1927));
#1226=EDGE_LOOP('',(#1928,#1929,#1930,#1931));
#1227=EDGE_LOOP('',(#1932,#1933,#1934,#1935));
#1228=EDGE_LOOP('',(#1936,#1937,#1938,#1939));
#1229=EDGE_LOOP('',(#1940,#1941,#1942,#1943,#1944));
#1230=EDGE_LOOP('',(#1945,#1946,#1947,#1948));
#1231=EDGE_LOOP('',(#1949,#1950,#1951,#1952));
#1232=EDGE_LOOP('',(#1953,#1954,#1955,#1956));
#1233=EDGE_LOOP('',(#1957,#1958,#1959,#1960));
#1234=EDGE_LOOP('',(#1961,#1962,#1963,#1964));
#1235=EDGE_LOOP('',(#1965,#1966,#1967,#1968));
#1236=EDGE_LOOP('',(#1969,#1970,#1971,#1972,#1973));
#1237=EDGE_LOOP('',(#1974,#1975,#1976,#1977));
#1238=EDGE_LOOP('',(#1978,#1979,#1980,#1981));
#1239=EDGE_LOOP('',(#1982,#1983,#1984,#1985));
#1240=EDGE_LOOP('',(#1986,#1987,#1988,#1989));
#1241=EDGE_LOOP('',(#1990,#1991,#1992,#1993));
#1242=EDGE_LOOP('',(#1994,#1995,#1996,#1997));
#1243=EDGE_LOOP('',(#1998,#1999,#2000,#2001,#2002));
#1244=EDGE_LOOP('',(#2003,#2004,#2005,#2006));
#1245=EDGE_LOOP('',(#2007,#2008,#2009,#2010));
#1246=EDGE_LOOP('',(#2011,#2012,#2013,#2014));
#1247=EDGE_LOOP('',(#2015,#2016,#2017,#2018));
#1248=EDGE_LOOP('',(#2019,#2020,#2021,#2022));
#1249=EDGE_LOOP('',(#2023,#2024,#2025,#2026));
#1250=EDGE_LOOP('',(#2027,#2028,#2029,#2030,#2031));
#1251=EDGE_LOOP('',(#2032,#2033,#2034,#2035));
#1252=EDGE_LOOP('',(#2036,#2037,#2038,#2039));
#1253=EDGE_LOOP('',(#2040,#2041,#2042,#2043));
#1254=EDGE_LOOP('',(#2044,#2045,#2046,#2047));
#1255=EDGE_LOOP('',(#2048,#2049,#2050,#2051));
#1256=EDGE_LOOP('',(#2052,#2053,#2054,#2055));
#1257=EDGE_LOOP('',(#2056,#2057,#2058,#2059,#2060));
#1258=EDGE_LOOP('',(#2061,#2062,#2063,#2064));
#1259=EDGE_LOOP('',(#2065,#2066,#2067,#2068));
#1260=EDGE_LOOP('',(#2069,#2070,#2071,#2072));
#1261=EDGE_LOOP('',(#2073,#2074,#2075,#2076));
#1262=EDGE_LOOP('',(#2077,#2078,#2079,#2080));
#1263=EDGE_LOOP('',(#2081,#2082,#2083,#2084));
#1264=EDGE_LOOP('',(#2085,#2086,#2087,#2088,#2089));
#1265=EDGE_LOOP('',(#2090,#2091,#2092,#2093));
#1266=EDGE_LOOP('',(#2094,#2095,#2096,#2097));
#1267=EDGE_LOOP('',(#2098,#2099,#2100,#2101));
#1268=EDGE_LOOP('',(#2102,#2103,#2104,#2105));
#1269=EDGE_LOOP('',(#2106,#2107,#2108,#2109));
#1270=EDGE_LOOP('',(#2110,#2111,#2112,#2113));
#1271=EDGE_LOOP('',(#2114,#2115,#2116,#2117));
#1272=EDGE_LOOP('',(#2118,#2119,#2120,#2121));
#1273=EDGE_LOOP('',(#2122,#2123,#2124,#2125));
#1274=EDGE_LOOP('',(#2126,#2127,#2128,#2129));
#1275=EDGE_LOOP('',(#2130,#2131,#2132,#2133));
#1276=EDGE_LOOP('',(#2134,#2135,#2136,#2137));
#1277=EDGE_LOOP('',(#2138,#2139,#2140,#2141,#2142));
#1278=EDGE_LOOP('',(#2143,#2144,#2145,#2146));
#1279=EDGE_LOOP('',(#2147,#2148,#2149,#2150));
#1280=EDGE_LOOP('',(#2151,#2152,#2153,#2154));
#1281=EDGE_LOOP('',(#2155,#2156,#2157,#2158));
#1282=EDGE_LOOP('',(#2159,#2160,#2161,#2162));
#1283=EDGE_LOOP('',(#2163,#2164,#2165,#2166));
#1284=EDGE_LOOP('',(#2167,#2168,#2169,#2170,#2171));
#1285=EDGE_LOOP('',(#2172,#2173,#2174,#2175,#2176));
#1286=EDGE_LOOP('',(#2177,#2178,#2179,#2180,#2181));
#1287=EDGE_LOOP('',(#2182,#2183,#2184,#2185,#2186,#2187,#2188,#2189,#2190,
#2191));
#1288=EDGE_LOOP('',(#2192,#2193,#2194,#2195));
#1289=EDGE_LOOP('',(#2196,#2197,#2198,#2199));
#1290=EDGE_LOOP('',(#2200,#2201,#2202,#2203,#2204));
#1291=EDGE_LOOP('',(#2205,#2206,#2207,#2208,#2209));
#1292=EDGE_LOOP('',(#2210,#2211,#2212,#2213));
#1293=EDGE_LOOP('',(#2214,#2215,#2216,#2217));
#1294=EDGE_LOOP('',(#2218,#2219,#2220,#2221));
#1295=EDGE_LOOP('',(#2222,#2223,#2224,#2225));
#1296=EDGE_LOOP('',(#2226,#2227,#2228,#2229));
#1297=EDGE_LOOP('',(#2230,#2231,#2232,#2233));
#1298=EDGE_LOOP('',(#2234,#2235,#2236,#2237));
#1299=EDGE_LOOP('',(#2238,#2239,#2240,#2241));
#1300=EDGE_LOOP('',(#2242,#2243,#2244,#2245));
#1301=EDGE_LOOP('',(#2246,#2247,#2248,#2249));
#1302=EDGE_LOOP('',(#2250,#2251,#2252,#2253));
#1303=EDGE_LOOP('',(#2254,#2255,#2256,#2257));
#1304=EDGE_LOOP('',(#2258,#2259,#2260,#2261));
#1305=EDGE_LOOP('',(#2262,#2263,#2264,#2265));
#1306=EDGE_LOOP('',(#2266,#2267,#2268,#2269));
#1307=EDGE_LOOP('',(#2270,#2271,#2272,#2273));
#1308=EDGE_LOOP('',(#2274,#2275,#2276,#2277));
#1309=EDGE_LOOP('',(#2278,#2279,#2280,#2281));
#1310=EDGE_LOOP('',(#2282,#2283,#2284,#2285));
#1311=EDGE_LOOP('',(#2286,#2287,#2288,#2289));
#1312=EDGE_LOOP('',(#2290,#2291,#2292,#2293));
#1313=EDGE_LOOP('',(#2294,#2295,#2296,#2297));
#1314=EDGE_LOOP('',(#2298,#2299,#2300,#2301));
#1315=EDGE_LOOP('',(#2302,#2303,#2304,#2305));
#1316=EDGE_LOOP('',(#2306,#2307,#2308,#2309));
#1317=EDGE_LOOP('',(#2310,#2311,#2312,#2313));
#1318=EDGE_LOOP('',(#2314,#2315,#2316,#2317));
#1319=EDGE_LOOP('',(#2318,#2319,#2320,#2321));
#1320=EDGE_LOOP('',(#2322,#2323,#2324,#2325));
#1321=EDGE_LOOP('',(#2326,#2327,#2328,#2329));
#1322=EDGE_LOOP('',(#2330,#2331,#2332,#2333));
#1323=EDGE_LOOP('',(#2334,#2335,#2336,#2337));
#1324=EDGE_LOOP('',(#2338,#2339,#2340,#2341));
#1325=EDGE_LOOP('',(#2342,#2343,#2344,#2345));
#1326=EDGE_LOOP('',(#2346,#2347,#2348,#2349));
#1327=EDGE_LOOP('',(#2350,#2351,#2352,#2353));
#1328=EDGE_LOOP('',(#2354,#2355,#2356,#2357));
#1329=EDGE_LOOP('',(#2358,#2359,#2360,#2361));
#1330=EDGE_LOOP('',(#2362,#2363,#2364,#2365));
#1331=EDGE_LOOP('',(#2366,#2367,#2368,#2369));
#1332=EDGE_LOOP('',(#2370,#2371,#2372,#2373));
#1333=EDGE_LOOP('',(#2374,#2375,#2376,#2377));
#1334=EDGE_LOOP('',(#2378,#2379,#2380,#2381));
#1335=EDGE_LOOP('',(#2382,#2383,#2384,#2385));
#1336=EDGE_LOOP('',(#2386,#2387,#2388,#2389));
#1337=EDGE_LOOP('',(#2390,#2391,#2392,#2393));
#1338=EDGE_LOOP('',(#2394,#2395,#2396,#2397));
#1339=EDGE_LOOP('',(#2398,#2399,#2400,#2401));
#1340=EDGE_LOOP('',(#2402,#2403,#2404,#2405));
#1341=EDGE_LOOP('',(#2406,#2407,#2408,#2409));
#1342=EDGE_LOOP('',(#2410,#2411,#2412,#2413));
#1343=EDGE_LOOP('',(#2414,#2415,#2416,#2417));
#1344=EDGE_LOOP('',(#2418,#2419,#2420,#2421));
#1345=EDGE_LOOP('',(#2422,#2423,#2424,#2425));
#1346=EDGE_LOOP('',(#2426,#2427,#2428,#2429));
#1347=EDGE_LOOP('',(#2430,#2431,#2432,#2433));
#1348=EDGE_LOOP('',(#2434,#2435,#2436,#2437));
#1349=EDGE_LOOP('',(#2438,#2439,#2440,#2441));
#1350=EDGE_LOOP('',(#2442,#2443,#2444,#2445));
#1351=EDGE_LOOP('',(#2446,#2447,#2448,#2449));
#1352=EDGE_LOOP('',(#2450,#2451,#2452,#2453));
#1353=EDGE_LOOP('',(#2454,#2455,#2456,#2457));
#1354=EDGE_LOOP('',(#2458,#2459,#2460,#2461));
#1355=EDGE_LOOP('',(#2462,#2463,#2464,#2465));
#1356=EDGE_LOOP('',(#2466,#2467,#2468,#2469));
#1357=EDGE_LOOP('',(#2470,#2471,#2472,#2473));
#1358=EDGE_LOOP('',(#2474,#2475,#2476,#2477));
#1359=EDGE_LOOP('',(#2478,#2479,#2480,#2481));
#1360=EDGE_LOOP('',(#2482,#2483,#2484,#2485));
#1361=EDGE_LOOP('',(#2486,#2487,#2488,#2489));
#1362=EDGE_LOOP('',(#2490,#2491,#2492,#2493));
#1363=EDGE_LOOP('',(#2494,#2495,#2496,#2497));
#1364=EDGE_LOOP('',(#2498,#2499,#2500,#2501));
#1365=EDGE_LOOP('',(#2502,#2503,#2504,#2505));
#1366=EDGE_LOOP('',(#2506,#2507,#2508,#2509));
#1367=EDGE_LOOP('',(#2510,#2511,#2512,#2513));
#1368=EDGE_LOOP('',(#2514,#2515,#2516,#2517));
#1369=EDGE_LOOP('',(#2518,#2519,#2520,#2521));
#1370=EDGE_LOOP('',(#2522,#2523,#2524,#2525));
#1371=EDGE_LOOP('',(#2526,#2527,#2528,#2529));
#1372=EDGE_LOOP('',(#2530,#2531,#2532,#2533));
#1373=EDGE_LOOP('',(#2534,#2535,#2536,#2537));
#1374=EDGE_LOOP('',(#2538,#2539,#2540,#2541));
#1375=EDGE_LOOP('',(#2542,#2543,#2544,#2545));
#1376=EDGE_LOOP('',(#2546,#2547,#2548,#2549));
#1377=EDGE_LOOP('',(#2550,#2551,#2552,#2553));
#1378=EDGE_LOOP('',(#2554,#2555,#2556,#2557));
#1379=EDGE_LOOP('',(#2558,#2559,#2560,#2561));
#1380=EDGE_LOOP('',(#2562,#2563,#2564,#2565));
#1381=EDGE_LOOP('',(#2566,#2567,#2568,#2569));
#1382=EDGE_LOOP('',(#2570,#2571,#2572,#2573));
#1383=EDGE_LOOP('',(#2574,#2575,#2576,#2577));
#1384=EDGE_LOOP('',(#2578,#2579,#2580,#2581));
#1385=EDGE_LOOP('',(#2582,#2583,#2584,#2585));
#1386=EDGE_LOOP('',(#2586,#2587,#2588,#2589));
#1387=EDGE_LOOP('',(#2590,#2591,#2592,#2593));
#1388=EDGE_LOOP('',(#2594,#2595,#2596,#2597));
#1389=EDGE_LOOP('',(#2598,#2599,#2600,#2601));
#1390=EDGE_LOOP('',(#2602,#2603,#2604,#2605));
#1391=EDGE_LOOP('',(#2606,#2607,#2608,#2609));
#1392=EDGE_LOOP('',(#2610,#2611,#2612,#2613));
#1393=EDGE_LOOP('',(#2614,#2615,#2616,#2617));
#1394=EDGE_LOOP('',(#2618,#2619,#2620,#2621));
#1395=EDGE_LOOP('',(#2622,#2623,#2624,#2625));
#1396=EDGE_LOOP('',(#2626,#2627,#2628,#2629));
#1397=EDGE_LOOP('',(#2630,#2631,#2632,#2633));
#1398=EDGE_LOOP('',(#2634,#2635,#2636,#2637));
#1399=EDGE_LOOP('',(#2638,#2639,#2640,#2641));
#1400=EDGE_LOOP('',(#2642,#2643,#2644,#2645));
#1401=EDGE_LOOP('',(#2646,#2647,#2648,#2649));
#1402=EDGE_LOOP('',(#2650,#2651,#2652,#2653));
#1403=EDGE_LOOP('',(#2654,#2655,#2656,#2657));
#1404=EDGE_LOOP('',(#2658,#2659,#2660,#2661));
#1405=EDGE_LOOP('',(#2662,#2663,#2664,#2665));
#1406=EDGE_LOOP('',(#2666,#2667,#2668,#2669));
#1407=EDGE_LOOP('',(#2670,#2671,#2672,#2673));
#1408=EDGE_LOOP('',(#2674,#2675,#2676,#2677));
#1409=EDGE_LOOP('',(#2678,#2679,#2680,#2681));
#1410=EDGE_LOOP('',(#2682,#2683,#2684,#2685));
#1411=EDGE_LOOP('',(#2686,#2687,#2688,#2689));
#1412=EDGE_LOOP('',(#2690,#2691,#2692,#2693));
#1413=EDGE_LOOP('',(#2694,#2695,#2696,#2697));
#1414=EDGE_LOOP('',(#2698,#2699,#2700,#2701));
#1415=EDGE_LOOP('',(#2702,#2703,#2704,#2705));
#1416=EDGE_LOOP('',(#2706,#2707,#2708,#2709));
#1417=EDGE_LOOP('',(#2710,#2711,#2712,#2713));
#1418=EDGE_LOOP('',(#2714,#2715,#2716,#2717));
#1419=EDGE_LOOP('',(#2718,#2719,#2720,#2721));
#1420=EDGE_LOOP('',(#2722,#2723,#2724,#2725));
#1421=EDGE_LOOP('',(#2726,#2727,#2728,#2729));
#1422=EDGE_LOOP('',(#2730,#2731,#2732,#2733));
#1423=EDGE_LOOP('',(#2734,#2735,#2736,#2737));
#1424=EDGE_LOOP('',(#2738,#2739,#2740,#2741));
#1425=EDGE_LOOP('',(#2742,#2743,#2744,#2745));
#1426=EDGE_LOOP('',(#2746,#2747,#2748,#2749));
#1427=EDGE_LOOP('',(#2750,#2751,#2752,#2753));
#1428=EDGE_LOOP('',(#2754,#2755,#2756,#2757));
#1429=EDGE_LOOP('',(#2758,#2759,#2760,#2761));
#1430=EDGE_LOOP('',(#2762,#2763,#2764,#2765));
#1431=EDGE_LOOP('',(#2766,#2767,#2768,#2769));
#1432=EDGE_LOOP('',(#2770,#2771,#2772,#2773));
#1433=EDGE_LOOP('',(#2774,#2775,#2776,#2777));
#1434=EDGE_LOOP('',(#2778,#2779,#2780,#2781));
#1435=EDGE_LOOP('',(#2782,#2783,#2784,#2785));
#1436=EDGE_LOOP('',(#2786,#2787,#2788,#2789));
#1437=EDGE_LOOP('',(#2790,#2791,#2792,#2793));
#1438=EDGE_LOOP('',(#2794,#2795,#2796,#2797));
#1439=EDGE_LOOP('',(#2798,#2799,#2800,#2801));
#1440=EDGE_LOOP('',(#2802,#2803,#2804,#2805));
#1441=EDGE_LOOP('',(#2806,#2807,#2808,#2809));
#1442=EDGE_LOOP('',(#2810,#2811,#2812,#2813));
#1443=EDGE_LOOP('',(#2814,#2815,#2816,#2817));
#1444=EDGE_LOOP('',(#2818,#2819,#2820,#2821));
#1445=EDGE_LOOP('',(#2822,#2823,#2824,#2825));
#1446=EDGE_LOOP('',(#2826,#2827,#2828,#2829));
#1447=EDGE_LOOP('',(#2830,#2831,#2832,#2833));
#1448=EDGE_LOOP('',(#2834,#2835,#2836,#2837));
#1449=EDGE_LOOP('',(#2838,#2839,#2840,#2841));
#1450=EDGE_LOOP('',(#2842,#2843,#2844,#2845));
#1451=EDGE_LOOP('',(#2846,#2847,#2848,#2849));
#1452=EDGE_LOOP('',(#2850,#2851,#2852,#2853));
#1453=EDGE_LOOP('',(#2854,#2855,#2856,#2857));
#1454=EDGE_LOOP('',(#2858,#2859,#2860,#2861));
#1455=EDGE_LOOP('',(#2862,#2863,#2864,#2865));
#1456=EDGE_LOOP('',(#2866,#2867,#2868,#2869));
#1457=EDGE_LOOP('',(#2870,#2871,#2872,#2873));
#1458=EDGE_LOOP('',(#2874,#2875,#2876,#2877));
#1459=EDGE_LOOP('',(#2878,#2879,#2880,#2881));
#1460=EDGE_LOOP('',(#2882,#2883,#2884,#2885));
#1461=EDGE_LOOP('',(#2886,#2887,#2888,#2889));
#1462=EDGE_LOOP('',(#2890,#2891,#2892,#2893));
#1463=EDGE_LOOP('',(#2894,#2895,#2896,#2897));
#1464=EDGE_LOOP('',(#2898,#2899,#2900,#2901));
#1465=EDGE_LOOP('',(#2902,#2903,#2904,#2905));
#1466=EDGE_LOOP('',(#2906,#2907,#2908,#2909));
#1467=EDGE_LOOP('',(#2910,#2911,#2912,#2913));
#1468=EDGE_LOOP('',(#2914,#2915,#2916,#2917));
#1469=EDGE_LOOP('',(#2918,#2919,#2920,#2921));
#1470=EDGE_LOOP('',(#2922,#2923,#2924,#2925));
#1471=EDGE_LOOP('',(#2926,#2927,#2928,#2929));
#1472=EDGE_LOOP('',(#2930,#2931,#2932,#2933));
#1473=EDGE_LOOP('',(#2934,#2935,#2936,#2937));
#1474=EDGE_LOOP('',(#2938,#2939,#2940,#2941));
#1475=EDGE_LOOP('',(#2942,#2943,#2944,#2945));
#1476=EDGE_LOOP('',(#2946,#2947,#2948,#2949));
#1477=EDGE_LOOP('',(#2950,#2951,#2952,#2953));
#1478=EDGE_LOOP('',(#2954,#2955,#2956,#2957));
#1479=EDGE_LOOP('',(#2958,#2959,#2960,#2961));
#1480=EDGE_LOOP('',(#2962,#2963,#2964,#2965));
#1481=EDGE_LOOP('',(#2966,#2967,#2968,#2969));
#1482=EDGE_LOOP('',(#2970,#2971,#2972,#2973));
#1483=EDGE_LOOP('',(#2974,#2975,#2976,#2977));
#1484=EDGE_LOOP('',(#2978,#2979,#2980,#2981));
#1485=EDGE_LOOP('',(#2982,#2983,#2984,#2985));
#1486=EDGE_LOOP('',(#2986,#2987,#2988,#2989));
#1487=EDGE_LOOP('',(#2990,#2991,#2992,#2993));
#1488=EDGE_LOOP('',(#2994,#2995,#2996,#2997));
#1489=EDGE_LOOP('',(#2998,#2999,#3000,#3001));
#1490=EDGE_LOOP('',(#3002,#3003,#3004,#3005));
#1491=EDGE_LOOP('',(#3006,#3007,#3008,#3009));
#1492=EDGE_LOOP('',(#3010,#3011,#3012,#3013));
#1493=EDGE_LOOP('',(#3014,#3015,#3016,#3017));
#1494=EDGE_LOOP('',(#3018,#3019,#3020,#3021));
#1495=EDGE_LOOP('',(#3022,#3023,#3024,#3025));
#1496=EDGE_LOOP('',(#3026,#3027,#3028,#3029));
#1497=EDGE_LOOP('',(#3030,#3031,#3032,#3033));
#1498=EDGE_LOOP('',(#3034,#3035,#3036,#3037));
#1499=EDGE_LOOP('',(#3038,#3039,#3040,#3041));
#1500=EDGE_LOOP('',(#3042,#3043,#3044,#3045));
#1501=EDGE_LOOP('',(#3046,#3047,#3048,#3049));
#1502=EDGE_LOOP('',(#3050,#3051,#3052,#3053));
#1503=EDGE_LOOP('',(#3054,#3055,#3056,#3057));
#1504=EDGE_LOOP('',(#3058,#3059,#3060,#3061));
#1505=EDGE_LOOP('',(#3062,#3063,#3064,#3065));
#1506=EDGE_LOOP('',(#3066,#3067,#3068,#3069));
#1507=EDGE_LOOP('',(#3070,#3071,#3072,#3073));
#1508=EDGE_LOOP('',(#3074,#3075,#3076,#3077));
#1509=EDGE_LOOP('',(#3078,#3079,#3080,#3081));
#1510=EDGE_LOOP('',(#3082,#3083,#3084,#3085,#3086));
#1511=EDGE_LOOP('',(#3087,#3088,#3089,#3090,#3091,#3092));
#1512=EDGE_LOOP('',(#3093,#3094,#3095,#3096,#3097,#3098));
#1513=EDGE_LOOP('',(#3099,#3100,#3101,#3102,#3103,#3104));
#1514=EDGE_LOOP('',(#3105,#3106,#3107,#3108,#3109));
#1515=EDGE_LOOP('',(#3110,#3111,#3112,#3113,#3114,#3115));
#1516=EDGE_LOOP('',(#3116,#3117,#3118,#3119));
#1517=EDGE_LOOP('',(#3120,#3121,#3122,#3123));
#1518=EDGE_LOOP('',(#3124,#3125,#3126,#3127));
#1519=EDGE_LOOP('',(#3128,#3129,#3130,#3131));
#1520=EDGE_LOOP('',(#3132,#3133,#3134,#3135));
#1521=EDGE_LOOP('',(#3136,#3137,#3138,#3139));
#1522=EDGE_LOOP('',(#3140,#3141,#3142,#3143));
#1523=EDGE_LOOP('',(#3144,#3145,#3146,#3147));
#1524=ORIENTED_EDGE('',*,*,#3652,.T.);
#1525=ORIENTED_EDGE('',*,*,#3653,.T.);
#1526=ORIENTED_EDGE('',*,*,#3654,.F.);
#1527=ORIENTED_EDGE('',*,*,#3655,.T.);
#1528=ORIENTED_EDGE('',*,*,#3656,.T.);
#1529=ORIENTED_EDGE('',*,*,#3657,.F.);
#1530=ORIENTED_EDGE('',*,*,#3658,.F.);
#1531=ORIENTED_EDGE('',*,*,#3659,.F.);
#1532=ORIENTED_EDGE('',*,*,#3660,.F.);
#1533=ORIENTED_EDGE('',*,*,#3661,.F.);
#1534=ORIENTED_EDGE('',*,*,#3662,.T.);
#1535=ORIENTED_EDGE('',*,*,#3663,.F.);
#1536=ORIENTED_EDGE('',*,*,#3664,.F.);
#1537=ORIENTED_EDGE('',*,*,#3660,.T.);
#1538=ORIENTED_EDGE('',*,*,#3665,.T.);
#1539=ORIENTED_EDGE('',*,*,#3666,.F.);
#1540=ORIENTED_EDGE('',*,*,#3667,.F.);
#1541=ORIENTED_EDGE('',*,*,#3663,.T.);
#1542=ORIENTED_EDGE('',*,*,#3668,.T.);
#1543=ORIENTED_EDGE('',*,*,#3652,.F.);
#1544=ORIENTED_EDGE('',*,*,#3669,.F.);
#1545=ORIENTED_EDGE('',*,*,#3666,.T.);
#1546=ORIENTED_EDGE('',*,*,#3661,.T.);
#1547=ORIENTED_EDGE('',*,*,#3664,.T.);
#1548=ORIENTED_EDGE('',*,*,#3667,.T.);
#1549=ORIENTED_EDGE('',*,*,#3669,.T.);
#1550=ORIENTED_EDGE('',*,*,#3670,.F.);
#1551=ORIENTED_EDGE('',*,*,#3671,.F.);
#1552=ORIENTED_EDGE('',*,*,#3672,.F.);
#1553=ORIENTED_EDGE('',*,*,#3673,.T.);
#1554=ORIENTED_EDGE('',*,*,#3654,.T.);
#1555=ORIENTED_EDGE('',*,*,#3674,.F.);
#1556=ORIENTED_EDGE('',*,*,#3675,.F.);
#1557=ORIENTED_EDGE('',*,*,#3676,.T.);
#1558=ORIENTED_EDGE('',*,*,#3677,.T.);
#1559=ORIENTED_EDGE('',*,*,#3678,.F.);
#1560=ORIENTED_EDGE('',*,*,#3679,.F.);
#1561=ORIENTED_EDGE('',*,*,#3680,.T.);
#1562=ORIENTED_EDGE('',*,*,#3681,.T.);
#1563=ORIENTED_EDGE('',*,*,#3682,.T.);
#1564=ORIENTED_EDGE('',*,*,#3683,.F.);
#1565=ORIENTED_EDGE('',*,*,#3684,.T.);
#1566=ORIENTED_EDGE('',*,*,#3685,.T.);
#1567=ORIENTED_EDGE('',*,*,#3686,.T.);
#1568=ORIENTED_EDGE('',*,*,#3687,.F.);
#1569=ORIENTED_EDGE('',*,*,#3688,.T.);
#1570=ORIENTED_EDGE('',*,*,#3689,.T.);
#1571=ORIENTED_EDGE('',*,*,#3690,.T.);
#1572=ORIENTED_EDGE('',*,*,#3691,.F.);
#1573=ORIENTED_EDGE('',*,*,#3692,.T.);
#1574=ORIENTED_EDGE('',*,*,#3693,.T.);
#1575=ORIENTED_EDGE('',*,*,#3694,.T.);
#1576=ORIENTED_EDGE('',*,*,#3695,.F.);
#1577=ORIENTED_EDGE('',*,*,#3696,.T.);
#1578=ORIENTED_EDGE('',*,*,#3697,.T.);
#1579=ORIENTED_EDGE('',*,*,#3698,.T.);
#1580=ORIENTED_EDGE('',*,*,#3699,.F.);
#1581=ORIENTED_EDGE('',*,*,#3700,.T.);
#1582=ORIENTED_EDGE('',*,*,#3701,.T.);
#1583=ORIENTED_EDGE('',*,*,#3702,.T.);
#1584=ORIENTED_EDGE('',*,*,#3703,.F.);
#1585=ORIENTED_EDGE('',*,*,#3704,.T.);
#1586=ORIENTED_EDGE('',*,*,#3705,.T.);
#1587=ORIENTED_EDGE('',*,*,#3706,.T.);
#1588=ORIENTED_EDGE('',*,*,#3707,.F.);
#1589=ORIENTED_EDGE('',*,*,#3708,.T.);
#1590=ORIENTED_EDGE('',*,*,#3709,.T.);
#1591=ORIENTED_EDGE('',*,*,#3710,.T.);
#1592=ORIENTED_EDGE('',*,*,#3711,.F.);
#1593=ORIENTED_EDGE('',*,*,#3712,.T.);
#1594=ORIENTED_EDGE('',*,*,#3713,.T.);
#1595=ORIENTED_EDGE('',*,*,#3714,.T.);
#1596=ORIENTED_EDGE('',*,*,#3715,.F.);
#1597=ORIENTED_EDGE('',*,*,#3716,.T.);
#1598=ORIENTED_EDGE('',*,*,#3717,.T.);
#1599=ORIENTED_EDGE('',*,*,#3718,.T.);
#1600=ORIENTED_EDGE('',*,*,#3719,.F.);
#1601=ORIENTED_EDGE('',*,*,#3720,.T.);
#1602=ORIENTED_EDGE('',*,*,#3721,.T.);
#1603=ORIENTED_EDGE('',*,*,#3722,.T.);
#1604=ORIENTED_EDGE('',*,*,#3723,.F.);
#1605=ORIENTED_EDGE('',*,*,#3724,.T.);
#1606=ORIENTED_EDGE('',*,*,#3725,.T.);
#1607=ORIENTED_EDGE('',*,*,#3726,.T.);
#1608=ORIENTED_EDGE('',*,*,#3727,.F.);
#1609=ORIENTED_EDGE('',*,*,#3656,.F.);
#1610=ORIENTED_EDGE('',*,*,#3728,.T.);
#1611=ORIENTED_EDGE('',*,*,#3729,.T.);
#1612=ORIENTED_EDGE('',*,*,#3730,.F.);
#1613=ORIENTED_EDGE('',*,*,#3731,.F.);
#1614=ORIENTED_EDGE('',*,*,#3732,.T.);
#1615=ORIENTED_EDGE('',*,*,#3733,.T.);
#1616=ORIENTED_EDGE('',*,*,#3734,.F.);
#1617=ORIENTED_EDGE('',*,*,#3735,.T.);
#1618=ORIENTED_EDGE('',*,*,#3736,.T.);
#1619=ORIENTED_EDGE('',*,*,#3737,.F.);
#1620=ORIENTED_EDGE('',*,*,#3738,.T.);
#1621=ORIENTED_EDGE('',*,*,#3739,.T.);
#1622=ORIENTED_EDGE('',*,*,#3740,.T.);
#1623=ORIENTED_EDGE('',*,*,#3741,.T.);
#1624=ORIENTED_EDGE('',*,*,#3742,.T.);
#1625=ORIENTED_EDGE('',*,*,#3743,.F.);
#1626=ORIENTED_EDGE('',*,*,#3744,.T.);
#1627=ORIENTED_EDGE('',*,*,#3745,.T.);
#1628=ORIENTED_EDGE('',*,*,#3746,.F.);
#1629=ORIENTED_EDGE('',*,*,#3747,.T.);
#1630=ORIENTED_EDGE('',*,*,#3748,.T.);
#1631=ORIENTED_EDGE('',*,*,#3749,.T.);
#1632=ORIENTED_EDGE('',*,*,#3750,.F.);
#1633=ORIENTED_EDGE('',*,*,#3751,.T.);
#1634=ORIENTED_EDGE('',*,*,#3752,.T.);
#1635=ORIENTED_EDGE('',*,*,#3753,.T.);
#1636=ORIENTED_EDGE('',*,*,#3754,.T.);
#1637=ORIENTED_EDGE('',*,*,#3755,.F.);
#1638=ORIENTED_EDGE('',*,*,#3756,.T.);
#1639=ORIENTED_EDGE('',*,*,#3757,.T.);
#1640=ORIENTED_EDGE('',*,*,#3750,.T.);
#1641=ORIENTED_EDGE('',*,*,#3758,.T.);
#1642=ORIENTED_EDGE('',*,*,#3759,.F.);
#1643=ORIENTED_EDGE('',*,*,#3760,.F.);
#1644=ORIENTED_EDGE('',*,*,#3761,.F.);
#1645=ORIENTED_EDGE('',*,*,#3762,.F.);
#1646=ORIENTED_EDGE('',*,*,#3763,.F.);
#1647=ORIENTED_EDGE('',*,*,#3764,.F.);
#1648=ORIENTED_EDGE('',*,*,#3765,.F.);
#1649=ORIENTED_EDGE('',*,*,#3766,.F.);
#1650=ORIENTED_EDGE('',*,*,#3767,.F.);
#1651=ORIENTED_EDGE('',*,*,#3768,.F.);
#1652=ORIENTED_EDGE('',*,*,#3769,.F.);
#1653=ORIENTED_EDGE('',*,*,#3770,.F.);
#1654=ORIENTED_EDGE('',*,*,#3771,.F.);
#1655=ORIENTED_EDGE('',*,*,#3772,.F.);
#1656=ORIENTED_EDGE('',*,*,#3773,.F.);
#1657=ORIENTED_EDGE('',*,*,#3774,.F.);
#1658=ORIENTED_EDGE('',*,*,#3775,.F.);
#1659=ORIENTED_EDGE('',*,*,#3776,.F.);
#1660=ORIENTED_EDGE('',*,*,#3777,.F.);
#1661=ORIENTED_EDGE('',*,*,#3778,.F.);
#1662=ORIENTED_EDGE('',*,*,#3779,.F.);
#1663=ORIENTED_EDGE('',*,*,#3780,.F.);
#1664=ORIENTED_EDGE('',*,*,#3781,.F.);
#1665=ORIENTED_EDGE('',*,*,#3782,.F.);
#1666=ORIENTED_EDGE('',*,*,#3783,.F.);
#1667=ORIENTED_EDGE('',*,*,#3784,.F.);
#1668=ORIENTED_EDGE('',*,*,#3785,.F.);
#1669=ORIENTED_EDGE('',*,*,#3786,.F.);
#1670=ORIENTED_EDGE('',*,*,#3787,.F.);
#1671=ORIENTED_EDGE('',*,*,#3788,.F.);
#1672=ORIENTED_EDGE('',*,*,#3789,.F.);
#1673=ORIENTED_EDGE('',*,*,#3790,.F.);
#1674=ORIENTED_EDGE('',*,*,#3791,.F.);
#1675=ORIENTED_EDGE('',*,*,#3792,.F.);
#1676=ORIENTED_EDGE('',*,*,#3793,.F.);
#1677=ORIENTED_EDGE('',*,*,#3794,.F.);
#1678=ORIENTED_EDGE('',*,*,#3795,.F.);
#1679=ORIENTED_EDGE('',*,*,#3796,.F.);
#1680=ORIENTED_EDGE('',*,*,#3797,.F.);
#1681=ORIENTED_EDGE('',*,*,#3798,.F.);
#1682=ORIENTED_EDGE('',*,*,#3799,.F.);
#1683=ORIENTED_EDGE('',*,*,#3800,.F.);
#1684=ORIENTED_EDGE('',*,*,#3801,.F.);
#1685=ORIENTED_EDGE('',*,*,#3802,.F.);
#1686=ORIENTED_EDGE('',*,*,#3803,.F.);
#1687=ORIENTED_EDGE('',*,*,#3804,.F.);
#1688=ORIENTED_EDGE('',*,*,#3805,.F.);
#1689=ORIENTED_EDGE('',*,*,#3806,.F.);
#1690=ORIENTED_EDGE('',*,*,#3807,.F.);
#1691=ORIENTED_EDGE('',*,*,#3808,.F.);
#1692=ORIENTED_EDGE('',*,*,#3809,.F.);
#1693=ORIENTED_EDGE('',*,*,#3810,.F.);
#1694=ORIENTED_EDGE('',*,*,#3811,.F.);
#1695=ORIENTED_EDGE('',*,*,#3812,.F.);
#1696=ORIENTED_EDGE('',*,*,#3813,.F.);
#1697=ORIENTED_EDGE('',*,*,#3814,.F.);
#1698=ORIENTED_EDGE('',*,*,#3815,.F.);
#1699=ORIENTED_EDGE('',*,*,#3816,.F.);
#1700=ORIENTED_EDGE('',*,*,#3748,.F.);
#1701=ORIENTED_EDGE('',*,*,#3817,.T.);
#1702=ORIENTED_EDGE('',*,*,#3746,.T.);
#1703=ORIENTED_EDGE('',*,*,#3818,.T.);
#1704=ORIENTED_EDGE('',*,*,#3819,.T.);
#1705=ORIENTED_EDGE('',*,*,#3737,.T.);
#1706=ORIENTED_EDGE('',*,*,#3820,.F.);
#1707=ORIENTED_EDGE('',*,*,#3821,.F.);
#1708=ORIENTED_EDGE('',*,*,#3751,.F.);
#1709=ORIENTED_EDGE('',*,*,#3757,.F.);
#1710=ORIENTED_EDGE('',*,*,#3822,.T.);
#1711=ORIENTED_EDGE('',*,*,#3823,.T.);
#1712=ORIENTED_EDGE('',*,*,#3747,.F.);
#1713=ORIENTED_EDGE('',*,*,#3817,.F.);
#1714=ORIENTED_EDGE('',*,*,#3824,.T.);
#1715=ORIENTED_EDGE('',*,*,#3825,.T.);
#1716=ORIENTED_EDGE('',*,*,#3826,.F.);
#1717=ORIENTED_EDGE('',*,*,#3827,.F.);
#1718=ORIENTED_EDGE('',*,*,#3828,.F.);
#1719=ORIENTED_EDGE('',*,*,#3829,.T.);
#1720=ORIENTED_EDGE('',*,*,#3830,.F.);
#1721=ORIENTED_EDGE('',*,*,#3831,.F.);
#1722=ORIENTED_EDGE('',*,*,#3744,.F.);
#1723=ORIENTED_EDGE('',*,*,#3823,.F.);
#1724=ORIENTED_EDGE('',*,*,#3832,.T.);
#1725=ORIENTED_EDGE('',*,*,#3833,.T.);
#1726=ORIENTED_EDGE('',*,*,#3832,.F.);
#1727=ORIENTED_EDGE('',*,*,#3822,.F.);
#1728=ORIENTED_EDGE('',*,*,#3756,.F.);
#1729=ORIENTED_EDGE('',*,*,#3834,.F.);
#1730=ORIENTED_EDGE('',*,*,#3835,.F.);
#1731=ORIENTED_EDGE('',*,*,#3742,.F.);
#1732=ORIENTED_EDGE('',*,*,#3836,.T.);
#1733=ORIENTED_EDGE('',*,*,#3837,.T.);
#1734=ORIENTED_EDGE('',*,*,#3838,.T.);
#1735=ORIENTED_EDGE('',*,*,#3824,.F.);
#1736=ORIENTED_EDGE('',*,*,#3839,.F.);
#1737=ORIENTED_EDGE('',*,*,#3840,.T.);
#1738=ORIENTED_EDGE('',*,*,#3841,.T.);
#1739=ORIENTED_EDGE('',*,*,#3842,.F.);
#1740=ORIENTED_EDGE('',*,*,#3843,.F.);
#1741=ORIENTED_EDGE('',*,*,#3826,.T.);
#1742=ORIENTED_EDGE('',*,*,#3844,.T.);
#1743=ORIENTED_EDGE('',*,*,#3840,.F.);
#1744=ORIENTED_EDGE('',*,*,#3845,.F.);
#1745=ORIENTED_EDGE('',*,*,#3842,.T.);
#1746=ORIENTED_EDGE('',*,*,#3839,.T.);
#1747=ORIENTED_EDGE('',*,*,#3827,.T.);
#1748=ORIENTED_EDGE('',*,*,#3843,.T.);
#1749=ORIENTED_EDGE('',*,*,#3845,.T.);
#1750=ORIENTED_EDGE('',*,*,#3838,.F.);
#1751=ORIENTED_EDGE('',*,*,#3844,.F.);
#1752=ORIENTED_EDGE('',*,*,#3841,.F.);
#1753=ORIENTED_EDGE('',*,*,#3825,.F.);
#1754=ORIENTED_EDGE('',*,*,#3830,.T.);
#1755=ORIENTED_EDGE('',*,*,#3846,.T.);
#1756=ORIENTED_EDGE('',*,*,#3738,.F.);
#1757=ORIENTED_EDGE('',*,*,#3819,.F.);
#1758=ORIENTED_EDGE('',*,*,#3847,.F.);
#1759=ORIENTED_EDGE('',*,*,#3736,.F.);
#1760=ORIENTED_EDGE('',*,*,#3848,.T.);
#1761=ORIENTED_EDGE('',*,*,#3752,.F.);
#1762=ORIENTED_EDGE('',*,*,#3849,.F.);
#1763=ORIENTED_EDGE('',*,*,#3820,.T.);
#1764=ORIENTED_EDGE('',*,*,#3850,.T.);
#1765=ORIENTED_EDGE('',*,*,#3851,.T.);
#1766=ORIENTED_EDGE('',*,*,#3852,.F.);
#1767=ORIENTED_EDGE('',*,*,#3821,.T.);
#1768=ORIENTED_EDGE('',*,*,#3853,.T.);
#1769=ORIENTED_EDGE('',*,*,#3758,.F.);
#1770=ORIENTED_EDGE('',*,*,#3854,.F.);
#1771=ORIENTED_EDGE('',*,*,#3851,.F.);
#1772=ORIENTED_EDGE('',*,*,#3852,.T.);
#1773=ORIENTED_EDGE('',*,*,#3854,.T.);
#1774=ORIENTED_EDGE('',*,*,#3749,.F.);
#1775=ORIENTED_EDGE('',*,*,#3850,.F.);
#1776=ORIENTED_EDGE('',*,*,#3849,.T.);
#1777=ORIENTED_EDGE('',*,*,#3853,.F.);
#1778=ORIENTED_EDGE('',*,*,#3855,.T.);
#1779=ORIENTED_EDGE('',*,*,#3818,.F.);
#1780=ORIENTED_EDGE('',*,*,#3856,.F.);
#1781=ORIENTED_EDGE('',*,*,#3857,.F.);
#1782=ORIENTED_EDGE('',*,*,#3858,.T.);
#1783=ORIENTED_EDGE('',*,*,#3857,.T.);
#1784=ORIENTED_EDGE('',*,*,#3859,.F.);
#1785=ORIENTED_EDGE('',*,*,#3831,.T.);
#1786=ORIENTED_EDGE('',*,*,#3745,.F.);
#1787=ORIENTED_EDGE('',*,*,#3859,.T.);
#1788=ORIENTED_EDGE('',*,*,#3856,.T.);
#1789=ORIENTED_EDGE('',*,*,#3847,.T.);
#1790=ORIENTED_EDGE('',*,*,#3855,.F.);
#1791=ORIENTED_EDGE('',*,*,#3858,.F.);
#1792=ORIENTED_EDGE('',*,*,#3734,.T.);
#1793=ORIENTED_EDGE('',*,*,#3860,.T.);
#1794=ORIENTED_EDGE('',*,*,#3861,.F.);
#1795=ORIENTED_EDGE('',*,*,#3862,.F.);
#1796=ORIENTED_EDGE('',*,*,#3754,.F.);
#1797=ORIENTED_EDGE('',*,*,#3863,.T.);
#1798=ORIENTED_EDGE('',*,*,#3862,.T.);
#1799=ORIENTED_EDGE('',*,*,#3864,.F.);
#1800=ORIENTED_EDGE('',*,*,#3743,.T.);
#1801=ORIENTED_EDGE('',*,*,#3835,.T.);
#1802=ORIENTED_EDGE('',*,*,#3865,.F.);
#1803=ORIENTED_EDGE('',*,*,#3860,.F.);
#1804=ORIENTED_EDGE('',*,*,#3861,.T.);
#1805=ORIENTED_EDGE('',*,*,#3865,.T.);
#1806=ORIENTED_EDGE('',*,*,#3834,.T.);
#1807=ORIENTED_EDGE('',*,*,#3755,.T.);
#1808=ORIENTED_EDGE('',*,*,#3864,.T.);
#1809=ORIENTED_EDGE('',*,*,#3741,.F.);
#1810=ORIENTED_EDGE('',*,*,#3866,.T.);
#1811=ORIENTED_EDGE('',*,*,#3867,.T.);
#1812=ORIENTED_EDGE('',*,*,#3836,.F.);
#1813=ORIENTED_EDGE('',*,*,#3740,.F.);
#1814=ORIENTED_EDGE('',*,*,#3868,.T.);
#1815=ORIENTED_EDGE('',*,*,#3869,.T.);
#1816=ORIENTED_EDGE('',*,*,#3866,.F.);
#1817=ORIENTED_EDGE('',*,*,#3868,.F.);
#1818=ORIENTED_EDGE('',*,*,#3870,.T.);
#1819=ORIENTED_EDGE('',*,*,#3828,.T.);
#1820=ORIENTED_EDGE('',*,*,#3871,.T.);
#1821=ORIENTED_EDGE('',*,*,#3833,.F.);
#1822=ORIENTED_EDGE('',*,*,#3837,.F.);
#1823=ORIENTED_EDGE('',*,*,#3867,.F.);
#1824=ORIENTED_EDGE('',*,*,#3869,.F.);
#1825=ORIENTED_EDGE('',*,*,#3871,.F.);
#1826=ORIENTED_EDGE('',*,*,#3863,.F.);
#1827=ORIENTED_EDGE('',*,*,#3753,.F.);
#1828=ORIENTED_EDGE('',*,*,#3848,.F.);
#1829=ORIENTED_EDGE('',*,*,#3735,.F.);
#1830=ORIENTED_EDGE('',*,*,#3870,.F.);
#1831=ORIENTED_EDGE('',*,*,#3739,.F.);
#1832=ORIENTED_EDGE('',*,*,#3846,.F.);
#1833=ORIENTED_EDGE('',*,*,#3829,.F.);
#1834=ORIENTED_EDGE('',*,*,#3812,.T.);
#1835=ORIENTED_EDGE('',*,*,#3872,.T.);
#1836=ORIENTED_EDGE('',*,*,#3873,.T.);
#1837=ORIENTED_EDGE('',*,*,#3874,.F.);
#1838=ORIENTED_EDGE('',*,*,#3816,.T.);
#1839=ORIENTED_EDGE('',*,*,#3875,.T.);
#1840=ORIENTED_EDGE('',*,*,#3876,.T.);
#1841=ORIENTED_EDGE('',*,*,#3872,.F.);
#1842=ORIENTED_EDGE('',*,*,#3815,.T.);
#1843=ORIENTED_EDGE('',*,*,#3877,.T.);
#1844=ORIENTED_EDGE('',*,*,#3878,.T.);
#1845=ORIENTED_EDGE('',*,*,#3875,.F.);
#1846=ORIENTED_EDGE('',*,*,#3814,.T.);
#1847=ORIENTED_EDGE('',*,*,#3879,.T.);
#1848=ORIENTED_EDGE('',*,*,#3880,.T.);
#1849=ORIENTED_EDGE('',*,*,#3877,.F.);
#1850=ORIENTED_EDGE('',*,*,#3813,.T.);
#1851=ORIENTED_EDGE('',*,*,#3874,.T.);
#1852=ORIENTED_EDGE('',*,*,#3881,.T.);
#1853=ORIENTED_EDGE('',*,*,#3879,.F.);
#1854=ORIENTED_EDGE('',*,*,#3882,.F.);
#1855=ORIENTED_EDGE('',*,*,#3883,.T.);
#1856=ORIENTED_EDGE('',*,*,#3884,.T.);
#1857=ORIENTED_EDGE('',*,*,#3885,.T.);
#1858=ORIENTED_EDGE('',*,*,#3873,.F.);
#1859=ORIENTED_EDGE('',*,*,#3876,.F.);
#1860=ORIENTED_EDGE('',*,*,#3878,.F.);
#1861=ORIENTED_EDGE('',*,*,#3880,.F.);
#1862=ORIENTED_EDGE('',*,*,#3881,.F.);
#1863=ORIENTED_EDGE('',*,*,#3808,.T.);
#1864=ORIENTED_EDGE('',*,*,#3886,.T.);
#1865=ORIENTED_EDGE('',*,*,#3887,.T.);
#1866=ORIENTED_EDGE('',*,*,#3888,.F.);
#1867=ORIENTED_EDGE('',*,*,#3811,.T.);
#1868=ORIENTED_EDGE('',*,*,#3889,.T.);
#1869=ORIENTED_EDGE('',*,*,#3890,.T.);
#1870=ORIENTED_EDGE('',*,*,#3886,.F.);
#1871=ORIENTED_EDGE('',*,*,#3810,.T.);
#1872=ORIENTED_EDGE('',*,*,#3891,.T.);
#1873=ORIENTED_EDGE('',*,*,#3892,.T.);
#1874=ORIENTED_EDGE('',*,*,#3889,.F.);
#1875=ORIENTED_EDGE('',*,*,#3809,.T.);
#1876=ORIENTED_EDGE('',*,*,#3888,.T.);
#1877=ORIENTED_EDGE('',*,*,#3893,.T.);
#1878=ORIENTED_EDGE('',*,*,#3891,.F.);
#1879=ORIENTED_EDGE('',*,*,#3894,.F.);
#1880=ORIENTED_EDGE('',*,*,#3895,.T.);
#1881=ORIENTED_EDGE('',*,*,#3896,.T.);
#1882=ORIENTED_EDGE('',*,*,#3897,.T.);
#1883=ORIENTED_EDGE('',*,*,#3887,.F.);
#1884=ORIENTED_EDGE('',*,*,#3890,.F.);
#1885=ORIENTED_EDGE('',*,*,#3892,.F.);
#1886=ORIENTED_EDGE('',*,*,#3893,.F.);
#1887=ORIENTED_EDGE('',*,*,#3803,.T.);
#1888=ORIENTED_EDGE('',*,*,#3898,.T.);
#1889=ORIENTED_EDGE('',*,*,#3899,.T.);
#1890=ORIENTED_EDGE('',*,*,#3900,.F.);
#1891=ORIENTED_EDGE('',*,*,#3807,.T.);
#1892=ORIENTED_EDGE('',*,*,#3901,.T.);
#1893=ORIENTED_EDGE('',*,*,#3902,.T.);
#1894=ORIENTED_EDGE('',*,*,#3898,.F.);
#1895=ORIENTED_EDGE('',*,*,#3806,.T.);
#1896=ORIENTED_EDGE('',*,*,#3903,.T.);
#1897=ORIENTED_EDGE('',*,*,#3904,.T.);
#1898=ORIENTED_EDGE('',*,*,#3901,.F.);
#1899=ORIENTED_EDGE('',*,*,#3805,.T.);
#1900=ORIENTED_EDGE('',*,*,#3905,.T.);
#1901=ORIENTED_EDGE('',*,*,#3906,.T.);
#1902=ORIENTED_EDGE('',*,*,#3903,.F.);
#1903=ORIENTED_EDGE('',*,*,#3804,.T.);
#1904=ORIENTED_EDGE('',*,*,#3900,.T.);
#1905=ORIENTED_EDGE('',*,*,#3907,.T.);
#1906=ORIENTED_EDGE('',*,*,#3905,.F.);
#1907=ORIENTED_EDGE('',*,*,#3908,.F.);
#1908=ORIENTED_EDGE('',*,*,#3909,.T.);
#1909=ORIENTED_EDGE('',*,*,#3910,.T.);
#1910=ORIENTED_EDGE('',*,*,#3911,.T.);
#1911=ORIENTED_EDGE('',*,*,#3899,.F.);
#1912=ORIENTED_EDGE('',*,*,#3902,.F.);
#1913=ORIENTED_EDGE('',*,*,#3904,.F.);
#1914=ORIENTED_EDGE('',*,*,#3906,.F.);
#1915=ORIENTED_EDGE('',*,*,#3907,.F.);
#1916=ORIENTED_EDGE('',*,*,#3798,.T.);
#1917=ORIENTED_EDGE('',*,*,#3912,.T.);
#1918=ORIENTED_EDGE('',*,*,#3913,.T.);
#1919=ORIENTED_EDGE('',*,*,#3914,.F.);
#1920=ORIENTED_EDGE('',*,*,#3802,.T.);
#1921=ORIENTED_EDGE('',*,*,#3915,.T.);
#1922=ORIENTED_EDGE('',*,*,#3916,.T.);
#1923=ORIENTED_EDGE('',*,*,#3912,.F.);
#1924=ORIENTED_EDGE('',*,*,#3801,.T.);
#1925=ORIENTED_EDGE('',*,*,#3917,.T.);
#1926=ORIENTED_EDGE('',*,*,#3918,.T.);
#1927=ORIENTED_EDGE('',*,*,#3915,.F.);
#1928=ORIENTED_EDGE('',*,*,#3800,.T.);
#1929=ORIENTED_EDGE('',*,*,#3919,.T.);
#1930=ORIENTED_EDGE('',*,*,#3920,.T.);
#1931=ORIENTED_EDGE('',*,*,#3917,.F.);
#1932=ORIENTED_EDGE('',*,*,#3799,.T.);
#1933=ORIENTED_EDGE('',*,*,#3914,.T.);
#1934=ORIENTED_EDGE('',*,*,#3921,.T.);
#1935=ORIENTED_EDGE('',*,*,#3919,.F.);
#1936=ORIENTED_EDGE('',*,*,#3922,.F.);
#1937=ORIENTED_EDGE('',*,*,#3923,.T.);
#1938=ORIENTED_EDGE('',*,*,#3924,.T.);
#1939=ORIENTED_EDGE('',*,*,#3925,.T.);
#1940=ORIENTED_EDGE('',*,*,#3913,.F.);
#1941=ORIENTED_EDGE('',*,*,#3916,.F.);
#1942=ORIENTED_EDGE('',*,*,#3918,.F.);
#1943=ORIENTED_EDGE('',*,*,#3920,.F.);
#1944=ORIENTED_EDGE('',*,*,#3921,.F.);
#1945=ORIENTED_EDGE('',*,*,#3793,.T.);
#1946=ORIENTED_EDGE('',*,*,#3926,.T.);
#1947=ORIENTED_EDGE('',*,*,#3927,.T.);
#1948=ORIENTED_EDGE('',*,*,#3928,.F.);
#1949=ORIENTED_EDGE('',*,*,#3797,.T.);
#1950=ORIENTED_EDGE('',*,*,#3929,.T.);
#1951=ORIENTED_EDGE('',*,*,#3930,.T.);
#1952=ORIENTED_EDGE('',*,*,#3926,.F.);
#1953=ORIENTED_EDGE('',*,*,#3796,.T.);
#1954=ORIENTED_EDGE('',*,*,#3931,.T.);
#1955=ORIENTED_EDGE('',*,*,#3932,.T.);
#1956=ORIENTED_EDGE('',*,*,#3929,.F.);
#1957=ORIENTED_EDGE('',*,*,#3795,.T.);
#1958=ORIENTED_EDGE('',*,*,#3933,.T.);
#1959=ORIENTED_EDGE('',*,*,#3934,.T.);
#1960=ORIENTED_EDGE('',*,*,#3931,.F.);
#1961=ORIENTED_EDGE('',*,*,#3794,.T.);
#1962=ORIENTED_EDGE('',*,*,#3928,.T.);
#1963=ORIENTED_EDGE('',*,*,#3935,.T.);
#1964=ORIENTED_EDGE('',*,*,#3933,.F.);
#1965=ORIENTED_EDGE('',*,*,#3936,.F.);
#1966=ORIENTED_EDGE('',*,*,#3937,.T.);
#1967=ORIENTED_EDGE('',*,*,#3938,.T.);
#1968=ORIENTED_EDGE('',*,*,#3939,.T.);
#1969=ORIENTED_EDGE('',*,*,#3927,.F.);
#1970=ORIENTED_EDGE('',*,*,#3930,.F.);
#1971=ORIENTED_EDGE('',*,*,#3932,.F.);
#1972=ORIENTED_EDGE('',*,*,#3934,.F.);
#1973=ORIENTED_EDGE('',*,*,#3935,.F.);
#1974=ORIENTED_EDGE('',*,*,#3788,.T.);
#1975=ORIENTED_EDGE('',*,*,#3940,.T.);
#1976=ORIENTED_EDGE('',*,*,#3941,.T.);
#1977=ORIENTED_EDGE('',*,*,#3942,.F.);
#1978=ORIENTED_EDGE('',*,*,#3792,.T.);
#1979=ORIENTED_EDGE('',*,*,#3943,.T.);
#1980=ORIENTED_EDGE('',*,*,#3944,.T.);
#1981=ORIENTED_EDGE('',*,*,#3940,.F.);
#1982=ORIENTED_EDGE('',*,*,#3791,.T.);
#1983=ORIENTED_EDGE('',*,*,#3945,.T.);
#1984=ORIENTED_EDGE('',*,*,#3946,.T.);
#1985=ORIENTED_EDGE('',*,*,#3943,.F.);
#1986=ORIENTED_EDGE('',*,*,#3790,.T.);
#1987=ORIENTED_EDGE('',*,*,#3947,.T.);
#1988=ORIENTED_EDGE('',*,*,#3948,.T.);
#1989=ORIENTED_EDGE('',*,*,#3945,.F.);
#1990=ORIENTED_EDGE('',*,*,#3789,.T.);
#1991=ORIENTED_EDGE('',*,*,#3942,.T.);
#1992=ORIENTED_EDGE('',*,*,#3949,.T.);
#1993=ORIENTED_EDGE('',*,*,#3947,.F.);
#1994=ORIENTED_EDGE('',*,*,#3950,.F.);
#1995=ORIENTED_EDGE('',*,*,#3951,.T.);
#1996=ORIENTED_EDGE('',*,*,#3952,.T.);
#1997=ORIENTED_EDGE('',*,*,#3953,.T.);
#1998=ORIENTED_EDGE('',*,*,#3941,.F.);
#1999=ORIENTED_EDGE('',*,*,#3944,.F.);
#2000=ORIENTED_EDGE('',*,*,#3946,.F.);
#2001=ORIENTED_EDGE('',*,*,#3948,.F.);
#2002=ORIENTED_EDGE('',*,*,#3949,.F.);
#2003=ORIENTED_EDGE('',*,*,#3783,.T.);
#2004=ORIENTED_EDGE('',*,*,#3954,.T.);
#2005=ORIENTED_EDGE('',*,*,#3955,.T.);
#2006=ORIENTED_EDGE('',*,*,#3956,.F.);
#2007=ORIENTED_EDGE('',*,*,#3787,.T.);
#2008=ORIENTED_EDGE('',*,*,#3957,.T.);
#2009=ORIENTED_EDGE('',*,*,#3958,.T.);
#2010=ORIENTED_EDGE('',*,*,#3954,.F.);
#2011=ORIENTED_EDGE('',*,*,#3786,.T.);
#2012=ORIENTED_EDGE('',*,*,#3959,.T.);
#2013=ORIENTED_EDGE('',*,*,#3960,.T.);
#2014=ORIENTED_EDGE('',*,*,#3957,.F.);
#2015=ORIENTED_EDGE('',*,*,#3785,.T.);
#2016=ORIENTED_EDGE('',*,*,#3961,.T.);
#2017=ORIENTED_EDGE('',*,*,#3962,.T.);
#2018=ORIENTED_EDGE('',*,*,#3959,.F.);
#2019=ORIENTED_EDGE('',*,*,#3784,.T.);
#2020=ORIENTED_EDGE('',*,*,#3956,.T.);
#2021=ORIENTED_EDGE('',*,*,#3963,.T.);
#2022=ORIENTED_EDGE('',*,*,#3961,.F.);
#2023=ORIENTED_EDGE('',*,*,#3964,.F.);
#2024=ORIENTED_EDGE('',*,*,#3965,.T.);
#2025=ORIENTED_EDGE('',*,*,#3966,.T.);
#2026=ORIENTED_EDGE('',*,*,#3967,.T.);
#2027=ORIENTED_EDGE('',*,*,#3955,.F.);
#2028=ORIENTED_EDGE('',*,*,#3958,.F.);
#2029=ORIENTED_EDGE('',*,*,#3960,.F.);
#2030=ORIENTED_EDGE('',*,*,#3962,.F.);
#2031=ORIENTED_EDGE('',*,*,#3963,.F.);
#2032=ORIENTED_EDGE('',*,*,#3778,.T.);
#2033=ORIENTED_EDGE('',*,*,#3968,.T.);
#2034=ORIENTED_EDGE('',*,*,#3969,.T.);
#2035=ORIENTED_EDGE('',*,*,#3970,.F.);
#2036=ORIENTED_EDGE('',*,*,#3782,.T.);
#2037=ORIENTED_EDGE('',*,*,#3971,.T.);
#2038=ORIENTED_EDGE('',*,*,#3972,.T.);
#2039=ORIENTED_EDGE('',*,*,#3968,.F.);
#2040=ORIENTED_EDGE('',*,*,#3781,.T.);
#2041=ORIENTED_EDGE('',*,*,#3973,.T.);
#2042=ORIENTED_EDGE('',*,*,#3974,.T.);
#2043=ORIENTED_EDGE('',*,*,#3971,.F.);
#2044=ORIENTED_EDGE('',*,*,#3780,.T.);
#2045=ORIENTED_EDGE('',*,*,#3975,.T.);
#2046=ORIENTED_EDGE('',*,*,#3976,.T.);
#2047=ORIENTED_EDGE('',*,*,#3973,.F.);
#2048=ORIENTED_EDGE('',*,*,#3779,.T.);
#2049=ORIENTED_EDGE('',*,*,#3970,.T.);
#2050=ORIENTED_EDGE('',*,*,#3977,.T.);
#2051=ORIENTED_EDGE('',*,*,#3975,.F.);
#2052=ORIENTED_EDGE('',*,*,#3978,.F.);
#2053=ORIENTED_EDGE('',*,*,#3979,.T.);
#2054=ORIENTED_EDGE('',*,*,#3980,.T.);
#2055=ORIENTED_EDGE('',*,*,#3981,.T.);
#2056=ORIENTED_EDGE('',*,*,#3969,.F.);
#2057=ORIENTED_EDGE('',*,*,#3972,.F.);
#2058=ORIENTED_EDGE('',*,*,#3974,.F.);
#2059=ORIENTED_EDGE('',*,*,#3976,.F.);
#2060=ORIENTED_EDGE('',*,*,#3977,.F.);
#2061=ORIENTED_EDGE('',*,*,#3773,.T.);
#2062=ORIENTED_EDGE('',*,*,#3982,.T.);
#2063=ORIENTED_EDGE('',*,*,#3983,.T.);
#2064=ORIENTED_EDGE('',*,*,#3984,.F.);
#2065=ORIENTED_EDGE('',*,*,#3777,.T.);
#2066=ORIENTED_EDGE('',*,*,#3985,.T.);
#2067=ORIENTED_EDGE('',*,*,#3986,.T.);
#2068=ORIENTED_EDGE('',*,*,#3982,.F.);
#2069=ORIENTED_EDGE('',*,*,#3776,.T.);
#2070=ORIENTED_EDGE('',*,*,#3987,.T.);
#2071=ORIENTED_EDGE('',*,*,#3988,.T.);
#2072=ORIENTED_EDGE('',*,*,#3985,.F.);
#2073=ORIENTED_EDGE('',*,*,#3775,.T.);
#2074=ORIENTED_EDGE('',*,*,#3989,.T.);
#2075=ORIENTED_EDGE('',*,*,#3990,.T.);
#2076=ORIENTED_EDGE('',*,*,#3987,.F.);
#2077=ORIENTED_EDGE('',*,*,#3774,.T.);
#2078=ORIENTED_EDGE('',*,*,#3984,.T.);
#2079=ORIENTED_EDGE('',*,*,#3991,.T.);
#2080=ORIENTED_EDGE('',*,*,#3989,.F.);
#2081=ORIENTED_EDGE('',*,*,#3992,.F.);
#2082=ORIENTED_EDGE('',*,*,#3993,.T.);
#2083=ORIENTED_EDGE('',*,*,#3994,.T.);
#2084=ORIENTED_EDGE('',*,*,#3995,.T.);
#2085=ORIENTED_EDGE('',*,*,#3983,.F.);
#2086=ORIENTED_EDGE('',*,*,#3986,.F.);
#2087=ORIENTED_EDGE('',*,*,#3988,.F.);
#2088=ORIENTED_EDGE('',*,*,#3990,.F.);
#2089=ORIENTED_EDGE('',*,*,#3991,.F.);
#2090=ORIENTED_EDGE('',*,*,#3769,.T.);
#2091=ORIENTED_EDGE('',*,*,#3996,.T.);
#2092=ORIENTED_EDGE('',*,*,#3997,.T.);
#2093=ORIENTED_EDGE('',*,*,#3998,.F.);
#2094=ORIENTED_EDGE('',*,*,#3772,.T.);
#2095=ORIENTED_EDGE('',*,*,#3999,.T.);
#2096=ORIENTED_EDGE('',*,*,#4000,.T.);
#2097=ORIENTED_EDGE('',*,*,#3996,.F.);
#2098=ORIENTED_EDGE('',*,*,#3771,.T.);
#2099=ORIENTED_EDGE('',*,*,#4001,.T.);
#2100=ORIENTED_EDGE('',*,*,#4002,.T.);
#2101=ORIENTED_EDGE('',*,*,#3999,.F.);
#2102=ORIENTED_EDGE('',*,*,#3770,.T.);
#2103=ORIENTED_EDGE('',*,*,#3998,.T.);
#2104=ORIENTED_EDGE('',*,*,#4003,.T.);
#2105=ORIENTED_EDGE('',*,*,#4001,.F.);
#2106=ORIENTED_EDGE('',*,*,#4004,.F.);
#2107=ORIENTED_EDGE('',*,*,#4005,.T.);
#2108=ORIENTED_EDGE('',*,*,#4006,.T.);
#2109=ORIENTED_EDGE('',*,*,#4007,.T.);
#2110=ORIENTED_EDGE('',*,*,#3997,.F.);
#2111=ORIENTED_EDGE('',*,*,#4000,.F.);
#2112=ORIENTED_EDGE('',*,*,#4002,.F.);
#2113=ORIENTED_EDGE('',*,*,#4003,.F.);
#2114=ORIENTED_EDGE('',*,*,#3764,.T.);
#2115=ORIENTED_EDGE('',*,*,#4008,.T.);
#2116=ORIENTED_EDGE('',*,*,#4009,.T.);
#2117=ORIENTED_EDGE('',*,*,#4010,.F.);
#2118=ORIENTED_EDGE('',*,*,#3768,.T.);
#2119=ORIENTED_EDGE('',*,*,#4011,.T.);
#2120=ORIENTED_EDGE('',*,*,#4012,.T.);
#2121=ORIENTED_EDGE('',*,*,#4008,.F.);
#2122=ORIENTED_EDGE('',*,*,#3767,.T.);
#2123=ORIENTED_EDGE('',*,*,#4013,.T.);
#2124=ORIENTED_EDGE('',*,*,#4014,.T.);
#2125=ORIENTED_EDGE('',*,*,#4011,.F.);
#2126=ORIENTED_EDGE('',*,*,#3766,.T.);
#2127=ORIENTED_EDGE('',*,*,#4015,.T.);
#2128=ORIENTED_EDGE('',*,*,#4016,.T.);
#2129=ORIENTED_EDGE('',*,*,#4013,.F.);
#2130=ORIENTED_EDGE('',*,*,#3765,.T.);
#2131=ORIENTED_EDGE('',*,*,#4010,.T.);
#2132=ORIENTED_EDGE('',*,*,#4017,.T.);
#2133=ORIENTED_EDGE('',*,*,#4015,.F.);
#2134=ORIENTED_EDGE('',*,*,#4018,.F.);
#2135=ORIENTED_EDGE('',*,*,#4019,.T.);
#2136=ORIENTED_EDGE('',*,*,#4020,.T.);
#2137=ORIENTED_EDGE('',*,*,#4021,.T.);
#2138=ORIENTED_EDGE('',*,*,#4009,.F.);
#2139=ORIENTED_EDGE('',*,*,#4012,.F.);
#2140=ORIENTED_EDGE('',*,*,#4014,.F.);
#2141=ORIENTED_EDGE('',*,*,#4016,.F.);
#2142=ORIENTED_EDGE('',*,*,#4017,.F.);
#2143=ORIENTED_EDGE('',*,*,#3759,.T.);
#2144=ORIENTED_EDGE('',*,*,#4022,.T.);
#2145=ORIENTED_EDGE('',*,*,#4023,.T.);
#2146=ORIENTED_EDGE('',*,*,#4024,.F.);
#2147=ORIENTED_EDGE('',*,*,#3763,.T.);
#2148=ORIENTED_EDGE('',*,*,#4025,.T.);
#2149=ORIENTED_EDGE('',*,*,#4026,.T.);
#2150=ORIENTED_EDGE('',*,*,#4022,.F.);
#2151=ORIENTED_EDGE('',*,*,#3762,.T.);
#2152=ORIENTED_EDGE('',*,*,#4027,.T.);
#2153=ORIENTED_EDGE('',*,*,#4028,.T.);
#2154=ORIENTED_EDGE('',*,*,#4025,.F.);
#2155=ORIENTED_EDGE('',*,*,#3761,.T.);
#2156=ORIENTED_EDGE('',*,*,#4029,.T.);
#2157=ORIENTED_EDGE('',*,*,#4030,.T.);
#2158=ORIENTED_EDGE('',*,*,#4027,.F.);
#2159=ORIENTED_EDGE('',*,*,#3760,.T.);
#2160=ORIENTED_EDGE('',*,*,#4024,.T.);
#2161=ORIENTED_EDGE('',*,*,#4031,.T.);
#2162=ORIENTED_EDGE('',*,*,#4029,.F.);
#2163=ORIENTED_EDGE('',*,*,#4032,.F.);
#2164=ORIENTED_EDGE('',*,*,#4033,.T.);
#2165=ORIENTED_EDGE('',*,*,#4034,.T.);
#2166=ORIENTED_EDGE('',*,*,#4035,.T.);
#2167=ORIENTED_EDGE('',*,*,#4023,.F.);
#2168=ORIENTED_EDGE('',*,*,#4026,.F.);
#2169=ORIENTED_EDGE('',*,*,#4028,.F.);
#2170=ORIENTED_EDGE('',*,*,#4030,.F.);
#2171=ORIENTED_EDGE('',*,*,#4031,.F.);
#2172=ORIENTED_EDGE('',*,*,#4036,.T.);
#2173=ORIENTED_EDGE('',*,*,#3731,.T.);
#2174=ORIENTED_EDGE('',*,*,#4037,.F.);
#2175=ORIENTED_EDGE('',*,*,#4038,.F.);
#2176=ORIENTED_EDGE('',*,*,#3677,.F.);
#2177=ORIENTED_EDGE('',*,*,#4039,.F.);
#2178=ORIENTED_EDGE('',*,*,#4038,.T.);
#2179=ORIENTED_EDGE('',*,*,#4040,.F.);
#2180=ORIENTED_EDGE('',*,*,#4041,.F.);
#2181=ORIENTED_EDGE('',*,*,#4042,.F.);
#2182=ORIENTED_EDGE('',*,*,#4043,.T.);
#2183=ORIENTED_EDGE('',*,*,#3675,.T.);
#2184=ORIENTED_EDGE('',*,*,#4044,.F.);
#2185=ORIENTED_EDGE('',*,*,#4045,.F.);
#2186=ORIENTED_EDGE('',*,*,#4046,.F.);
#2187=ORIENTED_EDGE('',*,*,#4047,.T.);
#2188=ORIENTED_EDGE('',*,*,#4048,.T.);
#2189=ORIENTED_EDGE('',*,*,#4041,.T.);
#2190=ORIENTED_EDGE('',*,*,#4049,.F.);
#2191=ORIENTED_EDGE('',*,*,#3733,.F.);
#2192=ORIENTED_EDGE('',*,*,#4037,.T.);
#2193=ORIENTED_EDGE('',*,*,#3730,.T.);
#2194=ORIENTED_EDGE('',*,*,#4049,.T.);
#2195=ORIENTED_EDGE('',*,*,#4040,.T.);
#2196=ORIENTED_EDGE('',*,*,#4036,.F.);
#2197=ORIENTED_EDGE('',*,*,#3676,.F.);
#2198=ORIENTED_EDGE('',*,*,#4043,.F.);
#2199=ORIENTED_EDGE('',*,*,#3732,.F.);
#2200=ORIENTED_EDGE('',*,*,#4050,.F.);
#2201=ORIENTED_EDGE('',*,*,#4051,.F.);
#2202=ORIENTED_EDGE('',*,*,#3658,.T.);
#2203=ORIENTED_EDGE('',*,*,#4052,.F.);
#2204=ORIENTED_EDGE('',*,*,#4053,.F.);
#2205=ORIENTED_EDGE('',*,*,#4054,.T.);
#2206=ORIENTED_EDGE('',*,*,#3672,.T.);
#2207=ORIENTED_EDGE('',*,*,#4053,.T.);
#2208=ORIENTED_EDGE('',*,*,#4055,.F.);
#2209=ORIENTED_EDGE('',*,*,#3729,.F.);
#2210=ORIENTED_EDGE('',*,*,#3657,.T.);
#2211=ORIENTED_EDGE('',*,*,#3727,.T.);
#2212=ORIENTED_EDGE('',*,*,#4055,.T.);
#2213=ORIENTED_EDGE('',*,*,#4052,.T.);
#2214=ORIENTED_EDGE('',*,*,#3655,.F.);
#2215=ORIENTED_EDGE('',*,*,#3673,.F.);
#2216=ORIENTED_EDGE('',*,*,#4054,.F.);
#2217=ORIENTED_EDGE('',*,*,#3728,.F.);
#2218=ORIENTED_EDGE('',*,*,#4056,.T.);
#2219=ORIENTED_EDGE('',*,*,#4057,.T.);
#2220=ORIENTED_EDGE('',*,*,#4058,.T.);
#2221=ORIENTED_EDGE('',*,*,#4059,.T.);
#2222=ORIENTED_EDGE('',*,*,#4060,.T.);
#2223=ORIENTED_EDGE('',*,*,#4061,.T.);
#2224=ORIENTED_EDGE('',*,*,#4062,.T.);
#2225=ORIENTED_EDGE('',*,*,#3882,.T.);
#2226=ORIENTED_EDGE('',*,*,#4063,.F.);
#2227=ORIENTED_EDGE('',*,*,#4064,.T.);
#2228=ORIENTED_EDGE('',*,*,#4065,.F.);
#2229=ORIENTED_EDGE('',*,*,#3884,.F.);
#2230=ORIENTED_EDGE('',*,*,#4065,.T.);
#2231=ORIENTED_EDGE('',*,*,#4066,.T.);
#2232=ORIENTED_EDGE('',*,*,#4060,.F.);
#2233=ORIENTED_EDGE('',*,*,#3885,.F.);
#2234=ORIENTED_EDGE('',*,*,#4062,.F.);
#2235=ORIENTED_EDGE('',*,*,#4067,.T.);
#2236=ORIENTED_EDGE('',*,*,#4063,.T.);
#2237=ORIENTED_EDGE('',*,*,#3883,.F.);
#2238=ORIENTED_EDGE('',*,*,#4068,.T.);
#2239=ORIENTED_EDGE('',*,*,#4069,.T.);
#2240=ORIENTED_EDGE('',*,*,#4070,.T.);
#2241=ORIENTED_EDGE('',*,*,#3723,.T.);
#2242=ORIENTED_EDGE('',*,*,#4071,.F.);
#2243=ORIENTED_EDGE('',*,*,#4072,.T.);
#2244=ORIENTED_EDGE('',*,*,#4073,.F.);
#2245=ORIENTED_EDGE('',*,*,#3725,.F.);
#2246=ORIENTED_EDGE('',*,*,#4073,.T.);
#2247=ORIENTED_EDGE('',*,*,#4074,.T.);
#2248=ORIENTED_EDGE('',*,*,#4068,.F.);
#2249=ORIENTED_EDGE('',*,*,#3726,.F.);
#2250=ORIENTED_EDGE('',*,*,#4075,.T.);
#2251=ORIENTED_EDGE('',*,*,#4076,.T.);
#2252=ORIENTED_EDGE('',*,*,#4077,.T.);
#2253=ORIENTED_EDGE('',*,*,#4078,.T.);
#2254=ORIENTED_EDGE('',*,*,#4070,.F.);
#2255=ORIENTED_EDGE('',*,*,#4079,.T.);
#2256=ORIENTED_EDGE('',*,*,#4071,.T.);
#2257=ORIENTED_EDGE('',*,*,#3724,.F.);
#2258=ORIENTED_EDGE('',*,*,#4080,.F.);
#2259=ORIENTED_EDGE('',*,*,#4079,.F.);
#2260=ORIENTED_EDGE('',*,*,#4081,.F.);
#2261=ORIENTED_EDGE('',*,*,#4078,.F.);
#2262=ORIENTED_EDGE('',*,*,#4081,.T.);
#2263=ORIENTED_EDGE('',*,*,#4069,.F.);
#2264=ORIENTED_EDGE('',*,*,#4082,.F.);
#2265=ORIENTED_EDGE('',*,*,#4075,.F.);
#2266=ORIENTED_EDGE('',*,*,#4080,.T.);
#2267=ORIENTED_EDGE('',*,*,#4077,.F.);
#2268=ORIENTED_EDGE('',*,*,#4083,.F.);
#2269=ORIENTED_EDGE('',*,*,#4072,.F.);
#2270=ORIENTED_EDGE('',*,*,#4082,.T.);
#2271=ORIENTED_EDGE('',*,*,#4074,.F.);
#2272=ORIENTED_EDGE('',*,*,#4083,.T.);
#2273=ORIENTED_EDGE('',*,*,#4076,.F.);
#2274=ORIENTED_EDGE('',*,*,#4084,.F.);
#2275=ORIENTED_EDGE('',*,*,#4067,.F.);
#2276=ORIENTED_EDGE('',*,*,#4085,.F.);
#2277=ORIENTED_EDGE('',*,*,#4059,.F.);
#2278=ORIENTED_EDGE('',*,*,#4085,.T.);
#2279=ORIENTED_EDGE('',*,*,#4061,.F.);
#2280=ORIENTED_EDGE('',*,*,#4086,.F.);
#2281=ORIENTED_EDGE('',*,*,#4056,.F.);
#2282=ORIENTED_EDGE('',*,*,#4084,.T.);
#2283=ORIENTED_EDGE('',*,*,#4058,.F.);
#2284=ORIENTED_EDGE('',*,*,#4087,.F.);
#2285=ORIENTED_EDGE('',*,*,#4064,.F.);
#2286=ORIENTED_EDGE('',*,*,#4086,.T.);
#2287=ORIENTED_EDGE('',*,*,#4066,.F.);
#2288=ORIENTED_EDGE('',*,*,#4087,.T.);
#2289=ORIENTED_EDGE('',*,*,#4057,.F.);
#2290=ORIENTED_EDGE('',*,*,#4088,.T.);
#2291=ORIENTED_EDGE('',*,*,#4089,.T.);
#2292=ORIENTED_EDGE('',*,*,#4090,.T.);
#2293=ORIENTED_EDGE('',*,*,#4091,.T.);
#2294=ORIENTED_EDGE('',*,*,#4092,.T.);
#2295=ORIENTED_EDGE('',*,*,#4093,.T.);
#2296=ORIENTED_EDGE('',*,*,#4094,.T.);
#2297=ORIENTED_EDGE('',*,*,#3894,.T.);
#2298=ORIENTED_EDGE('',*,*,#4095,.F.);
#2299=ORIENTED_EDGE('',*,*,#4096,.T.);
#2300=ORIENTED_EDGE('',*,*,#4097,.F.);
#2301=ORIENTED_EDGE('',*,*,#3896,.F.);
#2302=ORIENTED_EDGE('',*,*,#4097,.T.);
#2303=ORIENTED_EDGE('',*,*,#4098,.T.);
#2304=ORIENTED_EDGE('',*,*,#4092,.F.);
#2305=ORIENTED_EDGE('',*,*,#3897,.F.);
#2306=ORIENTED_EDGE('',*,*,#4094,.F.);
#2307=ORIENTED_EDGE('',*,*,#4099,.T.);
#2308=ORIENTED_EDGE('',*,*,#4095,.T.);
#2309=ORIENTED_EDGE('',*,*,#3895,.F.);
#2310=ORIENTED_EDGE('',*,*,#4100,.T.);
#2311=ORIENTED_EDGE('',*,*,#4101,.T.);
#2312=ORIENTED_EDGE('',*,*,#4102,.T.);
#2313=ORIENTED_EDGE('',*,*,#3719,.T.);
#2314=ORIENTED_EDGE('',*,*,#4103,.F.);
#2315=ORIENTED_EDGE('',*,*,#4104,.T.);
#2316=ORIENTED_EDGE('',*,*,#4105,.F.);
#2317=ORIENTED_EDGE('',*,*,#3721,.F.);
#2318=ORIENTED_EDGE('',*,*,#4105,.T.);
#2319=ORIENTED_EDGE('',*,*,#4106,.T.);
#2320=ORIENTED_EDGE('',*,*,#4100,.F.);
#2321=ORIENTED_EDGE('',*,*,#3722,.F.);
#2322=ORIENTED_EDGE('',*,*,#4107,.T.);
#2323=ORIENTED_EDGE('',*,*,#4108,.T.);
#2324=ORIENTED_EDGE('',*,*,#4109,.T.);
#2325=ORIENTED_EDGE('',*,*,#4110,.T.);
#2326=ORIENTED_EDGE('',*,*,#4102,.F.);
#2327=ORIENTED_EDGE('',*,*,#4111,.T.);
#2328=ORIENTED_EDGE('',*,*,#4103,.T.);
#2329=ORIENTED_EDGE('',*,*,#3720,.F.);
#2330=ORIENTED_EDGE('',*,*,#4112,.F.);
#2331=ORIENTED_EDGE('',*,*,#4111,.F.);
#2332=ORIENTED_EDGE('',*,*,#4113,.F.);
#2333=ORIENTED_EDGE('',*,*,#4110,.F.);
#2334=ORIENTED_EDGE('',*,*,#4113,.T.);
#2335=ORIENTED_EDGE('',*,*,#4101,.F.);
#2336=ORIENTED_EDGE('',*,*,#4114,.F.);
#2337=ORIENTED_EDGE('',*,*,#4107,.F.);
#2338=ORIENTED_EDGE('',*,*,#4112,.T.);
#2339=ORIENTED_EDGE('',*,*,#4109,.F.);
#2340=ORIENTED_EDGE('',*,*,#4115,.F.);
#2341=ORIENTED_EDGE('',*,*,#4104,.F.);
#2342=ORIENTED_EDGE('',*,*,#4114,.T.);
#2343=ORIENTED_EDGE('',*,*,#4106,.F.);
#2344=ORIENTED_EDGE('',*,*,#4115,.T.);
#2345=ORIENTED_EDGE('',*,*,#4108,.F.);
#2346=ORIENTED_EDGE('',*,*,#4116,.F.);
#2347=ORIENTED_EDGE('',*,*,#4099,.F.);
#2348=ORIENTED_EDGE('',*,*,#4117,.F.);
#2349=ORIENTED_EDGE('',*,*,#4091,.F.);
#2350=ORIENTED_EDGE('',*,*,#4117,.T.);
#2351=ORIENTED_EDGE('',*,*,#4093,.F.);
#2352=ORIENTED_EDGE('',*,*,#4118,.F.);
#2353=ORIENTED_EDGE('',*,*,#4088,.F.);
#2354=ORIENTED_EDGE('',*,*,#4116,.T.);
#2355=ORIENTED_EDGE('',*,*,#4090,.F.);
#2356=ORIENTED_EDGE('',*,*,#4119,.F.);
#2357=ORIENTED_EDGE('',*,*,#4096,.F.);
#2358=ORIENTED_EDGE('',*,*,#4118,.T.);
#2359=ORIENTED_EDGE('',*,*,#4098,.F.);
#2360=ORIENTED_EDGE('',*,*,#4119,.T.);
#2361=ORIENTED_EDGE('',*,*,#4089,.F.);
#2362=ORIENTED_EDGE('',*,*,#4120,.T.);
#2363=ORIENTED_EDGE('',*,*,#4121,.T.);
#2364=ORIENTED_EDGE('',*,*,#4122,.T.);
#2365=ORIENTED_EDGE('',*,*,#4123,.T.);
#2366=ORIENTED_EDGE('',*,*,#4124,.T.);
#2367=ORIENTED_EDGE('',*,*,#4125,.T.);
#2368=ORIENTED_EDGE('',*,*,#4126,.T.);
#2369=ORIENTED_EDGE('',*,*,#3908,.T.);
#2370=ORIENTED_EDGE('',*,*,#4127,.F.);
#2371=ORIENTED_EDGE('',*,*,#4128,.T.);
#2372=ORIENTED_EDGE('',*,*,#4129,.F.);
#2373=ORIENTED_EDGE('',*,*,#3910,.F.);
#2374=ORIENTED_EDGE('',*,*,#4129,.T.);
#2375=ORIENTED_EDGE('',*,*,#4130,.T.);
#2376=ORIENTED_EDGE('',*,*,#4124,.F.);
#2377=ORIENTED_EDGE('',*,*,#3911,.F.);
#2378=ORIENTED_EDGE('',*,*,#4126,.F.);
#2379=ORIENTED_EDGE('',*,*,#4131,.T.);
#2380=ORIENTED_EDGE('',*,*,#4127,.T.);
#2381=ORIENTED_EDGE('',*,*,#3909,.F.);
#2382=ORIENTED_EDGE('',*,*,#4132,.T.);
#2383=ORIENTED_EDGE('',*,*,#4133,.T.);
#2384=ORIENTED_EDGE('',*,*,#4134,.T.);
#2385=ORIENTED_EDGE('',*,*,#3715,.T.);
#2386=ORIENTED_EDGE('',*,*,#4135,.F.);
#2387=ORIENTED_EDGE('',*,*,#4136,.T.);
#2388=ORIENTED_EDGE('',*,*,#4137,.F.);
#2389=ORIENTED_EDGE('',*,*,#3717,.F.);
#2390=ORIENTED_EDGE('',*,*,#4137,.T.);
#2391=ORIENTED_EDGE('',*,*,#4138,.T.);
#2392=ORIENTED_EDGE('',*,*,#4132,.F.);
#2393=ORIENTED_EDGE('',*,*,#3718,.F.);
#2394=ORIENTED_EDGE('',*,*,#4139,.T.);
#2395=ORIENTED_EDGE('',*,*,#4140,.T.);
#2396=ORIENTED_EDGE('',*,*,#4141,.T.);
#2397=ORIENTED_EDGE('',*,*,#4142,.T.);
#2398=ORIENTED_EDGE('',*,*,#4134,.F.);
#2399=ORIENTED_EDGE('',*,*,#4143,.T.);
#2400=ORIENTED_EDGE('',*,*,#4135,.T.);
#2401=ORIENTED_EDGE('',*,*,#3716,.F.);
#2402=ORIENTED_EDGE('',*,*,#4144,.F.);
#2403=ORIENTED_EDGE('',*,*,#4143,.F.);
#2404=ORIENTED_EDGE('',*,*,#4145,.F.);
#2405=ORIENTED_EDGE('',*,*,#4142,.F.);
#2406=ORIENTED_EDGE('',*,*,#4145,.T.);
#2407=ORIENTED_EDGE('',*,*,#4133,.F.);
#2408=ORIENTED_EDGE('',*,*,#4146,.F.);
#2409=ORIENTED_EDGE('',*,*,#4139,.F.);
#2410=ORIENTED_EDGE('',*,*,#4144,.T.);
#2411=ORIENTED_EDGE('',*,*,#4141,.F.);
#2412=ORIENTED_EDGE('',*,*,#4147,.F.);
#2413=ORIENTED_EDGE('',*,*,#4136,.F.);
#2414=ORIENTED_EDGE('',*,*,#4146,.T.);
#2415=ORIENTED_EDGE('',*,*,#4138,.F.);
#2416=ORIENTED_EDGE('',*,*,#4147,.T.);
#2417=ORIENTED_EDGE('',*,*,#4140,.F.);
#2418=ORIENTED_EDGE('',*,*,#4148,.F.);
#2419=ORIENTED_EDGE('',*,*,#4131,.F.);
#2420=ORIENTED_EDGE('',*,*,#4149,.F.);
#2421=ORIENTED_EDGE('',*,*,#4123,.F.);
#2422=ORIENTED_EDGE('',*,*,#4149,.T.);
#2423=ORIENTED_EDGE('',*,*,#4125,.F.);
#2424=ORIENTED_EDGE('',*,*,#4150,.F.);
#2425=ORIENTED_EDGE('',*,*,#4120,.F.);
#2426=ORIENTED_EDGE('',*,*,#4148,.T.);
#2427=ORIENTED_EDGE('',*,*,#4122,.F.);
#2428=ORIENTED_EDGE('',*,*,#4151,.F.);
#2429=ORIENTED_EDGE('',*,*,#4128,.F.);
#2430=ORIENTED_EDGE('',*,*,#4150,.T.);
#2431=ORIENTED_EDGE('',*,*,#4130,.F.);
#2432=ORIENTED_EDGE('',*,*,#4151,.T.);
#2433=ORIENTED_EDGE('',*,*,#4121,.F.);
#2434=ORIENTED_EDGE('',*,*,#4152,.T.);
#2435=ORIENTED_EDGE('',*,*,#4153,.T.);
#2436=ORIENTED_EDGE('',*,*,#4154,.T.);
#2437=ORIENTED_EDGE('',*,*,#4155,.T.);
#2438=ORIENTED_EDGE('',*,*,#4156,.T.);
#2439=ORIENTED_EDGE('',*,*,#4157,.T.);
#2440=ORIENTED_EDGE('',*,*,#4158,.T.);
#2441=ORIENTED_EDGE('',*,*,#3922,.T.);
#2442=ORIENTED_EDGE('',*,*,#4159,.F.);
#2443=ORIENTED_EDGE('',*,*,#4160,.T.);
#2444=ORIENTED_EDGE('',*,*,#4161,.F.);
#2445=ORIENTED_EDGE('',*,*,#3924,.F.);
#2446=ORIENTED_EDGE('',*,*,#4161,.T.);
#2447=ORIENTED_EDGE('',*,*,#4162,.T.);
#2448=ORIENTED_EDGE('',*,*,#4156,.F.);
#2449=ORIENTED_EDGE('',*,*,#3925,.F.);
#2450=ORIENTED_EDGE('',*,*,#4158,.F.);
#2451=ORIENTED_EDGE('',*,*,#4163,.T.);
#2452=ORIENTED_EDGE('',*,*,#4159,.T.);
#2453=ORIENTED_EDGE('',*,*,#3923,.F.);
#2454=ORIENTED_EDGE('',*,*,#4164,.T.);
#2455=ORIENTED_EDGE('',*,*,#4165,.T.);
#2456=ORIENTED_EDGE('',*,*,#4166,.T.);
#2457=ORIENTED_EDGE('',*,*,#3711,.T.);
#2458=ORIENTED_EDGE('',*,*,#4167,.F.);
#2459=ORIENTED_EDGE('',*,*,#4168,.T.);
#2460=ORIENTED_EDGE('',*,*,#4169,.F.);
#2461=ORIENTED_EDGE('',*,*,#3713,.F.);
#2462=ORIENTED_EDGE('',*,*,#4169,.T.);
#2463=ORIENTED_EDGE('',*,*,#4170,.T.);
#2464=ORIENTED_EDGE('',*,*,#4164,.F.);
#2465=ORIENTED_EDGE('',*,*,#3714,.F.);
#2466=ORIENTED_EDGE('',*,*,#4171,.T.);
#2467=ORIENTED_EDGE('',*,*,#4172,.T.);
#2468=ORIENTED_EDGE('',*,*,#4173,.T.);
#2469=ORIENTED_EDGE('',*,*,#4174,.T.);
#2470=ORIENTED_EDGE('',*,*,#4166,.F.);
#2471=ORIENTED_EDGE('',*,*,#4175,.T.);
#2472=ORIENTED_EDGE('',*,*,#4167,.T.);
#2473=ORIENTED_EDGE('',*,*,#3712,.F.);
#2474=ORIENTED_EDGE('',*,*,#4176,.F.);
#2475=ORIENTED_EDGE('',*,*,#4175,.F.);
#2476=ORIENTED_EDGE('',*,*,#4177,.F.);
#2477=ORIENTED_EDGE('',*,*,#4174,.F.);
#2478=ORIENTED_EDGE('',*,*,#4177,.T.);
#2479=ORIENTED_EDGE('',*,*,#4165,.F.);
#2480=ORIENTED_EDGE('',*,*,#4178,.F.);
#2481=ORIENTED_EDGE('',*,*,#4171,.F.);
#2482=ORIENTED_EDGE('',*,*,#4176,.T.);
#2483=ORIENTED_EDGE('',*,*,#4173,.F.);
#2484=ORIENTED_EDGE('',*,*,#4179,.F.);
#2485=ORIENTED_EDGE('',*,*,#4168,.F.);
#2486=ORIENTED_EDGE('',*,*,#4178,.T.);
#2487=ORIENTED_EDGE('',*,*,#4170,.F.);
#2488=ORIENTED_EDGE('',*,*,#4179,.T.);
#2489=ORIENTED_EDGE('',*,*,#4172,.F.);
#2490=ORIENTED_EDGE('',*,*,#4180,.F.);
#2491=ORIENTED_EDGE('',*,*,#4163,.F.);
#2492=ORIENTED_EDGE('',*,*,#4181,.F.);
#2493=ORIENTED_EDGE('',*,*,#4155,.F.);
#2494=ORIENTED_EDGE('',*,*,#4181,.T.);
#2495=ORIENTED_EDGE('',*,*,#4157,.F.);
#2496=ORIENTED_EDGE('',*,*,#4182,.F.);
#2497=ORIENTED_EDGE('',*,*,#4152,.F.);
#2498=ORIENTED_EDGE('',*,*,#4180,.T.);
#2499=ORIENTED_EDGE('',*,*,#4154,.F.);
#2500=ORIENTED_EDGE('',*,*,#4183,.F.);
#2501=ORIENTED_EDGE('',*,*,#4160,.F.);
#2502=ORIENTED_EDGE('',*,*,#4182,.T.);
#2503=ORIENTED_EDGE('',*,*,#4162,.F.);
#2504=ORIENTED_EDGE('',*,*,#4183,.T.);
#2505=ORIENTED_EDGE('',*,*,#4153,.F.);
#2506=ORIENTED_EDGE('',*,*,#4184,.T.);
#2507=ORIENTED_EDGE('',*,*,#4185,.T.);
#2508=ORIENTED_EDGE('',*,*,#4186,.T.);
#2509=ORIENTED_EDGE('',*,*,#4187,.T.);
#2510=ORIENTED_EDGE('',*,*,#4188,.T.);
#2511=ORIENTED_EDGE('',*,*,#4189,.T.);
#2512=ORIENTED_EDGE('',*,*,#4190,.T.);
#2513=ORIENTED_EDGE('',*,*,#3936,.T.);
#2514=ORIENTED_EDGE('',*,*,#4191,.F.);
#2515=ORIENTED_EDGE('',*,*,#4192,.T.);
#2516=ORIENTED_EDGE('',*,*,#4193,.F.);
#2517=ORIENTED_EDGE('',*,*,#3938,.F.);
#2518=ORIENTED_EDGE('',*,*,#4193,.T.);
#2519=ORIENTED_EDGE('',*,*,#4194,.T.);
#2520=ORIENTED_EDGE('',*,*,#4188,.F.);
#2521=ORIENTED_EDGE('',*,*,#3939,.F.);
#2522=ORIENTED_EDGE('',*,*,#4190,.F.);
#2523=ORIENTED_EDGE('',*,*,#4195,.T.);
#2524=ORIENTED_EDGE('',*,*,#4191,.T.);
#2525=ORIENTED_EDGE('',*,*,#3937,.F.);
#2526=ORIENTED_EDGE('',*,*,#4196,.T.);
#2527=ORIENTED_EDGE('',*,*,#4197,.T.);
#2528=ORIENTED_EDGE('',*,*,#4198,.T.);
#2529=ORIENTED_EDGE('',*,*,#3707,.T.);
#2530=ORIENTED_EDGE('',*,*,#4199,.F.);
#2531=ORIENTED_EDGE('',*,*,#4200,.T.);
#2532=ORIENTED_EDGE('',*,*,#4201,.F.);
#2533=ORIENTED_EDGE('',*,*,#3709,.F.);
#2534=ORIENTED_EDGE('',*,*,#4201,.T.);
#2535=ORIENTED_EDGE('',*,*,#4202,.T.);
#2536=ORIENTED_EDGE('',*,*,#4196,.F.);
#2537=ORIENTED_EDGE('',*,*,#3710,.F.);
#2538=ORIENTED_EDGE('',*,*,#4203,.T.);
#2539=ORIENTED_EDGE('',*,*,#4204,.T.);
#2540=ORIENTED_EDGE('',*,*,#4205,.T.);
#2541=ORIENTED_EDGE('',*,*,#4206,.T.);
#2542=ORIENTED_EDGE('',*,*,#4198,.F.);
#2543=ORIENTED_EDGE('',*,*,#4207,.T.);
#2544=ORIENTED_EDGE('',*,*,#4199,.T.);
#2545=ORIENTED_EDGE('',*,*,#3708,.F.);
#2546=ORIENTED_EDGE('',*,*,#4208,.F.);
#2547=ORIENTED_EDGE('',*,*,#4207,.F.);
#2548=ORIENTED_EDGE('',*,*,#4209,.F.);
#2549=ORIENTED_EDGE('',*,*,#4206,.F.);
#2550=ORIENTED_EDGE('',*,*,#4209,.T.);
#2551=ORIENTED_EDGE('',*,*,#4197,.F.);
#2552=ORIENTED_EDGE('',*,*,#4210,.F.);
#2553=ORIENTED_EDGE('',*,*,#4203,.F.);
#2554=ORIENTED_EDGE('',*,*,#4208,.T.);
#2555=ORIENTED_EDGE('',*,*,#4205,.F.);
#2556=ORIENTED_EDGE('',*,*,#4211,.F.);
#2557=ORIENTED_EDGE('',*,*,#4200,.F.);
#2558=ORIENTED_EDGE('',*,*,#4210,.T.);
#2559=ORIENTED_EDGE('',*,*,#4202,.F.);
#2560=ORIENTED_EDGE('',*,*,#4211,.T.);
#2561=ORIENTED_EDGE('',*,*,#4204,.F.);
#2562=ORIENTED_EDGE('',*,*,#4212,.F.);
#2563=ORIENTED_EDGE('',*,*,#4195,.F.);
#2564=ORIENTED_EDGE('',*,*,#4213,.F.);
#2565=ORIENTED_EDGE('',*,*,#4187,.F.);
#2566=ORIENTED_EDGE('',*,*,#4213,.T.);
#2567=ORIENTED_EDGE('',*,*,#4189,.F.);
#2568=ORIENTED_EDGE('',*,*,#4214,.F.);
#2569=ORIENTED_EDGE('',*,*,#4184,.F.);
#2570=ORIENTED_EDGE('',*,*,#4212,.T.);
#2571=ORIENTED_EDGE('',*,*,#4186,.F.);
#2572=ORIENTED_EDGE('',*,*,#4215,.F.);
#2573=ORIENTED_EDGE('',*,*,#4192,.F.);
#2574=ORIENTED_EDGE('',*,*,#4214,.T.);
#2575=ORIENTED_EDGE('',*,*,#4194,.F.);
#2576=ORIENTED_EDGE('',*,*,#4215,.T.);
#2577=ORIENTED_EDGE('',*,*,#4185,.F.);
#2578=ORIENTED_EDGE('',*,*,#4216,.T.);
#2579=ORIENTED_EDGE('',*,*,#4217,.T.);
#2580=ORIENTED_EDGE('',*,*,#4218,.T.);
#2581=ORIENTED_EDGE('',*,*,#4219,.T.);
#2582=ORIENTED_EDGE('',*,*,#4220,.T.);
#2583=ORIENTED_EDGE('',*,*,#4221,.T.);
#2584=ORIENTED_EDGE('',*,*,#4222,.T.);
#2585=ORIENTED_EDGE('',*,*,#3950,.T.);
#2586=ORIENTED_EDGE('',*,*,#4223,.F.);
#2587=ORIENTED_EDGE('',*,*,#4224,.T.);
#2588=ORIENTED_EDGE('',*,*,#4225,.F.);
#2589=ORIENTED_EDGE('',*,*,#3952,.F.);
#2590=ORIENTED_EDGE('',*,*,#4225,.T.);
#2591=ORIENTED_EDGE('',*,*,#4226,.T.);
#2592=ORIENTED_EDGE('',*,*,#4220,.F.);
#2593=ORIENTED_EDGE('',*,*,#3953,.F.);
#2594=ORIENTED_EDGE('',*,*,#4222,.F.);
#2595=ORIENTED_EDGE('',*,*,#4227,.T.);
#2596=ORIENTED_EDGE('',*,*,#4223,.T.);
#2597=ORIENTED_EDGE('',*,*,#3951,.F.);
#2598=ORIENTED_EDGE('',*,*,#4228,.T.);
#2599=ORIENTED_EDGE('',*,*,#4229,.T.);
#2600=ORIENTED_EDGE('',*,*,#4230,.T.);
#2601=ORIENTED_EDGE('',*,*,#3703,.T.);
#2602=ORIENTED_EDGE('',*,*,#4231,.F.);
#2603=ORIENTED_EDGE('',*,*,#4232,.T.);
#2604=ORIENTED_EDGE('',*,*,#4233,.F.);
#2605=ORIENTED_EDGE('',*,*,#3705,.F.);
#2606=ORIENTED_EDGE('',*,*,#4233,.T.);
#2607=ORIENTED_EDGE('',*,*,#4234,.T.);
#2608=ORIENTED_EDGE('',*,*,#4228,.F.);
#2609=ORIENTED_EDGE('',*,*,#3706,.F.);
#2610=ORIENTED_EDGE('',*,*,#4235,.T.);
#2611=ORIENTED_EDGE('',*,*,#4236,.T.);
#2612=ORIENTED_EDGE('',*,*,#4237,.T.);
#2613=ORIENTED_EDGE('',*,*,#4238,.T.);
#2614=ORIENTED_EDGE('',*,*,#4230,.F.);
#2615=ORIENTED_EDGE('',*,*,#4239,.T.);
#2616=ORIENTED_EDGE('',*,*,#4231,.T.);
#2617=ORIENTED_EDGE('',*,*,#3704,.F.);
#2618=ORIENTED_EDGE('',*,*,#4240,.F.);
#2619=ORIENTED_EDGE('',*,*,#4239,.F.);
#2620=ORIENTED_EDGE('',*,*,#4241,.F.);
#2621=ORIENTED_EDGE('',*,*,#4238,.F.);
#2622=ORIENTED_EDGE('',*,*,#4241,.T.);
#2623=ORIENTED_EDGE('',*,*,#4229,.F.);
#2624=ORIENTED_EDGE('',*,*,#4242,.F.);
#2625=ORIENTED_EDGE('',*,*,#4235,.F.);
#2626=ORIENTED_EDGE('',*,*,#4240,.T.);
#2627=ORIENTED_EDGE('',*,*,#4237,.F.);
#2628=ORIENTED_EDGE('',*,*,#4243,.F.);
#2629=ORIENTED_EDGE('',*,*,#4232,.F.);
#2630=ORIENTED_EDGE('',*,*,#4242,.T.);
#2631=ORIENTED_EDGE('',*,*,#4234,.F.);
#2632=ORIENTED_EDGE('',*,*,#4243,.T.);
#2633=ORIENTED_EDGE('',*,*,#4236,.F.);
#2634=ORIENTED_EDGE('',*,*,#4244,.F.);
#2635=ORIENTED_EDGE('',*,*,#4227,.F.);
#2636=ORIENTED_EDGE('',*,*,#4245,.F.);
#2637=ORIENTED_EDGE('',*,*,#4219,.F.);
#2638=ORIENTED_EDGE('',*,*,#4245,.T.);
#2639=ORIENTED_EDGE('',*,*,#4221,.F.);
#2640=ORIENTED_EDGE('',*,*,#4246,.F.);
#2641=ORIENTED_EDGE('',*,*,#4216,.F.);
#2642=ORIENTED_EDGE('',*,*,#4244,.T.);
#2643=ORIENTED_EDGE('',*,*,#4218,.F.);
#2644=ORIENTED_EDGE('',*,*,#4247,.F.);
#2645=ORIENTED_EDGE('',*,*,#4224,.F.);
#2646=ORIENTED_EDGE('',*,*,#4246,.T.);
#2647=ORIENTED_EDGE('',*,*,#4226,.F.);
#2648=ORIENTED_EDGE('',*,*,#4247,.T.);
#2649=ORIENTED_EDGE('',*,*,#4217,.F.);
#2650=ORIENTED_EDGE('',*,*,#4248,.T.);
#2651=ORIENTED_EDGE('',*,*,#4249,.T.);
#2652=ORIENTED_EDGE('',*,*,#4250,.T.);
#2653=ORIENTED_EDGE('',*,*,#4251,.T.);
#2654=ORIENTED_EDGE('',*,*,#4252,.T.);
#2655=ORIENTED_EDGE('',*,*,#4253,.T.);
#2656=ORIENTED_EDGE('',*,*,#4254,.T.);
#2657=ORIENTED_EDGE('',*,*,#3964,.T.);
#2658=ORIENTED_EDGE('',*,*,#4255,.F.);
#2659=ORIENTED_EDGE('',*,*,#4256,.T.);
#2660=ORIENTED_EDGE('',*,*,#4257,.F.);
#2661=ORIENTED_EDGE('',*,*,#3966,.F.);
#2662=ORIENTED_EDGE('',*,*,#4257,.T.);
#2663=ORIENTED_EDGE('',*,*,#4258,.T.);
#2664=ORIENTED_EDGE('',*,*,#4252,.F.);
#2665=ORIENTED_EDGE('',*,*,#3967,.F.);
#2666=ORIENTED_EDGE('',*,*,#4254,.F.);
#2667=ORIENTED_EDGE('',*,*,#4259,.T.);
#2668=ORIENTED_EDGE('',*,*,#4255,.T.);
#2669=ORIENTED_EDGE('',*,*,#3965,.F.);
#2670=ORIENTED_EDGE('',*,*,#4260,.T.);
#2671=ORIENTED_EDGE('',*,*,#4261,.T.);
#2672=ORIENTED_EDGE('',*,*,#4262,.T.);
#2673=ORIENTED_EDGE('',*,*,#3699,.T.);
#2674=ORIENTED_EDGE('',*,*,#4263,.F.);
#2675=ORIENTED_EDGE('',*,*,#4264,.T.);
#2676=ORIENTED_EDGE('',*,*,#4265,.F.);
#2677=ORIENTED_EDGE('',*,*,#3701,.F.);
#2678=ORIENTED_EDGE('',*,*,#4265,.T.);
#2679=ORIENTED_EDGE('',*,*,#4266,.T.);
#2680=ORIENTED_EDGE('',*,*,#4260,.F.);
#2681=ORIENTED_EDGE('',*,*,#3702,.F.);
#2682=ORIENTED_EDGE('',*,*,#4267,.T.);
#2683=ORIENTED_EDGE('',*,*,#4268,.T.);
#2684=ORIENTED_EDGE('',*,*,#4269,.T.);
#2685=ORIENTED_EDGE('',*,*,#4270,.T.);
#2686=ORIENTED_EDGE('',*,*,#4262,.F.);
#2687=ORIENTED_EDGE('',*,*,#4271,.T.);
#2688=ORIENTED_EDGE('',*,*,#4263,.T.);
#2689=ORIENTED_EDGE('',*,*,#3700,.F.);
#2690=ORIENTED_EDGE('',*,*,#4272,.F.);
#2691=ORIENTED_EDGE('',*,*,#4271,.F.);
#2692=ORIENTED_EDGE('',*,*,#4273,.F.);
#2693=ORIENTED_EDGE('',*,*,#4270,.F.);
#2694=ORIENTED_EDGE('',*,*,#4273,.T.);
#2695=ORIENTED_EDGE('',*,*,#4261,.F.);
#2696=ORIENTED_EDGE('',*,*,#4274,.F.);
#2697=ORIENTED_EDGE('',*,*,#4267,.F.);
#2698=ORIENTED_EDGE('',*,*,#4272,.T.);
#2699=ORIENTED_EDGE('',*,*,#4269,.F.);
#2700=ORIENTED_EDGE('',*,*,#4275,.F.);
#2701=ORIENTED_EDGE('',*,*,#4264,.F.);
#2702=ORIENTED_EDGE('',*,*,#4274,.T.);
#2703=ORIENTED_EDGE('',*,*,#4266,.F.);
#2704=ORIENTED_EDGE('',*,*,#4275,.T.);
#2705=ORIENTED_EDGE('',*,*,#4268,.F.);
#2706=ORIENTED_EDGE('',*,*,#4276,.F.);
#2707=ORIENTED_EDGE('',*,*,#4259,.F.);
#2708=ORIENTED_EDGE('',*,*,#4277,.F.);
#2709=ORIENTED_EDGE('',*,*,#4251,.F.);
#2710=ORIENTED_EDGE('',*,*,#4277,.T.);
#2711=ORIENTED_EDGE('',*,*,#4253,.F.);
#2712=ORIENTED_EDGE('',*,*,#4278,.F.);
#2713=ORIENTED_EDGE('',*,*,#4248,.F.);
#2714=ORIENTED_EDGE('',*,*,#4276,.T.);
#2715=ORIENTED_EDGE('',*,*,#4250,.F.);
#2716=ORIENTED_EDGE('',*,*,#4279,.F.);
#2717=ORIENTED_EDGE('',*,*,#4256,.F.);
#2718=ORIENTED_EDGE('',*,*,#4278,.T.);
#2719=ORIENTED_EDGE('',*,*,#4258,.F.);
#2720=ORIENTED_EDGE('',*,*,#4279,.T.);
#2721=ORIENTED_EDGE('',*,*,#4249,.F.);
#2722=ORIENTED_EDGE('',*,*,#4280,.T.);
#2723=ORIENTED_EDGE('',*,*,#4281,.T.);
#2724=ORIENTED_EDGE('',*,*,#4282,.T.);
#2725=ORIENTED_EDGE('',*,*,#4283,.T.);
#2726=ORIENTED_EDGE('',*,*,#4284,.T.);
#2727=ORIENTED_EDGE('',*,*,#4285,.T.);
#2728=ORIENTED_EDGE('',*,*,#4286,.T.);
#2729=ORIENTED_EDGE('',*,*,#3978,.T.);
#2730=ORIENTED_EDGE('',*,*,#4287,.F.);
#2731=ORIENTED_EDGE('',*,*,#4288,.T.);
#2732=ORIENTED_EDGE('',*,*,#4289,.F.);
#2733=ORIENTED_EDGE('',*,*,#3980,.F.);
#2734=ORIENTED_EDGE('',*,*,#4289,.T.);
#2735=ORIENTED_EDGE('',*,*,#4290,.T.);
#2736=ORIENTED_EDGE('',*,*,#4284,.F.);
#2737=ORIENTED_EDGE('',*,*,#3981,.F.);
#2738=ORIENTED_EDGE('',*,*,#4286,.F.);
#2739=ORIENTED_EDGE('',*,*,#4291,.T.);
#2740=ORIENTED_EDGE('',*,*,#4287,.T.);
#2741=ORIENTED_EDGE('',*,*,#3979,.F.);
#2742=ORIENTED_EDGE('',*,*,#4292,.T.);
#2743=ORIENTED_EDGE('',*,*,#4293,.T.);
#2744=ORIENTED_EDGE('',*,*,#4294,.T.);
#2745=ORIENTED_EDGE('',*,*,#3695,.T.);
#2746=ORIENTED_EDGE('',*,*,#4295,.F.);
#2747=ORIENTED_EDGE('',*,*,#4296,.T.);
#2748=ORIENTED_EDGE('',*,*,#4297,.F.);
#2749=ORIENTED_EDGE('',*,*,#3697,.F.);
#2750=ORIENTED_EDGE('',*,*,#4297,.T.);
#2751=ORIENTED_EDGE('',*,*,#4298,.T.);
#2752=ORIENTED_EDGE('',*,*,#4292,.F.);
#2753=ORIENTED_EDGE('',*,*,#3698,.F.);
#2754=ORIENTED_EDGE('',*,*,#4299,.T.);
#2755=ORIENTED_EDGE('',*,*,#4300,.T.);
#2756=ORIENTED_EDGE('',*,*,#4301,.T.);
#2757=ORIENTED_EDGE('',*,*,#4302,.T.);
#2758=ORIENTED_EDGE('',*,*,#4294,.F.);
#2759=ORIENTED_EDGE('',*,*,#4303,.T.);
#2760=ORIENTED_EDGE('',*,*,#4295,.T.);
#2761=ORIENTED_EDGE('',*,*,#3696,.F.);
#2762=ORIENTED_EDGE('',*,*,#4304,.F.);
#2763=ORIENTED_EDGE('',*,*,#4303,.F.);
#2764=ORIENTED_EDGE('',*,*,#4305,.F.);
#2765=ORIENTED_EDGE('',*,*,#4302,.F.);
#2766=ORIENTED_EDGE('',*,*,#4305,.T.);
#2767=ORIENTED_EDGE('',*,*,#4293,.F.);
#2768=ORIENTED_EDGE('',*,*,#4306,.F.);
#2769=ORIENTED_EDGE('',*,*,#4299,.F.);
#2770=ORIENTED_EDGE('',*,*,#4304,.T.);
#2771=ORIENTED_EDGE('',*,*,#4301,.F.);
#2772=ORIENTED_EDGE('',*,*,#4307,.F.);
#2773=ORIENTED_EDGE('',*,*,#4296,.F.);
#2774=ORIENTED_EDGE('',*,*,#4306,.T.);
#2775=ORIENTED_EDGE('',*,*,#4298,.F.);
#2776=ORIENTED_EDGE('',*,*,#4307,.T.);
#2777=ORIENTED_EDGE('',*,*,#4300,.F.);
#2778=ORIENTED_EDGE('',*,*,#4308,.F.);
#2779=ORIENTED_EDGE('',*,*,#4291,.F.);
#2780=ORIENTED_EDGE('',*,*,#4309,.F.);
#2781=ORIENTED_EDGE('',*,*,#4283,.F.);
#2782=ORIENTED_EDGE('',*,*,#4309,.T.);
#2783=ORIENTED_EDGE('',*,*,#4285,.F.);
#2784=ORIENTED_EDGE('',*,*,#4310,.F.);
#2785=ORIENTED_EDGE('',*,*,#4280,.F.);
#2786=ORIENTED_EDGE('',*,*,#4308,.T.);
#2787=ORIENTED_EDGE('',*,*,#4282,.F.);
#2788=ORIENTED_EDGE('',*,*,#4311,.F.);
#2789=ORIENTED_EDGE('',*,*,#4288,.F.);
#2790=ORIENTED_EDGE('',*,*,#4310,.T.);
#2791=ORIENTED_EDGE('',*,*,#4290,.F.);
#2792=ORIENTED_EDGE('',*,*,#4311,.T.);
#2793=ORIENTED_EDGE('',*,*,#4281,.F.);
#2794=ORIENTED_EDGE('',*,*,#4312,.T.);
#2795=ORIENTED_EDGE('',*,*,#4313,.T.);
#2796=ORIENTED_EDGE('',*,*,#4314,.T.);
#2797=ORIENTED_EDGE('',*,*,#4315,.T.);
#2798=ORIENTED_EDGE('',*,*,#4316,.T.);
#2799=ORIENTED_EDGE('',*,*,#4317,.T.);
#2800=ORIENTED_EDGE('',*,*,#4318,.T.);
#2801=ORIENTED_EDGE('',*,*,#3992,.T.);
#2802=ORIENTED_EDGE('',*,*,#4319,.F.);
#2803=ORIENTED_EDGE('',*,*,#4320,.T.);
#2804=ORIENTED_EDGE('',*,*,#4321,.F.);
#2805=ORIENTED_EDGE('',*,*,#3994,.F.);
#2806=ORIENTED_EDGE('',*,*,#4321,.T.);
#2807=ORIENTED_EDGE('',*,*,#4322,.T.);
#2808=ORIENTED_EDGE('',*,*,#4316,.F.);
#2809=ORIENTED_EDGE('',*,*,#3995,.F.);
#2810=ORIENTED_EDGE('',*,*,#4318,.F.);
#2811=ORIENTED_EDGE('',*,*,#4323,.T.);
#2812=ORIENTED_EDGE('',*,*,#4319,.T.);
#2813=ORIENTED_EDGE('',*,*,#3993,.F.);
#2814=ORIENTED_EDGE('',*,*,#4324,.T.);
#2815=ORIENTED_EDGE('',*,*,#4325,.T.);
#2816=ORIENTED_EDGE('',*,*,#4326,.T.);
#2817=ORIENTED_EDGE('',*,*,#3691,.T.);
#2818=ORIENTED_EDGE('',*,*,#4327,.F.);
#2819=ORIENTED_EDGE('',*,*,#4328,.T.);
#2820=ORIENTED_EDGE('',*,*,#4329,.F.);
#2821=ORIENTED_EDGE('',*,*,#3693,.F.);
#2822=ORIENTED_EDGE('',*,*,#4329,.T.);
#2823=ORIENTED_EDGE('',*,*,#4330,.T.);
#2824=ORIENTED_EDGE('',*,*,#4324,.F.);
#2825=ORIENTED_EDGE('',*,*,#3694,.F.);
#2826=ORIENTED_EDGE('',*,*,#4331,.T.);
#2827=ORIENTED_EDGE('',*,*,#4332,.T.);
#2828=ORIENTED_EDGE('',*,*,#4333,.T.);
#2829=ORIENTED_EDGE('',*,*,#4334,.T.);
#2830=ORIENTED_EDGE('',*,*,#4326,.F.);
#2831=ORIENTED_EDGE('',*,*,#4335,.T.);
#2832=ORIENTED_EDGE('',*,*,#4327,.T.);
#2833=ORIENTED_EDGE('',*,*,#3692,.F.);
#2834=ORIENTED_EDGE('',*,*,#4336,.F.);
#2835=ORIENTED_EDGE('',*,*,#4335,.F.);
#2836=ORIENTED_EDGE('',*,*,#4337,.F.);
#2837=ORIENTED_EDGE('',*,*,#4334,.F.);
#2838=ORIENTED_EDGE('',*,*,#4337,.T.);
#2839=ORIENTED_EDGE('',*,*,#4325,.F.);
#2840=ORIENTED_EDGE('',*,*,#4338,.F.);
#2841=ORIENTED_EDGE('',*,*,#4331,.F.);
#2842=ORIENTED_EDGE('',*,*,#4336,.T.);
#2843=ORIENTED_EDGE('',*,*,#4333,.F.);
#2844=ORIENTED_EDGE('',*,*,#4339,.F.);
#2845=ORIENTED_EDGE('',*,*,#4328,.F.);
#2846=ORIENTED_EDGE('',*,*,#4338,.T.);
#2847=ORIENTED_EDGE('',*,*,#4330,.F.);
#2848=ORIENTED_EDGE('',*,*,#4339,.T.);
#2849=ORIENTED_EDGE('',*,*,#4332,.F.);
#2850=ORIENTED_EDGE('',*,*,#4340,.F.);
#2851=ORIENTED_EDGE('',*,*,#4323,.F.);
#2852=ORIENTED_EDGE('',*,*,#4341,.F.);
#2853=ORIENTED_EDGE('',*,*,#4315,.F.);
#2854=ORIENTED_EDGE('',*,*,#4341,.T.);
#2855=ORIENTED_EDGE('',*,*,#4317,.F.);
#2856=ORIENTED_EDGE('',*,*,#4342,.F.);
#2857=ORIENTED_EDGE('',*,*,#4312,.F.);
#2858=ORIENTED_EDGE('',*,*,#4340,.T.);
#2859=ORIENTED_EDGE('',*,*,#4314,.F.);
#2860=ORIENTED_EDGE('',*,*,#4343,.F.);
#2861=ORIENTED_EDGE('',*,*,#4320,.F.);
#2862=ORIENTED_EDGE('',*,*,#4342,.T.);
#2863=ORIENTED_EDGE('',*,*,#4322,.F.);
#2864=ORIENTED_EDGE('',*,*,#4343,.T.);
#2865=ORIENTED_EDGE('',*,*,#4313,.F.);
#2866=ORIENTED_EDGE('',*,*,#4344,.T.);
#2867=ORIENTED_EDGE('',*,*,#4345,.T.);
#2868=ORIENTED_EDGE('',*,*,#4346,.T.);
#2869=ORIENTED_EDGE('',*,*,#4347,.T.);
#2870=ORIENTED_EDGE('',*,*,#4348,.T.);
#2871=ORIENTED_EDGE('',*,*,#4349,.T.);
#2872=ORIENTED_EDGE('',*,*,#4350,.T.);
#2873=ORIENTED_EDGE('',*,*,#4004,.T.);
#2874=ORIENTED_EDGE('',*,*,#4351,.F.);
#2875=ORIENTED_EDGE('',*,*,#4352,.T.);
#2876=ORIENTED_EDGE('',*,*,#4353,.F.);
#2877=ORIENTED_EDGE('',*,*,#4006,.F.);
#2878=ORIENTED_EDGE('',*,*,#4353,.T.);
#2879=ORIENTED_EDGE('',*,*,#4354,.T.);
#2880=ORIENTED_EDGE('',*,*,#4348,.F.);
#2881=ORIENTED_EDGE('',*,*,#4007,.F.);
#2882=ORIENTED_EDGE('',*,*,#4350,.F.);
#2883=ORIENTED_EDGE('',*,*,#4355,.T.);
#2884=ORIENTED_EDGE('',*,*,#4351,.T.);
#2885=ORIENTED_EDGE('',*,*,#4005,.F.);
#2886=ORIENTED_EDGE('',*,*,#4356,.T.);
#2887=ORIENTED_EDGE('',*,*,#4357,.T.);
#2888=ORIENTED_EDGE('',*,*,#4358,.T.);
#2889=ORIENTED_EDGE('',*,*,#3687,.T.);
#2890=ORIENTED_EDGE('',*,*,#4359,.F.);
#2891=ORIENTED_EDGE('',*,*,#4360,.T.);
#2892=ORIENTED_EDGE('',*,*,#4361,.F.);
#2893=ORIENTED_EDGE('',*,*,#3689,.F.);
#2894=ORIENTED_EDGE('',*,*,#4361,.T.);
#2895=ORIENTED_EDGE('',*,*,#4362,.T.);
#2896=ORIENTED_EDGE('',*,*,#4356,.F.);
#2897=ORIENTED_EDGE('',*,*,#3690,.F.);
#2898=ORIENTED_EDGE('',*,*,#4363,.T.);
#2899=ORIENTED_EDGE('',*,*,#4364,.T.);
#2900=ORIENTED_EDGE('',*,*,#4365,.T.);
#2901=ORIENTED_EDGE('',*,*,#4366,.T.);
#2902=ORIENTED_EDGE('',*,*,#4358,.F.);
#2903=ORIENTED_EDGE('',*,*,#4367,.T.);
#2904=ORIENTED_EDGE('',*,*,#4359,.T.);
#2905=ORIENTED_EDGE('',*,*,#3688,.F.);
#2906=ORIENTED_EDGE('',*,*,#4368,.F.);
#2907=ORIENTED_EDGE('',*,*,#4367,.F.);
#2908=ORIENTED_EDGE('',*,*,#4369,.F.);
#2909=ORIENTED_EDGE('',*,*,#4366,.F.);
#2910=ORIENTED_EDGE('',*,*,#4369,.T.);
#2911=ORIENTED_EDGE('',*,*,#4357,.F.);
#2912=ORIENTED_EDGE('',*,*,#4370,.F.);
#2913=ORIENTED_EDGE('',*,*,#4363,.F.);
#2914=ORIENTED_EDGE('',*,*,#4368,.T.);
#2915=ORIENTED_EDGE('',*,*,#4365,.F.);
#2916=ORIENTED_EDGE('',*,*,#4371,.F.);
#2917=ORIENTED_EDGE('',*,*,#4360,.F.);
#2918=ORIENTED_EDGE('',*,*,#4370,.T.);
#2919=ORIENTED_EDGE('',*,*,#4362,.F.);
#2920=ORIENTED_EDGE('',*,*,#4371,.T.);
#2921=ORIENTED_EDGE('',*,*,#4364,.F.);
#2922=ORIENTED_EDGE('',*,*,#4372,.F.);
#2923=ORIENTED_EDGE('',*,*,#4355,.F.);
#2924=ORIENTED_EDGE('',*,*,#4373,.F.);
#2925=ORIENTED_EDGE('',*,*,#4347,.F.);
#2926=ORIENTED_EDGE('',*,*,#4373,.T.);
#2927=ORIENTED_EDGE('',*,*,#4349,.F.);
#2928=ORIENTED_EDGE('',*,*,#4374,.F.);
#2929=ORIENTED_EDGE('',*,*,#4344,.F.);
#2930=ORIENTED_EDGE('',*,*,#4372,.T.);
#2931=ORIENTED_EDGE('',*,*,#4346,.F.);
#2932=ORIENTED_EDGE('',*,*,#4375,.F.);
#2933=ORIENTED_EDGE('',*,*,#4352,.F.);
#2934=ORIENTED_EDGE('',*,*,#4374,.T.);
#2935=ORIENTED_EDGE('',*,*,#4354,.F.);
#2936=ORIENTED_EDGE('',*,*,#4375,.T.);
#2937=ORIENTED_EDGE('',*,*,#4345,.F.);
#2938=ORIENTED_EDGE('',*,*,#4376,.T.);
#2939=ORIENTED_EDGE('',*,*,#4377,.T.);
#2940=ORIENTED_EDGE('',*,*,#4378,.T.);
#2941=ORIENTED_EDGE('',*,*,#4379,.T.);
#2942=ORIENTED_EDGE('',*,*,#4380,.T.);
#2943=ORIENTED_EDGE('',*,*,#4381,.T.);
#2944=ORIENTED_EDGE('',*,*,#4382,.T.);
#2945=ORIENTED_EDGE('',*,*,#4018,.T.);
#2946=ORIENTED_EDGE('',*,*,#4383,.F.);
#2947=ORIENTED_EDGE('',*,*,#4384,.T.);
#2948=ORIENTED_EDGE('',*,*,#4385,.F.);
#2949=ORIENTED_EDGE('',*,*,#4020,.F.);
#2950=ORIENTED_EDGE('',*,*,#4385,.T.);
#2951=ORIENTED_EDGE('',*,*,#4386,.T.);
#2952=ORIENTED_EDGE('',*,*,#4380,.F.);
#2953=ORIENTED_EDGE('',*,*,#4021,.F.);
#2954=ORIENTED_EDGE('',*,*,#4382,.F.);
#2955=ORIENTED_EDGE('',*,*,#4387,.T.);
#2956=ORIENTED_EDGE('',*,*,#4383,.T.);
#2957=ORIENTED_EDGE('',*,*,#4019,.F.);
#2958=ORIENTED_EDGE('',*,*,#4388,.T.);
#2959=ORIENTED_EDGE('',*,*,#4389,.T.);
#2960=ORIENTED_EDGE('',*,*,#4390,.T.);
#2961=ORIENTED_EDGE('',*,*,#3683,.T.);
#2962=ORIENTED_EDGE('',*,*,#4391,.F.);
#2963=ORIENTED_EDGE('',*,*,#4392,.T.);
#2964=ORIENTED_EDGE('',*,*,#4393,.F.);
#2965=ORIENTED_EDGE('',*,*,#3685,.F.);
#2966=ORIENTED_EDGE('',*,*,#4393,.T.);
#2967=ORIENTED_EDGE('',*,*,#4394,.T.);
#2968=ORIENTED_EDGE('',*,*,#4388,.F.);
#2969=ORIENTED_EDGE('',*,*,#3686,.F.);
#2970=ORIENTED_EDGE('',*,*,#4395,.T.);
#2971=ORIENTED_EDGE('',*,*,#4396,.T.);
#2972=ORIENTED_EDGE('',*,*,#4397,.T.);
#2973=ORIENTED_EDGE('',*,*,#4398,.T.);
#2974=ORIENTED_EDGE('',*,*,#4390,.F.);
#2975=ORIENTED_EDGE('',*,*,#4399,.T.);
#2976=ORIENTED_EDGE('',*,*,#4391,.T.);
#2977=ORIENTED_EDGE('',*,*,#3684,.F.);
#2978=ORIENTED_EDGE('',*,*,#4400,.F.);
#2979=ORIENTED_EDGE('',*,*,#4399,.F.);
#2980=ORIENTED_EDGE('',*,*,#4401,.F.);
#2981=ORIENTED_EDGE('',*,*,#4398,.F.);
#2982=ORIENTED_EDGE('',*,*,#4401,.T.);
#2983=ORIENTED_EDGE('',*,*,#4389,.F.);
#2984=ORIENTED_EDGE('',*,*,#4402,.F.);
#2985=ORIENTED_EDGE('',*,*,#4395,.F.);
#2986=ORIENTED_EDGE('',*,*,#4400,.T.);
#2987=ORIENTED_EDGE('',*,*,#4397,.F.);
#2988=ORIENTED_EDGE('',*,*,#4403,.F.);
#2989=ORIENTED_EDGE('',*,*,#4392,.F.);
#2990=ORIENTED_EDGE('',*,*,#4402,.T.);
#2991=ORIENTED_EDGE('',*,*,#4394,.F.);
#2992=ORIENTED_EDGE('',*,*,#4403,.T.);
#2993=ORIENTED_EDGE('',*,*,#4396,.F.);
#2994=ORIENTED_EDGE('',*,*,#4404,.F.);
#2995=ORIENTED_EDGE('',*,*,#4387,.F.);
#2996=ORIENTED_EDGE('',*,*,#4405,.F.);
#2997=ORIENTED_EDGE('',*,*,#4379,.F.);
#2998=ORIENTED_EDGE('',*,*,#4405,.T.);
#2999=ORIENTED_EDGE('',*,*,#4381,.F.);
#3000=ORIENTED_EDGE('',*,*,#4406,.F.);
#3001=ORIENTED_EDGE('',*,*,#4376,.F.);
#3002=ORIENTED_EDGE('',*,*,#4404,.T.);
#3003=ORIENTED_EDGE('',*,*,#4378,.F.);
#3004=ORIENTED_EDGE('',*,*,#4407,.F.);
#3005=ORIENTED_EDGE('',*,*,#4384,.F.);
#3006=ORIENTED_EDGE('',*,*,#4406,.T.);
#3007=ORIENTED_EDGE('',*,*,#4386,.F.);
#3008=ORIENTED_EDGE('',*,*,#4407,.T.);
#3009=ORIENTED_EDGE('',*,*,#4377,.F.);
#3010=ORIENTED_EDGE('',*,*,#4408,.T.);
#3011=ORIENTED_EDGE('',*,*,#4409,.T.);
#3012=ORIENTED_EDGE('',*,*,#4410,.T.);
#3013=ORIENTED_EDGE('',*,*,#4411,.T.);
#3014=ORIENTED_EDGE('',*,*,#4412,.T.);
#3015=ORIENTED_EDGE('',*,*,#4413,.T.);
#3016=ORIENTED_EDGE('',*,*,#4414,.T.);
#3017=ORIENTED_EDGE('',*,*,#4032,.T.);
#3018=ORIENTED_EDGE('',*,*,#4415,.F.);
#3019=ORIENTED_EDGE('',*,*,#4416,.T.);
#3020=ORIENTED_EDGE('',*,*,#4417,.F.);
#3021=ORIENTED_EDGE('',*,*,#4034,.F.);
#3022=ORIENTED_EDGE('',*,*,#4417,.T.);
#3023=ORIENTED_EDGE('',*,*,#4418,.T.);
#3024=ORIENTED_EDGE('',*,*,#4412,.F.);
#3025=ORIENTED_EDGE('',*,*,#4035,.F.);
#3026=ORIENTED_EDGE('',*,*,#4414,.F.);
#3027=ORIENTED_EDGE('',*,*,#4419,.T.);
#3028=ORIENTED_EDGE('',*,*,#4415,.T.);
#3029=ORIENTED_EDGE('',*,*,#4033,.F.);
#3030=ORIENTED_EDGE('',*,*,#4420,.T.);
#3031=ORIENTED_EDGE('',*,*,#4421,.T.);
#3032=ORIENTED_EDGE('',*,*,#4422,.T.);
#3033=ORIENTED_EDGE('',*,*,#3679,.T.);
#3034=ORIENTED_EDGE('',*,*,#4423,.F.);
#3035=ORIENTED_EDGE('',*,*,#4424,.T.);
#3036=ORIENTED_EDGE('',*,*,#4425,.F.);
#3037=ORIENTED_EDGE('',*,*,#3681,.F.);
#3038=ORIENTED_EDGE('',*,*,#4425,.T.);
#3039=ORIENTED_EDGE('',*,*,#4426,.T.);
#3040=ORIENTED_EDGE('',*,*,#4420,.F.);
#3041=ORIENTED_EDGE('',*,*,#3682,.F.);
#3042=ORIENTED_EDGE('',*,*,#4427,.T.);
#3043=ORIENTED_EDGE('',*,*,#4428,.T.);
#3044=ORIENTED_EDGE('',*,*,#4429,.T.);
#3045=ORIENTED_EDGE('',*,*,#4430,.T.);
#3046=ORIENTED_EDGE('',*,*,#4422,.F.);
#3047=ORIENTED_EDGE('',*,*,#4431,.T.);
#3048=ORIENTED_EDGE('',*,*,#4423,.T.);
#3049=ORIENTED_EDGE('',*,*,#3680,.F.);
#3050=ORIENTED_EDGE('',*,*,#4432,.F.);
#3051=ORIENTED_EDGE('',*,*,#4431,.F.);
#3052=ORIENTED_EDGE('',*,*,#4433,.F.);
#3053=ORIENTED_EDGE('',*,*,#4430,.F.);
#3054=ORIENTED_EDGE('',*,*,#4433,.T.);
#3055=ORIENTED_EDGE('',*,*,#4421,.F.);
#3056=ORIENTED_EDGE('',*,*,#4434,.F.);
#3057=ORIENTED_EDGE('',*,*,#4427,.F.);
#3058=ORIENTED_EDGE('',*,*,#4432,.T.);
#3059=ORIENTED_EDGE('',*,*,#4429,.F.);
#3060=ORIENTED_EDGE('',*,*,#4435,.F.);
#3061=ORIENTED_EDGE('',*,*,#4424,.F.);
#3062=ORIENTED_EDGE('',*,*,#4434,.T.);
#3063=ORIENTED_EDGE('',*,*,#4426,.F.);
#3064=ORIENTED_EDGE('',*,*,#4435,.T.);
#3065=ORIENTED_EDGE('',*,*,#4428,.F.);
#3066=ORIENTED_EDGE('',*,*,#4436,.F.);
#3067=ORIENTED_EDGE('',*,*,#4419,.F.);
#3068=ORIENTED_EDGE('',*,*,#4437,.F.);
#3069=ORIENTED_EDGE('',*,*,#4411,.F.);
#3070=ORIENTED_EDGE('',*,*,#4437,.T.);
#3071=ORIENTED_EDGE('',*,*,#4413,.F.);
#3072=ORIENTED_EDGE('',*,*,#4438,.F.);
#3073=ORIENTED_EDGE('',*,*,#4408,.F.);
#3074=ORIENTED_EDGE('',*,*,#4436,.T.);
#3075=ORIENTED_EDGE('',*,*,#4410,.F.);
#3076=ORIENTED_EDGE('',*,*,#4439,.F.);
#3077=ORIENTED_EDGE('',*,*,#4416,.F.);
#3078=ORIENTED_EDGE('',*,*,#4438,.T.);
#3079=ORIENTED_EDGE('',*,*,#4418,.F.);
#3080=ORIENTED_EDGE('',*,*,#4439,.T.);
#3081=ORIENTED_EDGE('',*,*,#4409,.F.);
#3082=ORIENTED_EDGE('',*,*,#3678,.T.);
#3083=ORIENTED_EDGE('',*,*,#4039,.T.);
#3084=ORIENTED_EDGE('',*,*,#4440,.F.);
#3085=ORIENTED_EDGE('',*,*,#4441,.F.);
#3086=ORIENTED_EDGE('',*,*,#4442,.T.);
#3087=ORIENTED_EDGE('',*,*,#4042,.T.);
#3088=ORIENTED_EDGE('',*,*,#4048,.F.);
#3089=ORIENTED_EDGE('',*,*,#4443,.F.);
#3090=ORIENTED_EDGE('',*,*,#4444,.T.);
#3091=ORIENTED_EDGE('',*,*,#4445,.F.);
#3092=ORIENTED_EDGE('',*,*,#4440,.T.);
#3093=ORIENTED_EDGE('',*,*,#3674,.T.);
#3094=ORIENTED_EDGE('',*,*,#4442,.F.);
#3095=ORIENTED_EDGE('',*,*,#4446,.F.);
#3096=ORIENTED_EDGE('',*,*,#4447,.F.);
#3097=ORIENTED_EDGE('',*,*,#4448,.F.);
#3098=ORIENTED_EDGE('',*,*,#4044,.T.);
#3099=ORIENTED_EDGE('',*,*,#4051,.T.);
#3100=ORIENTED_EDGE('',*,*,#4449,.F.);
#3101=ORIENTED_EDGE('',*,*,#4450,.T.);
#3102=ORIENTED_EDGE('',*,*,#4451,.F.);
#3103=ORIENTED_EDGE('',*,*,#3662,.F.);
#3104=ORIENTED_EDGE('',*,*,#3659,.T.);
#3105=ORIENTED_EDGE('',*,*,#4050,.T.);
#3106=ORIENTED_EDGE('',*,*,#3671,.T.);
#3107=ORIENTED_EDGE('',*,*,#4452,.F.);
#3108=ORIENTED_EDGE('',*,*,#4453,.F.);
#3109=ORIENTED_EDGE('',*,*,#4449,.T.);
#3110=ORIENTED_EDGE('',*,*,#3670,.T.);
#3111=ORIENTED_EDGE('',*,*,#3653,.F.);
#3112=ORIENTED_EDGE('',*,*,#3668,.F.);
#3113=ORIENTED_EDGE('',*,*,#4454,.T.);
#3114=ORIENTED_EDGE('',*,*,#4455,.T.);
#3115=ORIENTED_EDGE('',*,*,#4452,.T.);
#3116=ORIENTED_EDGE('',*,*,#4456,.F.);
#3117=ORIENTED_EDGE('',*,*,#4444,.F.);
#3118=ORIENTED_EDGE('',*,*,#4457,.F.);
#3119=ORIENTED_EDGE('',*,*,#4447,.T.);
#3120=ORIENTED_EDGE('',*,*,#4446,.T.);
#3121=ORIENTED_EDGE('',*,*,#4441,.T.);
#3122=ORIENTED_EDGE('',*,*,#4445,.T.);
#3123=ORIENTED_EDGE('',*,*,#4456,.T.);
#3124=ORIENTED_EDGE('',*,*,#4458,.T.);
#3125=ORIENTED_EDGE('',*,*,#4454,.F.);
#3126=ORIENTED_EDGE('',*,*,#3665,.F.);
#3127=ORIENTED_EDGE('',*,*,#4451,.T.);
#3128=ORIENTED_EDGE('',*,*,#4450,.F.);
#3129=ORIENTED_EDGE('',*,*,#4453,.T.);
#3130=ORIENTED_EDGE('',*,*,#4455,.F.);
#3131=ORIENTED_EDGE('',*,*,#4458,.F.);
#3132=ORIENTED_EDGE('',*,*,#4457,.T.);
#3133=ORIENTED_EDGE('',*,*,#4459,.F.);
#3134=ORIENTED_EDGE('',*,*,#4460,.F.);
#3135=ORIENTED_EDGE('',*,*,#4461,.T.);
#3136=ORIENTED_EDGE('',*,*,#4443,.T.);
#3137=ORIENTED_EDGE('',*,*,#4047,.F.);
#3138=ORIENTED_EDGE('',*,*,#4462,.F.);
#3139=ORIENTED_EDGE('',*,*,#4459,.T.);
#3140=ORIENTED_EDGE('',*,*,#4448,.T.);
#3141=ORIENTED_EDGE('',*,*,#4461,.F.);
#3142=ORIENTED_EDGE('',*,*,#4463,.F.);
#3143=ORIENTED_EDGE('',*,*,#4045,.T.);
#3144=ORIENTED_EDGE('',*,*,#4460,.T.);
#3145=ORIENTED_EDGE('',*,*,#4462,.T.);
#3146=ORIENTED_EDGE('',*,*,#4046,.T.);
#3147=ORIENTED_EDGE('',*,*,#4463,.T.);
#3148=VERTEX_POINT('',#7940);
#3149=VERTEX_POINT('',#7941);
#3150=VERTEX_POINT('',#7943);
#3151=VERTEX_POINT('',#7945);
#3152=VERTEX_POINT('',#7947);
#3153=VERTEX_POINT('',#7949);
#3154=VERTEX_POINT('',#7951);
#3155=VERTEX_POINT('',#7953);
#3156=VERTEX_POINT('',#7955);
#3157=VERTEX_POINT('',#7957);
#3158=VERTEX_POINT('',#7961);
#3159=VERTEX_POINT('',#7970);
#3160=VERTEX_POINT('',#7974);
#3161=VERTEX_POINT('',#7983);
#3162=VERTEX_POINT('',#7991);
#3163=VERTEX_POINT('',#7993);
#3164=VERTEX_POINT('',#7995);
#3165=VERTEX_POINT('',#7999);
#3166=VERTEX_POINT('',#8000);
#3167=VERTEX_POINT('',#8002);
#3168=VERTEX_POINT('',#8004);
#3169=VERTEX_POINT('',#8006);
#3170=VERTEX_POINT('',#8010);
#3171=VERTEX_POINT('',#8011);
#3172=VERTEX_POINT('',#8013);
#3173=VERTEX_POINT('',#8015);
#3174=VERTEX_POINT('',#8018);
#3175=VERTEX_POINT('',#8019);
#3176=VERTEX_POINT('',#8021);
#3177=VERTEX_POINT('',#8023);
#3178=VERTEX_POINT('',#8026);
#3179=VERTEX_POINT('',#8027);
#3180=VERTEX_POINT('',#8029);
#3181=VERTEX_POINT('',#8031);
#3182=VERTEX_POINT('',#8034);
#3183=VERTEX_POINT('',#8035);
#3184=VERTEX_POINT('',#8037);
#3185=VERTEX_POINT('',#8039);
#3186=VERTEX_POINT('',#8042);
#3187=VERTEX_POINT('',#8043);
#3188=VERTEX_POINT('',#8045);
#3189=VERTEX_POINT('',#8047);
#3190=VERTEX_POINT('',#8050);
#3191=VERTEX_POINT('',#8051);
#3192=VERTEX_POINT('',#8053);
#3193=VERTEX_POINT('',#8055);
#3194=VERTEX_POINT('',#8058);
#3195=VERTEX_POINT('',#8059);
#3196=VERTEX_POINT('',#8061);
#3197=VERTEX_POINT('',#8063);
#3198=VERTEX_POINT('',#8066);
#3199=VERTEX_POINT('',#8067);
#3200=VERTEX_POINT('',#8069);
#3201=VERTEX_POINT('',#8071);
#3202=VERTEX_POINT('',#8074);
#3203=VERTEX_POINT('',#8075);
#3204=VERTEX_POINT('',#8077);
#3205=VERTEX_POINT('',#8079);
#3206=VERTEX_POINT('',#8082);
#3207=VERTEX_POINT('',#8083);
#3208=VERTEX_POINT('',#8085);
#3209=VERTEX_POINT('',#8087);
#3210=VERTEX_POINT('',#8090);
#3211=VERTEX_POINT('',#8091);
#3212=VERTEX_POINT('',#8093);
#3213=VERTEX_POINT('',#8095);
#3214=VERTEX_POINT('',#8098);
#3215=VERTEX_POINT('',#8099);
#3216=VERTEX_POINT('',#8101);
#3217=VERTEX_POINT('',#8103);
#3218=VERTEX_POINT('',#8106);
#3219=VERTEX_POINT('',#8108);
#3220=VERTEX_POINT('',#8111);
#3221=VERTEX_POINT('',#8112);
#3222=VERTEX_POINT('',#8114);
#3223=VERTEX_POINT('',#8116);
#3224=VERTEX_POINT('',#8119);
#3225=VERTEX_POINT('',#8120);
#3226=VERTEX_POINT('',#8122);
#3227=VERTEX_POINT('',#8124);
#3228=VERTEX_POINT('',#8126);
#3229=VERTEX_POINT('',#8128);
#3230=VERTEX_POINT('',#8130);
#3231=VERTEX_POINT('',#8132);
#3232=VERTEX_POINT('',#8134);
#3233=VERTEX_POINT('',#8136);
#3234=VERTEX_POINT('',#8140);
#3235=VERTEX_POINT('',#8141);
#3236=VERTEX_POINT('',#8143);
#3237=VERTEX_POINT('',#8145);
#3238=VERTEX_POINT('',#8149);
#3239=VERTEX_POINT('',#8150);
#3240=VERTEX_POINT('',#8152);
#3241=VERTEX_POINT('',#8154);
#3242=VERTEX_POINT('',#8158);
#3243=VERTEX_POINT('',#8159);
#3244=VERTEX_POINT('',#8161);
#3245=VERTEX_POINT('',#8163);
#3246=VERTEX_POINT('',#8165);
#3247=VERTEX_POINT('',#8167);
#3248=VERTEX_POINT('',#8172);
#3249=VERTEX_POINT('',#8173);
#3250=VERTEX_POINT('',#8175);
#3251=VERTEX_POINT('',#8177);
#3252=VERTEX_POINT('',#8179);
#3253=VERTEX_POINT('',#8182);
#3254=VERTEX_POINT('',#8183);
#3255=VERTEX_POINT('',#8185);
#3256=VERTEX_POINT('',#8187);
#3257=VERTEX_POINT('',#8189);
#3258=VERTEX_POINT('',#8192);
#3259=VERTEX_POINT('',#8193);
#3260=VERTEX_POINT('',#8195);
#3261=VERTEX_POINT('',#8197);
#3262=VERTEX_POINT('',#8200);
#3263=VERTEX_POINT('',#8201);
#3264=VERTEX_POINT('',#8203);
#3265=VERTEX_POINT('',#8205);
#3266=VERTEX_POINT('',#8207);
#3267=VERTEX_POINT('',#8210);
#3268=VERTEX_POINT('',#8211);
#3269=VERTEX_POINT('',#8213);
#3270=VERTEX_POINT('',#8215);
#3271=VERTEX_POINT('',#8217);
#3272=VERTEX_POINT('',#8220);
#3273=VERTEX_POINT('',#8221);
#3274=VERTEX_POINT('',#8223);
#3275=VERTEX_POINT('',#8225);
#3276=VERTEX_POINT('',#8227);
#3277=VERTEX_POINT('',#8230);
#3278=VERTEX_POINT('',#8231);
#3279=VERTEX_POINT('',#8233);
#3280=VERTEX_POINT('',#8235);
#3281=VERTEX_POINT('',#8237);
#3282=VERTEX_POINT('',#8240);
#3283=VERTEX_POINT('',#8241);
#3284=VERTEX_POINT('',#8243);
#3285=VERTEX_POINT('',#8245);
#3286=VERTEX_POINT('',#8247);
#3287=VERTEX_POINT('',#8250);
#3288=VERTEX_POINT('',#8251);
#3289=VERTEX_POINT('',#8253);
#3290=VERTEX_POINT('',#8255);
#3291=VERTEX_POINT('',#8257);
#3292=VERTEX_POINT('',#8260);
#3293=VERTEX_POINT('',#8261);
#3294=VERTEX_POINT('',#8263);
#3295=VERTEX_POINT('',#8265);
#3296=VERTEX_POINT('',#8267);
#3297=VERTEX_POINT('',#8270);
#3298=VERTEX_POINT('',#8271);
#3299=VERTEX_POINT('',#8273);
#3300=VERTEX_POINT('',#8275);
#3301=VERTEX_POINT('',#8278);
#3302=VERTEX_POINT('',#8279);
#3303=VERTEX_POINT('',#8281);
#3304=VERTEX_POINT('',#8283);
#3305=VERTEX_POINT('',#8285);
#3306=VERTEX_POINT('',#8289);
#3307=VERTEX_POINT('',#8292);
#3308=VERTEX_POINT('',#8296);
#3309=VERTEX_POINT('',#8299);
#3310=VERTEX_POINT('',#8300);
#3311=VERTEX_POINT('',#8302);
#3312=VERTEX_POINT('',#8304);
#3313=VERTEX_POINT('',#8308);
#3314=VERTEX_POINT('',#8309);
#3315=VERTEX_POINT('',#8311);
#3316=VERTEX_POINT('',#8313);
#3317=VERTEX_POINT('',#8316);
#3318=VERTEX_POINT('',#8320);
#3319=VERTEX_POINT('',#8323);
#3320=VERTEX_POINT('',#8327);
#3321=VERTEX_POINT('',#8329);
#3322=VERTEX_POINT('',#8333);
#3323=VERTEX_POINT('',#8335);
#3324=VERTEX_POINT('',#8350);
#3325=VERTEX_POINT('',#8352);
#3326=VERTEX_POINT('',#8361);
#3327=VERTEX_POINT('',#8363);
#3328=VERTEX_POINT('',#8372);
#3329=VERTEX_POINT('',#8374);
#3330=VERTEX_POINT('',#8384);
#3331=VERTEX_POINT('',#8388);
#3332=VERTEX_POINT('',#8398);
#3333=VERTEX_POINT('',#8400);
#3334=VERTEX_POINT('',#8404);
#3335=VERTEX_POINT('',#8408);
#3336=VERTEX_POINT('',#8412);
#3337=VERTEX_POINT('',#8418);
#3338=VERTEX_POINT('',#8419);
#3339=VERTEX_POINT('',#8421);
#3340=VERTEX_POINT('',#8423);
#3341=VERTEX_POINT('',#8427);
#3342=VERTEX_POINT('',#8429);
#3343=VERTEX_POINT('',#8433);
#3344=VERTEX_POINT('',#8437);
#3345=VERTEX_POINT('',#8443);
#3346=VERTEX_POINT('',#8444);
#3347=VERTEX_POINT('',#8446);
#3348=VERTEX_POINT('',#8448);
#3349=VERTEX_POINT('',#8452);
#3350=VERTEX_POINT('',#8454);
#3351=VERTEX_POINT('',#8458);
#3352=VERTEX_POINT('',#8462);
#3353=VERTEX_POINT('',#8466);
#3354=VERTEX_POINT('',#8472);
#3355=VERTEX_POINT('',#8473);
#3356=VERTEX_POINT('',#8475);
#3357=VERTEX_POINT('',#8477);
#3358=VERTEX_POINT('',#8481);
#3359=VERTEX_POINT('',#8483);
#3360=VERTEX_POINT('',#8487);
#3361=VERTEX_POINT('',#8491);
#3362=VERTEX_POINT('',#8495);
#3363=VERTEX_POINT('',#8501);
#3364=VERTEX_POINT('',#8502);
#3365=VERTEX_POINT('',#8504);
#3366=VERTEX_POINT('',#8506);
#3367=VERTEX_POINT('',#8510);
#3368=VERTEX_POINT('',#8512);
#3369=VERTEX_POINT('',#8516);
#3370=VERTEX_POINT('',#8520);
#3371=VERTEX_POINT('',#8524);
#3372=VERTEX_POINT('',#8530);
#3373=VERTEX_POINT('',#8531);
#3374=VERTEX_POINT('',#8533);
#3375=VERTEX_POINT('',#8535);
#3376=VERTEX_POINT('',#8539);
#3377=VERTEX_POINT('',#8541);
#3378=VERTEX_POINT('',#8545);
#3379=VERTEX_POINT('',#8549);
#3380=VERTEX_POINT('',#8553);
#3381=VERTEX_POINT('',#8559);
#3382=VERTEX_POINT('',#8560);
#3383=VERTEX_POINT('',#8562);
#3384=VERTEX_POINT('',#8564);
#3385=VERTEX_POINT('',#8568);
#3386=VERTEX_POINT('',#8570);
#3387=VERTEX_POINT('',#8574);
#3388=VERTEX_POINT('',#8578);
#3389=VERTEX_POINT('',#8582);
#3390=VERTEX_POINT('',#8588);
#3391=VERTEX_POINT('',#8589);
#3392=VERTEX_POINT('',#8591);
#3393=VERTEX_POINT('',#8593);
#3394=VERTEX_POINT('',#8597);
#3395=VERTEX_POINT('',#8599);
#3396=VERTEX_POINT('',#8603);
#3397=VERTEX_POINT('',#8607);
#3398=VERTEX_POINT('',#8611);
#3399=VERTEX_POINT('',#8617);
#3400=VERTEX_POINT('',#8618);
#3401=VERTEX_POINT('',#8620);
#3402=VERTEX_POINT('',#8622);
#3403=VERTEX_POINT('',#8626);
#3404=VERTEX_POINT('',#8628);
#3405=VERTEX_POINT('',#8632);
#3406=VERTEX_POINT('',#8636);
#3407=VERTEX_POINT('',#8640);
#3408=VERTEX_POINT('',#8646);
#3409=VERTEX_POINT('',#8647);
#3410=VERTEX_POINT('',#8649);
#3411=VERTEX_POINT('',#8651);
#3412=VERTEX_POINT('',#8655);
#3413=VERTEX_POINT('',#8657);
#3414=VERTEX_POINT('',#8661);
#3415=VERTEX_POINT('',#8665);
#3416=VERTEX_POINT('',#8671);
#3417=VERTEX_POINT('',#8672);
#3418=VERTEX_POINT('',#8674);
#3419=VERTEX_POINT('',#8676);
#3420=VERTEX_POINT('',#8680);
#3421=VERTEX_POINT('',#8682);
#3422=VERTEX_POINT('',#8686);
#3423=VERTEX_POINT('',#8690);
#3424=VERTEX_POINT('',#8694);
#3425=VERTEX_POINT('',#8700);
#3426=VERTEX_POINT('',#8701);
#3427=VERTEX_POINT('',#8703);
#3428=VERTEX_POINT('',#8705);
#3429=VERTEX_POINT('',#8709);
#3430=VERTEX_POINT('',#8711);
#3431=VERTEX_POINT('',#8715);
#3432=VERTEX_POINT('',#8719);
#3433=VERTEX_POINT('',#8723);
#3434=VERTEX_POINT('',#8729);
#3435=VERTEX_POINT('',#8730);
#3436=VERTEX_POINT('',#8732);
#3437=VERTEX_POINT('',#8734);
#3438=VERTEX_POINT('',#8739);
#3439=VERTEX_POINT('',#8743);
#3440=VERTEX_POINT('',#8745);
#3441=VERTEX_POINT('',#8747);
#3442=VERTEX_POINT('',#8752);
#3443=VERTEX_POINT('',#8754);
#3444=VERTEX_POINT('',#8756);
#3445=VERTEX_POINT('',#8758);
#3446=VERTEX_POINT('',#8765);
#3447=VERTEX_POINT('',#8768);
#3448=VERTEX_POINT('',#8777);
#3449=VERTEX_POINT('',#8778);
#3450=VERTEX_POINT('',#8780);
#3451=VERTEX_POINT('',#8782);
#3452=VERTEX_POINT('',#8786);
#3453=VERTEX_POINT('',#8788);
#3454=VERTEX_POINT('',#8792);
#3455=VERTEX_POINT('',#8794);
#3456=VERTEX_POINT('',#8802);
#3457=VERTEX_POINT('',#8804);
#3458=VERTEX_POINT('',#8808);
#3459=VERTEX_POINT('',#8810);
#3460=VERTEX_POINT('',#8816);
#3461=VERTEX_POINT('',#8817);
#3462=VERTEX_POINT('',#8819);
#3463=VERTEX_POINT('',#8821);
#3464=VERTEX_POINT('',#8843);
#3465=VERTEX_POINT('',#8844);
#3466=VERTEX_POINT('',#8846);
#3467=VERTEX_POINT('',#8848);
#3468=VERTEX_POINT('',#8852);
#3469=VERTEX_POINT('',#8854);
#3470=VERTEX_POINT('',#8858);
#3471=VERTEX_POINT('',#8860);
#3472=VERTEX_POINT('',#8868);
#3473=VERTEX_POINT('',#8870);
#3474=VERTEX_POINT('',#8874);
#3475=VERTEX_POINT('',#8876);
#3476=VERTEX_POINT('',#8882);
#3477=VERTEX_POINT('',#8883);
#3478=VERTEX_POINT('',#8885);
#3479=VERTEX_POINT('',#8887);
#3480=VERTEX_POINT('',#8909);
#3481=VERTEX_POINT('',#8910);
#3482=VERTEX_POINT('',#8912);
#3483=VERTEX_POINT('',#8914);
#3484=VERTEX_POINT('',#8918);
#3485=VERTEX_POINT('',#8920);
#3486=VERTEX_POINT('',#8924);
#3487=VERTEX_POINT('',#8926);
#3488=VERTEX_POINT('',#8934);
#3489=VERTEX_POINT('',#8936);
#3490=VERTEX_POINT('',#8940);
#3491=VERTEX_POINT('',#8942);
#3492=VERTEX_POINT('',#8948);
#3493=VERTEX_POINT('',#8949);
#3494=VERTEX_POINT('',#8951);
#3495=VERTEX_POINT('',#8953);
#3496=VERTEX_POINT('',#8975);
#3497=VERTEX_POINT('',#8976);
#3498=VERTEX_POINT('',#8978);
#3499=VERTEX_POINT('',#8980);
#3500=VERTEX_POINT('',#8984);
#3501=VERTEX_POINT('',#8986);
#3502=VERTEX_POINT('',#8990);
#3503=VERTEX_POINT('',#8992);
#3504=VERTEX_POINT('',#9000);
#3505=VERTEX_POINT('',#9002);
#3506=VERTEX_POINT('',#9006);
#3507=VERTEX_POINT('',#9008);
#3508=VERTEX_POINT('',#9014);
#3509=VERTEX_POINT('',#9015);
#3510=VERTEX_POINT('',#9017);
#3511=VERTEX_POINT('',#9019);
#3512=VERTEX_POINT('',#9041);
#3513=VERTEX_POINT('',#9042);
#3514=VERTEX_POINT('',#9044);
#3515=VERTEX_POINT('',#9046);
#3516=VERTEX_POINT('',#9050);
#3517=VERTEX_POINT('',#9052);
#3518=VERTEX_POINT('',#9056);
#3519=VERTEX_POINT('',#9058);
#3520=VERTEX_POINT('',#9066);
#3521=VERTEX_POINT('',#9068);
#3522=VERTEX_POINT('',#9072);
#3523=VERTEX_POINT('',#9074);
#3524=VERTEX_POINT('',#9080);
#3525=VERTEX_POINT('',#9081);
#3526=VERTEX_POINT('',#9083);
#3527=VERTEX_POINT('',#9085);
#3528=VERTEX_POINT('',#9107);
#3529=VERTEX_POINT('',#9108);
#3530=VERTEX_POINT('',#9110);
#3531=VERTEX_POINT('',#9112);
#3532=VERTEX_POINT('',#9116);
#3533=VERTEX_POINT('',#9118);
#3534=VERTEX_POINT('',#9122);
#3535=VERTEX_POINT('',#9124);
#3536=VERTEX_POINT('',#9132);
#3537=VERTEX_POINT('',#9134);
#3538=VERTEX_POINT('',#9138);
#3539=VERTEX_POINT('',#9140);
#3540=VERTEX_POINT('',#9146);
#3541=VERTEX_POINT('',#9147);
#3542=VERTEX_POINT('',#9149);
#3543=VERTEX_POINT('',#9151);
#3544=VERTEX_POINT('',#9173);
#3545=VERTEX_POINT('',#9174);
#3546=VERTEX_POINT('',#9176);
#3547=VERTEX_POINT('',#9178);
#3548=VERTEX_POINT('',#9182);
#3549=VERTEX_POINT('',#9184);
#3550=VERTEX_POINT('',#9188);
#3551=VERTEX_POINT('',#9190);
#3552=VERTEX_POINT('',#9198);
#3553=VERTEX_POINT('',#9200);
#3554=VERTEX_POINT('',#9204);
#3555=VERTEX_POINT('',#9206);
#3556=VERTEX_POINT('',#9212);
#3557=VERTEX_POINT('',#9213);
#3558=VERTEX_POINT('',#9215);
#3559=VERTEX_POINT('',#9217);
#3560=VERTEX_POINT('',#9239);
#3561=VERTEX_POINT('',#9240);
#3562=VERTEX_POINT('',#9242);
#3563=VERTEX_POINT('',#9244);
#3564=VERTEX_POINT('',#9248);
#3565=VERTEX_POINT('',#9250);
#3566=VERTEX_POINT('',#9254);
#3567=VERTEX_POINT('',#9256);
#3568=VERTEX_POINT('',#9264);
#3569=VERTEX_POINT('',#9266);
#3570=VERTEX_POINT('',#9270);
#3571=VERTEX_POINT('',#9272);
#3572=VERTEX_POINT('',#9278);
#3573=VERTEX_POINT('',#9279);
#3574=VERTEX_POINT('',#9281);
#3575=VERTEX_POINT('',#9283);
#3576=VERTEX_POINT('',#9305);
#3577=VERTEX_POINT('',#9306);
#3578=VERTEX_POINT('',#9308);
#3579=VERTEX_POINT('',#9310);
#3580=VERTEX_POINT('',#9314);
#3581=VERTEX_POINT('',#9316);
#3582=VERTEX_POINT('',#9320);
#3583=VERTEX_POINT('',#9322);
#3584=VERTEX_POINT('',#9330);
#3585=VERTEX_POINT('',#9332);
#3586=VERTEX_POINT('',#9336);
#3587=VERTEX_POINT('',#9338);
#3588=VERTEX_POINT('',#9344);
#3589=VERTEX_POINT('',#9345);
#3590=VERTEX_POINT('',#9347);
#3591=VERTEX_POINT('',#9349);
#3592=VERTEX_POINT('',#9371);
#3593=VERTEX_POINT('',#9372);
#3594=VERTEX_POINT('',#9374);
#3595=VERTEX_POINT('',#9376);
#3596=VERTEX_POINT('',#9380);
#3597=VERTEX_POINT('',#9382);
#3598=VERTEX_POINT('',#9386);
#3599=VERTEX_POINT('',#9388);
#3600=VERTEX_POINT('',#9396);
#3601=VERTEX_POINT('',#9398);
#3602=VERTEX_POINT('',#9402);
#3603=VERTEX_POINT('',#9404);
#3604=VERTEX_POINT('',#9410);
#3605=VERTEX_POINT('',#9411);
#3606=VERTEX_POINT('',#9413);
#3607=VERTEX_POINT('',#9415);
#3608=VERTEX_POINT('',#9437);
#3609=VERTEX_POINT('',#9438);
#3610=VERTEX_POINT('',#9440);
#3611=VERTEX_POINT('',#9442);
#3612=VERTEX_POINT('',#9446);
#3613=VERTEX_POINT('',#9448);
#3614=VERTEX_POINT('',#9452);
#3615=VERTEX_POINT('',#9454);
#3616=VERTEX_POINT('',#9462);
#3617=VERTEX_POINT('',#9464);
#3618=VERTEX_POINT('',#9468);
#3619=VERTEX_POINT('',#9470);
#3620=VERTEX_POINT('',#9476);
#3621=VERTEX_POINT('',#9477);
#3622=VERTEX_POINT('',#9479);
#3623=VERTEX_POINT('',#9481);
#3624=VERTEX_POINT('',#9503);
#3625=VERTEX_POINT('',#9504);
#3626=VERTEX_POINT('',#9506);
#3627=VERTEX_POINT('',#9508);
#3628=VERTEX_POINT('',#9512);
#3629=VERTEX_POINT('',#9514);
#3630=VERTEX_POINT('',#9518);
#3631=VERTEX_POINT('',#9520);
#3632=VERTEX_POINT('',#9528);
#3633=VERTEX_POINT('',#9530);
#3634=VERTEX_POINT('',#9534);
#3635=VERTEX_POINT('',#9536);
#3636=VERTEX_POINT('',#9542);
#3637=VERTEX_POINT('',#9543);
#3638=VERTEX_POINT('',#9545);
#3639=VERTEX_POINT('',#9547);
#3640=VERTEX_POINT('',#9569);
#3641=VERTEX_POINT('',#9571);
#3642=VERTEX_POINT('',#9575);
#3643=VERTEX_POINT('',#9577);
#3644=VERTEX_POINT('',#9581);
#3645=VERTEX_POINT('',#9583);
#3646=VERTEX_POINT('',#9587);
#3647=VERTEX_POINT('',#9589);
#3648=VERTEX_POINT('',#9593);
#3649=VERTEX_POINT('',#9597);
#3650=VERTEX_POINT('',#9615);
#3651=VERTEX_POINT('',#9617);
#3652=EDGE_CURVE('',#3148,#3149,#4464,.T.);
#3653=EDGE_CURVE('',#3149,#3150,#4465,.T.);
#3654=EDGE_CURVE('',#3151,#3150,#4466,.T.);
#3655=EDGE_CURVE('',#3151,#3152,#4467,.T.);
#3656=EDGE_CURVE('',#3152,#3153,#4468,.T.);
#3657=EDGE_CURVE('',#3154,#3153,#4469,.T.);
#3658=EDGE_CURVE('',#3155,#3154,#4470,.T.);
#3659=EDGE_CURVE('',#3156,#3155,#4471,.T.);
#3660=EDGE_CURVE('',#3157,#3156,#4472,.T.);
#3661=EDGE_CURVE('',#3148,#3157,#4473,.T.);
#3662=EDGE_CURVE('',#3156,#3158,#4474,.T.);
#3663=EDGE_CURVE('',#3159,#3158,#106,.T.);
#3664=EDGE_CURVE('',#3157,#3159,#4475,.T.);
#3665=EDGE_CURVE('',#3158,#3160,#94,.T.);
#3666=EDGE_CURVE('',#3161,#3160,#107,.T.);
#3667=EDGE_CURVE('',#3159,#3161,#95,.T.);
#3668=EDGE_CURVE('',#3160,#3149,#4476,.T.);
#3669=EDGE_CURVE('',#3161,#3148,#4477,.T.);
#3670=EDGE_CURVE('',#3162,#3150,#4478,.T.);
#3671=EDGE_CURVE('',#3163,#3162,#96,.T.);
#3672=EDGE_CURVE('',#3164,#3163,#4479,.T.);
#3673=EDGE_CURVE('',#3164,#3151,#4480,.T.);
#3674=EDGE_CURVE('',#3165,#3166,#4481,.T.);
#3675=EDGE_CURVE('',#3167,#3165,#4482,.T.);
#3676=EDGE_CURVE('',#3167,#3168,#4483,.T.);
#3677=EDGE_CURVE('',#3168,#3169,#4484,.T.);
#3678=EDGE_CURVE('',#3166,#3169,#97,.T.);
#3679=EDGE_CURVE('',#3170,#3171,#4485,.T.);
#3680=EDGE_CURVE('',#3170,#3172,#4486,.T.);
#3681=EDGE_CURVE('',#3172,#3173,#4487,.T.);
#3682=EDGE_CURVE('',#3173,#3171,#4488,.T.);
#3683=EDGE_CURVE('',#3174,#3175,#4489,.T.);
#3684=EDGE_CURVE('',#3174,#3176,#4490,.T.);
#3685=EDGE_CURVE('',#3176,#3177,#4491,.T.);
#3686=EDGE_CURVE('',#3177,#3175,#4492,.T.);
#3687=EDGE_CURVE('',#3178,#3179,#4493,.T.);
#3688=EDGE_CURVE('',#3178,#3180,#4494,.T.);
#3689=EDGE_CURVE('',#3180,#3181,#4495,.T.);
#3690=EDGE_CURVE('',#3181,#3179,#4496,.T.);
#3691=EDGE_CURVE('',#3182,#3183,#4497,.T.);
#3692=EDGE_CURVE('',#3182,#3184,#4498,.T.);
#3693=EDGE_CURVE('',#3184,#3185,#4499,.T.);
#3694=EDGE_CURVE('',#3185,#3183,#4500,.T.);
#3695=EDGE_CURVE('',#3186,#3187,#4501,.T.);
#3696=EDGE_CURVE('',#3186,#3188,#4502,.T.);
#3697=EDGE_CURVE('',#3188,#3189,#4503,.T.);
#3698=EDGE_CURVE('',#3189,#3187,#4504,.T.);
#3699=EDGE_CURVE('',#3190,#3191,#4505,.T.);
#3700=EDGE_CURVE('',#3190,#3192,#4506,.T.);
#3701=EDGE_CURVE('',#3192,#3193,#4507,.T.);
#3702=EDGE_CURVE('',#3193,#3191,#4508,.T.);
#3703=EDGE_CURVE('',#3194,#3195,#4509,.T.);
#3704=EDGE_CURVE('',#3194,#3196,#4510,.T.);
#3705=EDGE_CURVE('',#3196,#3197,#4511,.T.);
#3706=EDGE_CURVE('',#3197,#3195,#4512,.T.);
#3707=EDGE_CURVE('',#3198,#3199,#4513,.T.);
#3708=EDGE_CURVE('',#3198,#3200,#4514,.T.);
#3709=EDGE_CURVE('',#3200,#3201,#4515,.T.);
#3710=EDGE_CURVE('',#3201,#3199,#4516,.T.);
#3711=EDGE_CURVE('',#3202,#3203,#4517,.T.);
#3712=EDGE_CURVE('',#3202,#3204,#4518,.T.);
#3713=EDGE_CURVE('',#3204,#3205,#4519,.T.);
#3714=EDGE_CURVE('',#3205,#3203,#4520,.T.);
#3715=EDGE_CURVE('',#3206,#3207,#4521,.T.);
#3716=EDGE_CURVE('',#3206,#3208,#4522,.T.);
#3717=EDGE_CURVE('',#3208,#3209,#4523,.T.);
#3718=EDGE_CURVE('',#3209,#3207,#4524,.T.);
#3719=EDGE_CURVE('',#3210,#3211,#4525,.T.);
#3720=EDGE_CURVE('',#3210,#3212,#4526,.T.);
#3721=EDGE_CURVE('',#3212,#3213,#4527,.T.);
#3722=EDGE_CURVE('',#3213,#3211,#4528,.T.);
#3723=EDGE_CURVE('',#3214,#3215,#4529,.T.);
#3724=EDGE_CURVE('',#3214,#3216,#4530,.T.);
#3725=EDGE_CURVE('',#3216,#3217,#4531,.T.);
#3726=EDGE_CURVE('',#3217,#3215,#4532,.T.);
#3727=EDGE_CURVE('',#3153,#3218,#4533,.T.);
#3728=EDGE_CURVE('',#3152,#3219,#4534,.T.);
#3729=EDGE_CURVE('',#3219,#3218,#4535,.T.);
#3730=EDGE_CURVE('',#3220,#3221,#4536,.T.);
#3731=EDGE_CURVE('',#3222,#3220,#4537,.T.);
#3732=EDGE_CURVE('',#3222,#3223,#4538,.T.);
#3733=EDGE_CURVE('',#3223,#3221,#4539,.T.);
#3734=EDGE_CURVE('',#3224,#3225,#4540,.T.);
#3735=EDGE_CURVE('',#3224,#3226,#4541,.T.);
#3736=EDGE_CURVE('',#3226,#3227,#4542,.T.);
#3737=EDGE_CURVE('',#3228,#3227,#4543,.T.);
#3738=EDGE_CURVE('',#3228,#3229,#4544,.T.);
#3739=EDGE_CURVE('',#3229,#3230,#4545,.T.);
#3740=EDGE_CURVE('',#3230,#3231,#4546,.T.);
#3741=EDGE_CURVE('',#3231,#3232,#4547,.T.);
#3742=EDGE_CURVE('',#3232,#3233,#4548,.T.);
#3743=EDGE_CURVE('',#3225,#3233,#4549,.T.);
#3744=EDGE_CURVE('',#3234,#3235,#4550,.T.);
#3745=EDGE_CURVE('',#3235,#3236,#4551,.T.);
#3746=EDGE_CURVE('',#3237,#3236,#4552,.T.);
#3747=EDGE_CURVE('',#3237,#3234,#4553,.T.);
#3748=EDGE_CURVE('',#3238,#3239,#4554,.T.);
#3749=EDGE_CURVE('',#3239,#3240,#4555,.T.);
#3750=EDGE_CURVE('',#3241,#3240,#4556,.T.);
#3751=EDGE_CURVE('',#3241,#3238,#4557,.T.);
#3752=EDGE_CURVE('',#3242,#3243,#4558,.T.);
#3753=EDGE_CURVE('',#3243,#3244,#4559,.T.);
#3754=EDGE_CURVE('',#3244,#3245,#4560,.T.);
#3755=EDGE_CURVE('',#3246,#3245,#4561,.T.);
#3756=EDGE_CURVE('',#3246,#3247,#4562,.T.);
#3757=EDGE_CURVE('',#3247,#3241,#4563,.T.);
#3758=EDGE_CURVE('',#3240,#3242,#4564,.T.);
#3759=EDGE_CURVE('',#3248,#3249,#4565,.T.);
#3760=EDGE_CURVE('',#3250,#3248,#4566,.T.);
#3761=EDGE_CURVE('',#3251,#3250,#4567,.T.);
#3762=EDGE_CURVE('',#3252,#3251,#4568,.T.);
#3763=EDGE_CURVE('',#3249,#3252,#4569,.T.);
#3764=EDGE_CURVE('',#3253,#3254,#4570,.T.);
#3765=EDGE_CURVE('',#3255,#3253,#4571,.T.);
#3766=EDGE_CURVE('',#3256,#3255,#4572,.T.);
#3767=EDGE_CURVE('',#3257,#3256,#4573,.T.);
#3768=EDGE_CURVE('',#3254,#3257,#4574,.T.);
#3769=EDGE_CURVE('',#3258,#3259,#4575,.T.);
#3770=EDGE_CURVE('',#3260,#3258,#4576,.T.);
#3771=EDGE_CURVE('',#3261,#3260,#4577,.T.);
#3772=EDGE_CURVE('',#3259,#3261,#4578,.T.);
#3773=EDGE_CURVE('',#3262,#3263,#4579,.T.);
#3774=EDGE_CURVE('',#3264,#3262,#4580,.T.);
#3775=EDGE_CURVE('',#3265,#3264,#4581,.T.);
#3776=EDGE_CURVE('',#3266,#3265,#4582,.T.);
#3777=EDGE_CURVE('',#3263,#3266,#4583,.T.);
#3778=EDGE_CURVE('',#3267,#3268,#4584,.T.);
#3779=EDGE_CURVE('',#3269,#3267,#4585,.T.);
#3780=EDGE_CURVE('',#3270,#3269,#4586,.T.);
#3781=EDGE_CURVE('',#3271,#3270,#4587,.T.);
#3782=EDGE_CURVE('',#3268,#3271,#4588,.T.);
#3783=EDGE_CURVE('',#3272,#3273,#4589,.T.);
#3784=EDGE_CURVE('',#3274,#3272,#4590,.T.);
#3785=EDGE_CURVE('',#3275,#3274,#4591,.T.);
#3786=EDGE_CURVE('',#3276,#3275,#4592,.T.);
#3787=EDGE_CURVE('',#3273,#3276,#4593,.T.);
#3788=EDGE_CURVE('',#3277,#3278,#4594,.T.);
#3789=EDGE_CURVE('',#3279,#3277,#4595,.T.);
#3790=EDGE_CURVE('',#3280,#3279,#4596,.T.);
#3791=EDGE_CURVE('',#3281,#3280,#4597,.T.);
#3792=EDGE_CURVE('',#3278,#3281,#4598,.T.);
#3793=EDGE_CURVE('',#3282,#3283,#4599,.T.);
#3794=EDGE_CURVE('',#3284,#3282,#4600,.T.);
#3795=EDGE_CURVE('',#3285,#3284,#4601,.T.);
#3796=EDGE_CURVE('',#3286,#3285,#4602,.T.);
#3797=EDGE_CURVE('',#3283,#3286,#4603,.T.);
#3798=EDGE_CURVE('',#3287,#3288,#4604,.T.);
#3799=EDGE_CURVE('',#3289,#3287,#4605,.T.);
#3800=EDGE_CURVE('',#3290,#3289,#4606,.T.);
#3801=EDGE_CURVE('',#3291,#3290,#4607,.T.);
#3802=EDGE_CURVE('',#3288,#3291,#4608,.T.);
#3803=EDGE_CURVE('',#3292,#3293,#4609,.T.);
#3804=EDGE_CURVE('',#3294,#3292,#4610,.T.);
#3805=EDGE_CURVE('',#3295,#3294,#4611,.T.);
#3806=EDGE_CURVE('',#3296,#3295,#4612,.T.);
#3807=EDGE_CURVE('',#3293,#3296,#4613,.T.);
#3808=EDGE_CURVE('',#3297,#3298,#4614,.T.);
#3809=EDGE_CURVE('',#3299,#3297,#4615,.T.);
#3810=EDGE_CURVE('',#3300,#3299,#4616,.T.);
#3811=EDGE_CURVE('',#3298,#3300,#4617,.T.);
#3812=EDGE_CURVE('',#3301,#3302,#4618,.T.);
#3813=EDGE_CURVE('',#3303,#3301,#4619,.T.);
#3814=EDGE_CURVE('',#3304,#3303,#4620,.T.);
#3815=EDGE_CURVE('',#3305,#3304,#4621,.T.);
#3816=EDGE_CURVE('',#3302,#3305,#4622,.T.);
#3817=EDGE_CURVE('',#3238,#3237,#4623,.T.);
#3818=EDGE_CURVE('',#3236,#3306,#4624,.T.);
#3819=EDGE_CURVE('',#3306,#3228,#4625,.T.);
#3820=EDGE_CURVE('',#3307,#3227,#4626,.T.);
#3821=EDGE_CURVE('',#3239,#3307,#4627,.T.);
#3822=EDGE_CURVE('',#3247,#3308,#4628,.T.);
#3823=EDGE_CURVE('',#3308,#3234,#4629,.T.);
#3824=EDGE_CURVE('',#3309,#3310,#4630,.T.);
#3825=EDGE_CURVE('',#3310,#3311,#4631,.T.);
#3826=EDGE_CURVE('',#3312,#3311,#4632,.T.);
#3827=EDGE_CURVE('',#3309,#3312,#4633,.T.);
#3828=EDGE_CURVE('',#3313,#3314,#4634,.T.);
#3829=EDGE_CURVE('',#3313,#3315,#4635,.T.);
#3830=EDGE_CURVE('',#3316,#3315,#4636,.T.);
#3831=EDGE_CURVE('',#3235,#3316,#4637,.T.);
#3832=EDGE_CURVE('',#3308,#3317,#4638,.T.);
#3833=EDGE_CURVE('',#3317,#3314,#4639,.T.);
#3834=EDGE_CURVE('',#3318,#3246,#4640,.T.);
#3835=EDGE_CURVE('',#3233,#3318,#4641,.T.);
#3836=EDGE_CURVE('',#3232,#3319,#4642,.T.);
#3837=EDGE_CURVE('',#3319,#3317,#4643,.T.);
#3838=EDGE_CURVE('',#3320,#3310,#4644,.T.);
#3839=EDGE_CURVE('',#3321,#3309,#4645,.T.);
#3840=EDGE_CURVE('',#3321,#3320,#4646,.T.);
#3841=EDGE_CURVE('',#3311,#3322,#4647,.T.);
#3842=EDGE_CURVE('',#3323,#3322,#4648,.T.);
#3843=EDGE_CURVE('',#3312,#3323,#4649,.T.);
#3844=EDGE_CURVE('',#3322,#3320,#4650,.T.);
#3845=EDGE_CURVE('',#3323,#3321,#4651,.T.);
#3846=EDGE_CURVE('',#3315,#3229,#4652,.T.);
#3847=EDGE_CURVE('',#3316,#3306,#4653,.T.);
#3848=EDGE_CURVE('',#3226,#3243,#4654,.T.);
#3849=EDGE_CURVE('',#3307,#3242,#4655,.T.);
#3850=EDGE_CURVE('',#3307,#3324,#4656,.T.);
#3851=EDGE_CURVE('',#3324,#3325,#4657,.T.);
#3852=EDGE_CURVE('',#3239,#3325,#4658,.T.);
#3853=EDGE_CURVE('',#3324,#3242,#4659,.T.);
#3854=EDGE_CURVE('',#3325,#3240,#4660,.T.);
#3855=EDGE_CURVE('',#3326,#3306,#4661,.T.);
#3856=EDGE_CURVE('',#3327,#3236,#4662,.T.);
#3857=EDGE_CURVE('',#3326,#3327,#4663,.T.);
#3858=EDGE_CURVE('',#3316,#3326,#4664,.T.);
#3859=EDGE_CURVE('',#3235,#3327,#4665,.T.);
#3860=EDGE_CURVE('',#3225,#3328,#4666,.T.);
#3861=EDGE_CURVE('',#3329,#3328,#4667,.T.);
#3862=EDGE_CURVE('',#3224,#3329,#4668,.T.);
#3863=EDGE_CURVE('',#3244,#3224,#4669,.T.);
#3864=EDGE_CURVE('',#3245,#3329,#4670,.T.);
#3865=EDGE_CURVE('',#3328,#3318,#4671,.T.);
#3866=EDGE_CURVE('',#3231,#3330,#4672,.T.);
#3867=EDGE_CURVE('',#3330,#3319,#4673,.T.);
#3868=EDGE_CURVE('',#3230,#3331,#4674,.T.);
#3869=EDGE_CURVE('',#3331,#3330,#4675,.T.);
#3870=EDGE_CURVE('',#3230,#3313,#4676,.T.);
#3871=EDGE_CURVE('',#3314,#3331,#4677,.T.);
#3872=EDGE_CURVE('',#3302,#3332,#4678,.T.);
#3873=EDGE_CURVE('',#3332,#3333,#4679,.T.);
#3874=EDGE_CURVE('',#3301,#3333,#4680,.T.);
#3875=EDGE_CURVE('',#3305,#3334,#4681,.T.);
#3876=EDGE_CURVE('',#3334,#3332,#4682,.T.);
#3877=EDGE_CURVE('',#3304,#3335,#4683,.T.);
#3878=EDGE_CURVE('',#3335,#3334,#4684,.T.);
#3879=EDGE_CURVE('',#3303,#3336,#4685,.T.);
#3880=EDGE_CURVE('',#3336,#3335,#4686,.T.);
#3881=EDGE_CURVE('',#3333,#3336,#4687,.T.);
#3882=EDGE_CURVE('',#3337,#3338,#4688,.T.);
#3883=EDGE_CURVE('',#3337,#3339,#4689,.T.);
#3884=EDGE_CURVE('',#3339,#3340,#4690,.T.);
#3885=EDGE_CURVE('',#3340,#3338,#4691,.T.);
#3886=EDGE_CURVE('',#3298,#3341,#4692,.T.);
#3887=EDGE_CURVE('',#3341,#3342,#4693,.T.);
#3888=EDGE_CURVE('',#3297,#3342,#4694,.T.);
#3889=EDGE_CURVE('',#3300,#3343,#4695,.T.);
#3890=EDGE_CURVE('',#3343,#3341,#4696,.T.);
#3891=EDGE_CURVE('',#3299,#3344,#4697,.T.);
#3892=EDGE_CURVE('',#3344,#3343,#4698,.T.);
#3893=EDGE_CURVE('',#3342,#3344,#4699,.T.);
#3894=EDGE_CURVE('',#3345,#3346,#4700,.T.);
#3895=EDGE_CURVE('',#3345,#3347,#4701,.T.);
#3896=EDGE_CURVE('',#3347,#3348,#4702,.T.);
#3897=EDGE_CURVE('',#3348,#3346,#4703,.T.);
#3898=EDGE_CURVE('',#3293,#3349,#4704,.T.);
#3899=EDGE_CURVE('',#3349,#3350,#4705,.T.);
#3900=EDGE_CURVE('',#3292,#3350,#4706,.T.);
#3901=EDGE_CURVE('',#3296,#3351,#4707,.T.);
#3902=EDGE_CURVE('',#3351,#3349,#4708,.T.);
#3903=EDGE_CURVE('',#3295,#3352,#4709,.T.);
#3904=EDGE_CURVE('',#3352,#3351,#4710,.T.);
#3905=EDGE_CURVE('',#3294,#3353,#4711,.T.);
#3906=EDGE_CURVE('',#3353,#3352,#4712,.T.);
#3907=EDGE_CURVE('',#3350,#3353,#4713,.T.);
#3908=EDGE_CURVE('',#3354,#3355,#4714,.T.);
#3909=EDGE_CURVE('',#3354,#3356,#4715,.T.);
#3910=EDGE_CURVE('',#3356,#3357,#4716,.T.);
#3911=EDGE_CURVE('',#3357,#3355,#4717,.T.);
#3912=EDGE_CURVE('',#3288,#3358,#4718,.T.);
#3913=EDGE_CURVE('',#3358,#3359,#4719,.T.);
#3914=EDGE_CURVE('',#3287,#3359,#4720,.T.);
#3915=EDGE_CURVE('',#3291,#3360,#4721,.T.);
#3916=EDGE_CURVE('',#3360,#3358,#4722,.T.);
#3917=EDGE_CURVE('',#3290,#3361,#4723,.T.);
#3918=EDGE_CURVE('',#3361,#3360,#4724,.T.);
#3919=EDGE_CURVE('',#3289,#3362,#4725,.T.);
#3920=EDGE_CURVE('',#3362,#3361,#4726,.T.);
#3921=EDGE_CURVE('',#3359,#3362,#4727,.T.);
#3922=EDGE_CURVE('',#3363,#3364,#4728,.T.);
#3923=EDGE_CURVE('',#3363,#3365,#4729,.T.);
#3924=EDGE_CURVE('',#3365,#3366,#4730,.T.);
#3925=EDGE_CURVE('',#3366,#3364,#4731,.T.);
#3926=EDGE_CURVE('',#3283,#3367,#4732,.T.);
#3927=EDGE_CURVE('',#3367,#3368,#4733,.T.);
#3928=EDGE_CURVE('',#3282,#3368,#4734,.T.);
#3929=EDGE_CURVE('',#3286,#3369,#4735,.T.);
#3930=EDGE_CURVE('',#3369,#3367,#4736,.T.);
#3931=EDGE_CURVE('',#3285,#3370,#4737,.T.);
#3932=EDGE_CURVE('',#3370,#3369,#4738,.T.);
#3933=EDGE_CURVE('',#3284,#3371,#4739,.T.);
#3934=EDGE_CURVE('',#3371,#3370,#4740,.T.);
#3935=EDGE_CURVE('',#3368,#3371,#4741,.T.);
#3936=EDGE_CURVE('',#3372,#3373,#4742,.T.);
#3937=EDGE_CURVE('',#3372,#3374,#4743,.T.);
#3938=EDGE_CURVE('',#3374,#3375,#4744,.T.);
#3939=EDGE_CURVE('',#3375,#3373,#4745,.T.);
#3940=EDGE_CURVE('',#3278,#3376,#4746,.T.);
#3941=EDGE_CURVE('',#3376,#3377,#4747,.T.);
#3942=EDGE_CURVE('',#3277,#3377,#4748,.T.);
#3943=EDGE_CURVE('',#3281,#3378,#4749,.T.);
#3944=EDGE_CURVE('',#3378,#3376,#4750,.T.);
#3945=EDGE_CURVE('',#3280,#3379,#4751,.T.);
#3946=EDGE_CURVE('',#3379,#3378,#4752,.T.);
#3947=EDGE_CURVE('',#3279,#3380,#4753,.T.);
#3948=EDGE_CURVE('',#3380,#3379,#4754,.T.);
#3949=EDGE_CURVE('',#3377,#3380,#4755,.T.);
#3950=EDGE_CURVE('',#3381,#3382,#4756,.T.);
#3951=EDGE_CURVE('',#3381,#3383,#4757,.T.);
#3952=EDGE_CURVE('',#3383,#3384,#4758,.T.);
#3953=EDGE_CURVE('',#3384,#3382,#4759,.T.);
#3954=EDGE_CURVE('',#3273,#3385,#4760,.T.);
#3955=EDGE_CURVE('',#3385,#3386,#4761,.T.);
#3956=EDGE_CURVE('',#3272,#3386,#4762,.T.);
#3957=EDGE_CURVE('',#3276,#3387,#4763,.T.);
#3958=EDGE_CURVE('',#3387,#3385,#4764,.T.);
#3959=EDGE_CURVE('',#3275,#3388,#4765,.T.);
#3960=EDGE_CURVE('',#3388,#3387,#4766,.T.);
#3961=EDGE_CURVE('',#3274,#3389,#4767,.T.);
#3962=EDGE_CURVE('',#3389,#3388,#4768,.T.);
#3963=EDGE_CURVE('',#3386,#3389,#4769,.T.);
#3964=EDGE_CURVE('',#3390,#3391,#4770,.T.);
#3965=EDGE_CURVE('',#3390,#3392,#4771,.T.);
#3966=EDGE_CURVE('',#3392,#3393,#4772,.T.);
#3967=EDGE_CURVE('',#3393,#3391,#4773,.T.);
#3968=EDGE_CURVE('',#3268,#3394,#4774,.T.);
#3969=EDGE_CURVE('',#3394,#3395,#4775,.T.);
#3970=EDGE_CURVE('',#3267,#3395,#4776,.T.);
#3971=EDGE_CURVE('',#3271,#3396,#4777,.T.);
#3972=EDGE_CURVE('',#3396,#3394,#4778,.T.);
#3973=EDGE_CURVE('',#3270,#3397,#4779,.T.);
#3974=EDGE_CURVE('',#3397,#3396,#4780,.T.);
#3975=EDGE_CURVE('',#3269,#3398,#4781,.T.);
#3976=EDGE_CURVE('',#3398,#3397,#4782,.T.);
#3977=EDGE_CURVE('',#3395,#3398,#4783,.T.);
#3978=EDGE_CURVE('',#3399,#3400,#4784,.T.);
#3979=EDGE_CURVE('',#3399,#3401,#4785,.T.);
#3980=EDGE_CURVE('',#3401,#3402,#4786,.T.);
#3981=EDGE_CURVE('',#3402,#3400,#4787,.T.);
#3982=EDGE_CURVE('',#3263,#3403,#4788,.T.);
#3983=EDGE_CURVE('',#3403,#3404,#4789,.T.);
#3984=EDGE_CURVE('',#3262,#3404,#4790,.T.);
#3985=EDGE_CURVE('',#3266,#3405,#4791,.T.);
#3986=EDGE_CURVE('',#3405,#3403,#4792,.T.);
#3987=EDGE_CURVE('',#3265,#3406,#4793,.T.);
#3988=EDGE_CURVE('',#3406,#3405,#4794,.T.);
#3989=EDGE_CURVE('',#3264,#3407,#4795,.T.);
#3990=EDGE_CURVE('',#3407,#3406,#4796,.T.);
#3991=EDGE_CURVE('',#3404,#3407,#4797,.T.);
#3992=EDGE_CURVE('',#3408,#3409,#4798,.T.);
#3993=EDGE_CURVE('',#3408,#3410,#4799,.T.);
#3994=EDGE_CURVE('',#3410,#3411,#4800,.T.);
#3995=EDGE_CURVE('',#3411,#3409,#4801,.T.);
#3996=EDGE_CURVE('',#3259,#3412,#4802,.T.);
#3997=EDGE_CURVE('',#3412,#3413,#4803,.T.);
#3998=EDGE_CURVE('',#3258,#3413,#4804,.T.);
#3999=EDGE_CURVE('',#3261,#3414,#4805,.T.);
#4000=EDGE_CURVE('',#3414,#3412,#4806,.T.);
#4001=EDGE_CURVE('',#3260,#3415,#4807,.T.);
#4002=EDGE_CURVE('',#3415,#3414,#4808,.T.);
#4003=EDGE_CURVE('',#3413,#3415,#4809,.T.);
#4004=EDGE_CURVE('',#3416,#3417,#4810,.T.);
#4005=EDGE_CURVE('',#3416,#3418,#4811,.T.);
#4006=EDGE_CURVE('',#3418,#3419,#4812,.T.);
#4007=EDGE_CURVE('',#3419,#3417,#4813,.T.);
#4008=EDGE_CURVE('',#3254,#3420,#4814,.T.);
#4009=EDGE_CURVE('',#3420,#3421,#4815,.T.);
#4010=EDGE_CURVE('',#3253,#3421,#4816,.T.);
#4011=EDGE_CURVE('',#3257,#3422,#4817,.T.);
#4012=EDGE_CURVE('',#3422,#3420,#4818,.T.);
#4013=EDGE_CURVE('',#3256,#3423,#4819,.T.);
#4014=EDGE_CURVE('',#3423,#3422,#4820,.T.);
#4015=EDGE_CURVE('',#3255,#3424,#4821,.T.);
#4016=EDGE_CURVE('',#3424,#3423,#4822,.T.);
#4017=EDGE_CURVE('',#3421,#3424,#4823,.T.);
#4018=EDGE_CURVE('',#3425,#3426,#4824,.T.);
#4019=EDGE_CURVE('',#3425,#3427,#4825,.T.);
#4020=EDGE_CURVE('',#3427,#3428,#4826,.T.);
#4021=EDGE_CURVE('',#3428,#3426,#4827,.T.);
#4022=EDGE_CURVE('',#3249,#3429,#4828,.T.);
#4023=EDGE_CURVE('',#3429,#3430,#4829,.T.);
#4024=EDGE_CURVE('',#3248,#3430,#4830,.T.);
#4025=EDGE_CURVE('',#3252,#3431,#4831,.T.);
#4026=EDGE_CURVE('',#3431,#3429,#4832,.T.);
#4027=EDGE_CURVE('',#3251,#3432,#4833,.T.);
#4028=EDGE_CURVE('',#3432,#3431,#4834,.T.);
#4029=EDGE_CURVE('',#3250,#3433,#4835,.T.);
#4030=EDGE_CURVE('',#3433,#3432,#4836,.T.);
#4031=EDGE_CURVE('',#3430,#3433,#4837,.T.);
#4032=EDGE_CURVE('',#3434,#3435,#4838,.T.);
#4033=EDGE_CURVE('',#3434,#3436,#4839,.T.);
#4034=EDGE_CURVE('',#3436,#3437,#4840,.T.);
#4035=EDGE_CURVE('',#3437,#3435,#4841,.T.);
#4036=EDGE_CURVE('',#3168,#3222,#4842,.T.);
#4037=EDGE_CURVE('',#3438,#3220,#4843,.T.);
#4038=EDGE_CURVE('',#3169,#3438,#4844,.T.);
#4039=EDGE_CURVE('',#3169,#3439,#98,.T.);
#4040=EDGE_CURVE('',#3440,#3438,#4845,.T.);
#4041=EDGE_CURVE('',#3441,#3440,#4846,.T.);
#4042=EDGE_CURVE('',#3439,#3441,#4847,.T.);
#4043=EDGE_CURVE('',#3223,#3167,#4848,.T.);
#4044=EDGE_CURVE('',#3442,#3165,#4849,.T.);
#4045=EDGE_CURVE('',#3443,#3442,#4850,.T.);
#4046=EDGE_CURVE('',#3444,#3443,#4851,.T.);
#4047=EDGE_CURVE('',#3444,#3445,#4852,.T.);
#4048=EDGE_CURVE('',#3445,#3441,#4853,.T.);
#4049=EDGE_CURVE('',#3221,#3440,#4854,.T.);
#4050=EDGE_CURVE('',#3446,#3163,#99,.T.);
#4051=EDGE_CURVE('',#3155,#3446,#4855,.T.);
#4052=EDGE_CURVE('',#3447,#3154,#4856,.T.);
#4053=EDGE_CURVE('',#3163,#3447,#4857,.T.);
#4054=EDGE_CURVE('',#3219,#3164,#4858,.T.);
#4055=EDGE_CURVE('',#3218,#3447,#4859,.T.);
#4056=EDGE_CURVE('',#3448,#3449,#4860,.T.);
#4057=EDGE_CURVE('',#3449,#3450,#4861,.T.);
#4058=EDGE_CURVE('',#3450,#3451,#4862,.T.);
#4059=EDGE_CURVE('',#3451,#3448,#4863,.T.);
#4060=EDGE_CURVE('',#3338,#3452,#4864,.T.);
#4061=EDGE_CURVE('',#3452,#3453,#4865,.T.);
#4062=EDGE_CURVE('',#3453,#3337,#4866,.T.);
#4063=EDGE_CURVE('',#3454,#3339,#4867,.T.);
#4064=EDGE_CURVE('',#3454,#3455,#4868,.T.);
#4065=EDGE_CURVE('',#3340,#3455,#4869,.T.);
#4066=EDGE_CURVE('',#3455,#3452,#4870,.T.);
#4067=EDGE_CURVE('',#3453,#3454,#4871,.T.);
#4068=EDGE_CURVE('',#3215,#3456,#4872,.T.);
#4069=EDGE_CURVE('',#3456,#3457,#4873,.T.);
#4070=EDGE_CURVE('',#3457,#3214,#4874,.T.);
#4071=EDGE_CURVE('',#3458,#3216,#4875,.T.);
#4072=EDGE_CURVE('',#3458,#3459,#4876,.T.);
#4073=EDGE_CURVE('',#3217,#3459,#4877,.T.);
#4074=EDGE_CURVE('',#3459,#3456,#4878,.T.);
#4075=EDGE_CURVE('',#3460,#3461,#4879,.T.);
#4076=EDGE_CURVE('',#3461,#3462,#4880,.T.);
#4077=EDGE_CURVE('',#3462,#3463,#4881,.T.);
#4078=EDGE_CURVE('',#3463,#3460,#4882,.T.);
#4079=EDGE_CURVE('',#3457,#3458,#4883,.T.);
#4080=EDGE_CURVE('',#3458,#3463,#4884,.T.);
#4081=EDGE_CURVE('',#3460,#3457,#4885,.T.);
#4082=EDGE_CURVE('',#3461,#3456,#4886,.T.);
#4083=EDGE_CURVE('',#3459,#3462,#4887,.T.);
#4084=EDGE_CURVE('',#3454,#3451,#4888,.T.);
#4085=EDGE_CURVE('',#3448,#3453,#4889,.T.);
#4086=EDGE_CURVE('',#3449,#3452,#4890,.T.);
#4087=EDGE_CURVE('',#3455,#3450,#4891,.T.);
#4088=EDGE_CURVE('',#3464,#3465,#4892,.T.);
#4089=EDGE_CURVE('',#3465,#3466,#4893,.T.);
#4090=EDGE_CURVE('',#3466,#3467,#4894,.T.);
#4091=EDGE_CURVE('',#3467,#3464,#4895,.T.);
#4092=EDGE_CURVE('',#3346,#3468,#4896,.T.);
#4093=EDGE_CURVE('',#3468,#3469,#4897,.T.);
#4094=EDGE_CURVE('',#3469,#3345,#4898,.T.);
#4095=EDGE_CURVE('',#3470,#3347,#4899,.T.);
#4096=EDGE_CURVE('',#3470,#3471,#4900,.T.);
#4097=EDGE_CURVE('',#3348,#3471,#4901,.T.);
#4098=EDGE_CURVE('',#3471,#3468,#4902,.T.);
#4099=EDGE_CURVE('',#3469,#3470,#4903,.T.);
#4100=EDGE_CURVE('',#3211,#3472,#4904,.T.);
#4101=EDGE_CURVE('',#3472,#3473,#4905,.T.);
#4102=EDGE_CURVE('',#3473,#3210,#4906,.T.);
#4103=EDGE_CURVE('',#3474,#3212,#4907,.T.);
#4104=EDGE_CURVE('',#3474,#3475,#4908,.T.);
#4105=EDGE_CURVE('',#3213,#3475,#4909,.T.);
#4106=EDGE_CURVE('',#3475,#3472,#4910,.T.);
#4107=EDGE_CURVE('',#3476,#3477,#4911,.T.);
#4108=EDGE_CURVE('',#3477,#3478,#4912,.T.);
#4109=EDGE_CURVE('',#3478,#3479,#4913,.T.);
#4110=EDGE_CURVE('',#3479,#3476,#4914,.T.);
#4111=EDGE_CURVE('',#3473,#3474,#4915,.T.);
#4112=EDGE_CURVE('',#3474,#3479,#4916,.T.);
#4113=EDGE_CURVE('',#3476,#3473,#4917,.T.);
#4114=EDGE_CURVE('',#3477,#3472,#4918,.T.);
#4115=EDGE_CURVE('',#3475,#3478,#4919,.T.);
#4116=EDGE_CURVE('',#3470,#3467,#4920,.T.);
#4117=EDGE_CURVE('',#3464,#3469,#4921,.T.);
#4118=EDGE_CURVE('',#3465,#3468,#4922,.T.);
#4119=EDGE_CURVE('',#3471,#3466,#4923,.T.);
#4120=EDGE_CURVE('',#3480,#3481,#4924,.T.);
#4121=EDGE_CURVE('',#3481,#3482,#4925,.T.);
#4122=EDGE_CURVE('',#3482,#3483,#4926,.T.);
#4123=EDGE_CURVE('',#3483,#3480,#4927,.T.);
#4124=EDGE_CURVE('',#3355,#3484,#4928,.T.);
#4125=EDGE_CURVE('',#3484,#3485,#4929,.T.);
#4126=EDGE_CURVE('',#3485,#3354,#4930,.T.);
#4127=EDGE_CURVE('',#3486,#3356,#4931,.T.);
#4128=EDGE_CURVE('',#3486,#3487,#4932,.T.);
#4129=EDGE_CURVE('',#3357,#3487,#4933,.T.);
#4130=EDGE_CURVE('',#3487,#3484,#4934,.T.);
#4131=EDGE_CURVE('',#3485,#3486,#4935,.T.);
#4132=EDGE_CURVE('',#3207,#3488,#4936,.T.);
#4133=EDGE_CURVE('',#3488,#3489,#4937,.T.);
#4134=EDGE_CURVE('',#3489,#3206,#4938,.T.);
#4135=EDGE_CURVE('',#3490,#3208,#4939,.T.);
#4136=EDGE_CURVE('',#3490,#3491,#4940,.T.);
#4137=EDGE_CURVE('',#3209,#3491,#4941,.T.);
#4138=EDGE_CURVE('',#3491,#3488,#4942,.T.);
#4139=EDGE_CURVE('',#3492,#3493,#4943,.T.);
#4140=EDGE_CURVE('',#3493,#3494,#4944,.T.);
#4141=EDGE_CURVE('',#3494,#3495,#4945,.T.);
#4142=EDGE_CURVE('',#3495,#3492,#4946,.T.);
#4143=EDGE_CURVE('',#3489,#3490,#4947,.T.);
#4144=EDGE_CURVE('',#3490,#3495,#4948,.T.);
#4145=EDGE_CURVE('',#3492,#3489,#4949,.T.);
#4146=EDGE_CURVE('',#3493,#3488,#4950,.T.);
#4147=EDGE_CURVE('',#3491,#3494,#4951,.T.);
#4148=EDGE_CURVE('',#3486,#3483,#4952,.T.);
#4149=EDGE_CURVE('',#3480,#3485,#4953,.T.);
#4150=EDGE_CURVE('',#3481,#3484,#4954,.T.);
#4151=EDGE_CURVE('',#3487,#3482,#4955,.T.);
#4152=EDGE_CURVE('',#3496,#3497,#4956,.T.);
#4153=EDGE_CURVE('',#3497,#3498,#4957,.T.);
#4154=EDGE_CURVE('',#3498,#3499,#4958,.T.);
#4155=EDGE_CURVE('',#3499,#3496,#4959,.T.);
#4156=EDGE_CURVE('',#3364,#3500,#4960,.T.);
#4157=EDGE_CURVE('',#3500,#3501,#4961,.T.);
#4158=EDGE_CURVE('',#3501,#3363,#4962,.T.);
#4159=EDGE_CURVE('',#3502,#3365,#4963,.T.);
#4160=EDGE_CURVE('',#3502,#3503,#4964,.T.);
#4161=EDGE_CURVE('',#3366,#3503,#4965,.T.);
#4162=EDGE_CURVE('',#3503,#3500,#4966,.T.);
#4163=EDGE_CURVE('',#3501,#3502,#4967,.T.);
#4164=EDGE_CURVE('',#3203,#3504,#4968,.T.);
#4165=EDGE_CURVE('',#3504,#3505,#4969,.T.);
#4166=EDGE_CURVE('',#3505,#3202,#4970,.T.);
#4167=EDGE_CURVE('',#3506,#3204,#4971,.T.);
#4168=EDGE_CURVE('',#3506,#3507,#4972,.T.);
#4169=EDGE_CURVE('',#3205,#3507,#4973,.T.);
#4170=EDGE_CURVE('',#3507,#3504,#4974,.T.);
#4171=EDGE_CURVE('',#3508,#3509,#4975,.T.);
#4172=EDGE_CURVE('',#3509,#3510,#4976,.T.);
#4173=EDGE_CURVE('',#3510,#3511,#4977,.T.);
#4174=EDGE_CURVE('',#3511,#3508,#4978,.T.);
#4175=EDGE_CURVE('',#3505,#3506,#4979,.T.);
#4176=EDGE_CURVE('',#3506,#3511,#4980,.T.);
#4177=EDGE_CURVE('',#3508,#3505,#4981,.T.);
#4178=EDGE_CURVE('',#3509,#3504,#4982,.T.);
#4179=EDGE_CURVE('',#3507,#3510,#4983,.T.);
#4180=EDGE_CURVE('',#3502,#3499,#4984,.T.);
#4181=EDGE_CURVE('',#3496,#3501,#4985,.T.);
#4182=EDGE_CURVE('',#3497,#3500,#4986,.T.);
#4183=EDGE_CURVE('',#3503,#3498,#4987,.T.);
#4184=EDGE_CURVE('',#3512,#3513,#4988,.T.);
#4185=EDGE_CURVE('',#3513,#3514,#4989,.T.);
#4186=EDGE_CURVE('',#3514,#3515,#4990,.T.);
#4187=EDGE_CURVE('',#3515,#3512,#4991,.T.);
#4188=EDGE_CURVE('',#3373,#3516,#4992,.T.);
#4189=EDGE_CURVE('',#3516,#3517,#4993,.T.);
#4190=EDGE_CURVE('',#3517,#3372,#4994,.T.);
#4191=EDGE_CURVE('',#3518,#3374,#4995,.T.);
#4192=EDGE_CURVE('',#3518,#3519,#4996,.T.);
#4193=EDGE_CURVE('',#3375,#3519,#4997,.T.);
#4194=EDGE_CURVE('',#3519,#3516,#4998,.T.);
#4195=EDGE_CURVE('',#3517,#3518,#4999,.T.);
#4196=EDGE_CURVE('',#3199,#3520,#5000,.T.);
#4197=EDGE_CURVE('',#3520,#3521,#5001,.T.);
#4198=EDGE_CURVE('',#3521,#3198,#5002,.T.);
#4199=EDGE_CURVE('',#3522,#3200,#5003,.T.);
#4200=EDGE_CURVE('',#3522,#3523,#5004,.T.);
#4201=EDGE_CURVE('',#3201,#3523,#5005,.T.);
#4202=EDGE_CURVE('',#3523,#3520,#5006,.T.);
#4203=EDGE_CURVE('',#3524,#3525,#5007,.T.);
#4204=EDGE_CURVE('',#3525,#3526,#5008,.T.);
#4205=EDGE_CURVE('',#3526,#3527,#5009,.T.);
#4206=EDGE_CURVE('',#3527,#3524,#5010,.T.);
#4207=EDGE_CURVE('',#3521,#3522,#5011,.T.);
#4208=EDGE_CURVE('',#3522,#3527,#5012,.T.);
#4209=EDGE_CURVE('',#3524,#3521,#5013,.T.);
#4210=EDGE_CURVE('',#3525,#3520,#5014,.T.);
#4211=EDGE_CURVE('',#3523,#3526,#5015,.T.);
#4212=EDGE_CURVE('',#3518,#3515,#5016,.T.);
#4213=EDGE_CURVE('',#3512,#3517,#5017,.T.);
#4214=EDGE_CURVE('',#3513,#3516,#5018,.T.);
#4215=EDGE_CURVE('',#3519,#3514,#5019,.T.);
#4216=EDGE_CURVE('',#3528,#3529,#5020,.T.);
#4217=EDGE_CURVE('',#3529,#3530,#5021,.T.);
#4218=EDGE_CURVE('',#3530,#3531,#5022,.T.);
#4219=EDGE_CURVE('',#3531,#3528,#5023,.T.);
#4220=EDGE_CURVE('',#3382,#3532,#5024,.T.);
#4221=EDGE_CURVE('',#3532,#3533,#5025,.T.);
#4222=EDGE_CURVE('',#3533,#3381,#5026,.T.);
#4223=EDGE_CURVE('',#3534,#3383,#5027,.T.);
#4224=EDGE_CURVE('',#3534,#3535,#5028,.T.);
#4225=EDGE_CURVE('',#3384,#3535,#5029,.T.);
#4226=EDGE_CURVE('',#3535,#3532,#5030,.T.);
#4227=EDGE_CURVE('',#3533,#3534,#5031,.T.);
#4228=EDGE_CURVE('',#3195,#3536,#5032,.T.);
#4229=EDGE_CURVE('',#3536,#3537,#5033,.T.);
#4230=EDGE_CURVE('',#3537,#3194,#5034,.T.);
#4231=EDGE_CURVE('',#3538,#3196,#5035,.T.);
#4232=EDGE_CURVE('',#3538,#3539,#5036,.T.);
#4233=EDGE_CURVE('',#3197,#3539,#5037,.T.);
#4234=EDGE_CURVE('',#3539,#3536,#5038,.T.);
#4235=EDGE_CURVE('',#3540,#3541,#5039,.T.);
#4236=EDGE_CURVE('',#3541,#3542,#5040,.T.);
#4237=EDGE_CURVE('',#3542,#3543,#5041,.T.);
#4238=EDGE_CURVE('',#3543,#3540,#5042,.T.);
#4239=EDGE_CURVE('',#3537,#3538,#5043,.T.);
#4240=EDGE_CURVE('',#3538,#3543,#5044,.T.);
#4241=EDGE_CURVE('',#3540,#3537,#5045,.T.);
#4242=EDGE_CURVE('',#3541,#3536,#5046,.T.);
#4243=EDGE_CURVE('',#3539,#3542,#5047,.T.);
#4244=EDGE_CURVE('',#3534,#3531,#5048,.T.);
#4245=EDGE_CURVE('',#3528,#3533,#5049,.T.);
#4246=EDGE_CURVE('',#3529,#3532,#5050,.T.);
#4247=EDGE_CURVE('',#3535,#3530,#5051,.T.);
#4248=EDGE_CURVE('',#3544,#3545,#5052,.T.);
#4249=EDGE_CURVE('',#3545,#3546,#5053,.T.);
#4250=EDGE_CURVE('',#3546,#3547,#5054,.T.);
#4251=EDGE_CURVE('',#3547,#3544,#5055,.T.);
#4252=EDGE_CURVE('',#3391,#3548,#5056,.T.);
#4253=EDGE_CURVE('',#3548,#3549,#5057,.T.);
#4254=EDGE_CURVE('',#3549,#3390,#5058,.T.);
#4255=EDGE_CURVE('',#3550,#3392,#5059,.T.);
#4256=EDGE_CURVE('',#3550,#3551,#5060,.T.);
#4257=EDGE_CURVE('',#3393,#3551,#5061,.T.);
#4258=EDGE_CURVE('',#3551,#3548,#5062,.T.);
#4259=EDGE_CURVE('',#3549,#3550,#5063,.T.);
#4260=EDGE_CURVE('',#3191,#3552,#5064,.T.);
#4261=EDGE_CURVE('',#3552,#3553,#5065,.T.);
#4262=EDGE_CURVE('',#3553,#3190,#5066,.T.);
#4263=EDGE_CURVE('',#3554,#3192,#5067,.T.);
#4264=EDGE_CURVE('',#3554,#3555,#5068,.T.);
#4265=EDGE_CURVE('',#3193,#3555,#5069,.T.);
#4266=EDGE_CURVE('',#3555,#3552,#5070,.T.);
#4267=EDGE_CURVE('',#3556,#3557,#5071,.T.);
#4268=EDGE_CURVE('',#3557,#3558,#5072,.T.);
#4269=EDGE_CURVE('',#3558,#3559,#5073,.T.);
#4270=EDGE_CURVE('',#3559,#3556,#5074,.T.);
#4271=EDGE_CURVE('',#3553,#3554,#5075,.T.);
#4272=EDGE_CURVE('',#3554,#3559,#5076,.T.);
#4273=EDGE_CURVE('',#3556,#3553,#5077,.T.);
#4274=EDGE_CURVE('',#3557,#3552,#5078,.T.);
#4275=EDGE_CURVE('',#3555,#3558,#5079,.T.);
#4276=EDGE_CURVE('',#3550,#3547,#5080,.T.);
#4277=EDGE_CURVE('',#3544,#3549,#5081,.T.);
#4278=EDGE_CURVE('',#3545,#3548,#5082,.T.);
#4279=EDGE_CURVE('',#3551,#3546,#5083,.T.);
#4280=EDGE_CURVE('',#3560,#3561,#5084,.T.);
#4281=EDGE_CURVE('',#3561,#3562,#5085,.T.);
#4282=EDGE_CURVE('',#3562,#3563,#5086,.T.);
#4283=EDGE_CURVE('',#3563,#3560,#5087,.T.);
#4284=EDGE_CURVE('',#3400,#3564,#5088,.T.);
#4285=EDGE_CURVE('',#3564,#3565,#5089,.T.);
#4286=EDGE_CURVE('',#3565,#3399,#5090,.T.);
#4287=EDGE_CURVE('',#3566,#3401,#5091,.T.);
#4288=EDGE_CURVE('',#3566,#3567,#5092,.T.);
#4289=EDGE_CURVE('',#3402,#3567,#5093,.T.);
#4290=EDGE_CURVE('',#3567,#3564,#5094,.T.);
#4291=EDGE_CURVE('',#3565,#3566,#5095,.T.);
#4292=EDGE_CURVE('',#3187,#3568,#5096,.T.);
#4293=EDGE_CURVE('',#3568,#3569,#5097,.T.);
#4294=EDGE_CURVE('',#3569,#3186,#5098,.T.);
#4295=EDGE_CURVE('',#3570,#3188,#5099,.T.);
#4296=EDGE_CURVE('',#3570,#3571,#5100,.T.);
#4297=EDGE_CURVE('',#3189,#3571,#5101,.T.);
#4298=EDGE_CURVE('',#3571,#3568,#5102,.T.);
#4299=EDGE_CURVE('',#3572,#3573,#5103,.T.);
#4300=EDGE_CURVE('',#3573,#3574,#5104,.T.);
#4301=EDGE_CURVE('',#3574,#3575,#5105,.T.);
#4302=EDGE_CURVE('',#3575,#3572,#5106,.T.);
#4303=EDGE_CURVE('',#3569,#3570,#5107,.T.);
#4304=EDGE_CURVE('',#3570,#3575,#5108,.T.);
#4305=EDGE_CURVE('',#3572,#3569,#5109,.T.);
#4306=EDGE_CURVE('',#3573,#3568,#5110,.T.);
#4307=EDGE_CURVE('',#3571,#3574,#5111,.T.);
#4308=EDGE_CURVE('',#3566,#3563,#5112,.T.);
#4309=EDGE_CURVE('',#3560,#3565,#5113,.T.);
#4310=EDGE_CURVE('',#3561,#3564,#5114,.T.);
#4311=EDGE_CURVE('',#3567,#3562,#5115,.T.);
#4312=EDGE_CURVE('',#3576,#3577,#5116,.T.);
#4313=EDGE_CURVE('',#3577,#3578,#5117,.T.);
#4314=EDGE_CURVE('',#3578,#3579,#5118,.T.);
#4315=EDGE_CURVE('',#3579,#3576,#5119,.T.);
#4316=EDGE_CURVE('',#3409,#3580,#5120,.T.);
#4317=EDGE_CURVE('',#3580,#3581,#5121,.T.);
#4318=EDGE_CURVE('',#3581,#3408,#5122,.T.);
#4319=EDGE_CURVE('',#3582,#3410,#5123,.T.);
#4320=EDGE_CURVE('',#3582,#3583,#5124,.T.);
#4321=EDGE_CURVE('',#3411,#3583,#5125,.T.);
#4322=EDGE_CURVE('',#3583,#3580,#5126,.T.);
#4323=EDGE_CURVE('',#3581,#3582,#5127,.T.);
#4324=EDGE_CURVE('',#3183,#3584,#5128,.T.);
#4325=EDGE_CURVE('',#3584,#3585,#5129,.T.);
#4326=EDGE_CURVE('',#3585,#3182,#5130,.T.);
#4327=EDGE_CURVE('',#3586,#3184,#5131,.T.);
#4328=EDGE_CURVE('',#3586,#3587,#5132,.T.);
#4329=EDGE_CURVE('',#3185,#3587,#5133,.T.);
#4330=EDGE_CURVE('',#3587,#3584,#5134,.T.);
#4331=EDGE_CURVE('',#3588,#3589,#5135,.T.);
#4332=EDGE_CURVE('',#3589,#3590,#5136,.T.);
#4333=EDGE_CURVE('',#3590,#3591,#5137,.T.);
#4334=EDGE_CURVE('',#3591,#3588,#5138,.T.);
#4335=EDGE_CURVE('',#3585,#3586,#5139,.T.);
#4336=EDGE_CURVE('',#3586,#3591,#5140,.T.);
#4337=EDGE_CURVE('',#3588,#3585,#5141,.T.);
#4338=EDGE_CURVE('',#3589,#3584,#5142,.T.);
#4339=EDGE_CURVE('',#3587,#3590,#5143,.T.);
#4340=EDGE_CURVE('',#3582,#3579,#5144,.T.);
#4341=EDGE_CURVE('',#3576,#3581,#5145,.T.);
#4342=EDGE_CURVE('',#3577,#3580,#5146,.T.);
#4343=EDGE_CURVE('',#3583,#3578,#5147,.T.);
#4344=EDGE_CURVE('',#3592,#3593,#5148,.T.);
#4345=EDGE_CURVE('',#3593,#3594,#5149,.T.);
#4346=EDGE_CURVE('',#3594,#3595,#5150,.T.);
#4347=EDGE_CURVE('',#3595,#3592,#5151,.T.);
#4348=EDGE_CURVE('',#3417,#3596,#5152,.T.);
#4349=EDGE_CURVE('',#3596,#3597,#5153,.T.);
#4350=EDGE_CURVE('',#3597,#3416,#5154,.T.);
#4351=EDGE_CURVE('',#3598,#3418,#5155,.T.);
#4352=EDGE_CURVE('',#3598,#3599,#5156,.T.);
#4353=EDGE_CURVE('',#3419,#3599,#5157,.T.);
#4354=EDGE_CURVE('',#3599,#3596,#5158,.T.);
#4355=EDGE_CURVE('',#3597,#3598,#5159,.T.);
#4356=EDGE_CURVE('',#3179,#3600,#5160,.T.);
#4357=EDGE_CURVE('',#3600,#3601,#5161,.T.);
#4358=EDGE_CURVE('',#3601,#3178,#5162,.T.);
#4359=EDGE_CURVE('',#3602,#3180,#5163,.T.);
#4360=EDGE_CURVE('',#3602,#3603,#5164,.T.);
#4361=EDGE_CURVE('',#3181,#3603,#5165,.T.);
#4362=EDGE_CURVE('',#3603,#3600,#5166,.T.);
#4363=EDGE_CURVE('',#3604,#3605,#5167,.T.);
#4364=EDGE_CURVE('',#3605,#3606,#5168,.T.);
#4365=EDGE_CURVE('',#3606,#3607,#5169,.T.);
#4366=EDGE_CURVE('',#3607,#3604,#5170,.T.);
#4367=EDGE_CURVE('',#3601,#3602,#5171,.T.);
#4368=EDGE_CURVE('',#3602,#3607,#5172,.T.);
#4369=EDGE_CURVE('',#3604,#3601,#5173,.T.);
#4370=EDGE_CURVE('',#3605,#3600,#5174,.T.);
#4371=EDGE_CURVE('',#3603,#3606,#5175,.T.);
#4372=EDGE_CURVE('',#3598,#3595,#5176,.T.);
#4373=EDGE_CURVE('',#3592,#3597,#5177,.T.);
#4374=EDGE_CURVE('',#3593,#3596,#5178,.T.);
#4375=EDGE_CURVE('',#3599,#3594,#5179,.T.);
#4376=EDGE_CURVE('',#3608,#3609,#5180,.T.);
#4377=EDGE_CURVE('',#3609,#3610,#5181,.T.);
#4378=EDGE_CURVE('',#3610,#3611,#5182,.T.);
#4379=EDGE_CURVE('',#3611,#3608,#5183,.T.);
#4380=EDGE_CURVE('',#3426,#3612,#5184,.T.);
#4381=EDGE_CURVE('',#3612,#3613,#5185,.T.);
#4382=EDGE_CURVE('',#3613,#3425,#5186,.T.);
#4383=EDGE_CURVE('',#3614,#3427,#5187,.T.);
#4384=EDGE_CURVE('',#3614,#3615,#5188,.T.);
#4385=EDGE_CURVE('',#3428,#3615,#5189,.T.);
#4386=EDGE_CURVE('',#3615,#3612,#5190,.T.);
#4387=EDGE_CURVE('',#3613,#3614,#5191,.T.);
#4388=EDGE_CURVE('',#3175,#3616,#5192,.T.);
#4389=EDGE_CURVE('',#3616,#3617,#5193,.T.);
#4390=EDGE_CURVE('',#3617,#3174,#5194,.T.);
#4391=EDGE_CURVE('',#3618,#3176,#5195,.T.);
#4392=EDGE_CURVE('',#3618,#3619,#5196,.T.);
#4393=EDGE_CURVE('',#3177,#3619,#5197,.T.);
#4394=EDGE_CURVE('',#3619,#3616,#5198,.T.);
#4395=EDGE_CURVE('',#3620,#3621,#5199,.T.);
#4396=EDGE_CURVE('',#3621,#3622,#5200,.T.);
#4397=EDGE_CURVE('',#3622,#3623,#5201,.T.);
#4398=EDGE_CURVE('',#3623,#3620,#5202,.T.);
#4399=EDGE_CURVE('',#3617,#3618,#5203,.T.);
#4400=EDGE_CURVE('',#3618,#3623,#5204,.T.);
#4401=EDGE_CURVE('',#3620,#3617,#5205,.T.);
#4402=EDGE_CURVE('',#3621,#3616,#5206,.T.);
#4403=EDGE_CURVE('',#3619,#3622,#5207,.T.);
#4404=EDGE_CURVE('',#3614,#3611,#5208,.T.);
#4405=EDGE_CURVE('',#3608,#3613,#5209,.T.);
#4406=EDGE_CURVE('',#3609,#3612,#5210,.T.);
#4407=EDGE_CURVE('',#3615,#3610,#5211,.T.);
#4408=EDGE_CURVE('',#3624,#3625,#5212,.T.);
#4409=EDGE_CURVE('',#3625,#3626,#5213,.T.);
#4410=EDGE_CURVE('',#3626,#3627,#5214,.T.);
#4411=EDGE_CURVE('',#3627,#3624,#5215,.T.);
#4412=EDGE_CURVE('',#3435,#3628,#5216,.T.);
#4413=EDGE_CURVE('',#3628,#3629,#5217,.T.);
#4414=EDGE_CURVE('',#3629,#3434,#5218,.T.);
#4415=EDGE_CURVE('',#3630,#3436,#5219,.T.);
#4416=EDGE_CURVE('',#3630,#3631,#5220,.T.);
#4417=EDGE_CURVE('',#3437,#3631,#5221,.T.);
#4418=EDGE_CURVE('',#3631,#3628,#5222,.T.);
#4419=EDGE_CURVE('',#3629,#3630,#5223,.T.);
#4420=EDGE_CURVE('',#3171,#3632,#5224,.T.);
#4421=EDGE_CURVE('',#3632,#3633,#5225,.T.);
#4422=EDGE_CURVE('',#3633,#3170,#5226,.T.);
#4423=EDGE_CURVE('',#3634,#3172,#5227,.T.);
#4424=EDGE_CURVE('',#3634,#3635,#5228,.T.);
#4425=EDGE_CURVE('',#3173,#3635,#5229,.T.);
#4426=EDGE_CURVE('',#3635,#3632,#5230,.T.);
#4427=EDGE_CURVE('',#3636,#3637,#5231,.T.);
#4428=EDGE_CURVE('',#3637,#3638,#5232,.T.);
#4429=EDGE_CURVE('',#3638,#3639,#5233,.T.);
#4430=EDGE_CURVE('',#3639,#3636,#5234,.T.);
#4431=EDGE_CURVE('',#3633,#3634,#5235,.T.);
#4432=EDGE_CURVE('',#3634,#3639,#5236,.T.);
#4433=EDGE_CURVE('',#3636,#3633,#5237,.T.);
#4434=EDGE_CURVE('',#3637,#3632,#5238,.T.);
#4435=EDGE_CURVE('',#3635,#3638,#5239,.T.);
#4436=EDGE_CURVE('',#3630,#3627,#5240,.T.);
#4437=EDGE_CURVE('',#3624,#3629,#5241,.T.);
#4438=EDGE_CURVE('',#3625,#3628,#5242,.T.);
#4439=EDGE_CURVE('',#3631,#3626,#5243,.T.);
#4440=EDGE_CURVE('',#3640,#3439,#5244,.T.);
#4441=EDGE_CURVE('',#3641,#3640,#100,.T.);
#4442=EDGE_CURVE('',#3641,#3166,#5245,.T.);
#4443=EDGE_CURVE('',#3642,#3445,#5246,.T.);
#4444=EDGE_CURVE('',#3642,#3643,#5247,.T.);
#4445=EDGE_CURVE('',#3640,#3643,#5248,.T.);
#4446=EDGE_CURVE('',#3644,#3641,#5249,.T.);
#4447=EDGE_CURVE('',#3645,#3644,#5250,.T.);
#4448=EDGE_CURVE('',#3442,#3645,#5251,.T.);
#4449=EDGE_CURVE('',#3646,#3446,#5252,.T.);
#4450=EDGE_CURVE('',#3646,#3647,#5253,.T.);
#4451=EDGE_CURVE('',#3158,#3647,#5254,.T.);
#4452=EDGE_CURVE('',#3648,#3162,#5255,.T.);
#4453=EDGE_CURVE('',#3646,#3648,#101,.T.);
#4454=EDGE_CURVE('',#3160,#3649,#5256,.T.);
#4455=EDGE_CURVE('',#3649,#3648,#5257,.T.);
#4456=EDGE_CURVE('',#3643,#3644,#102,.T.);
#4457=EDGE_CURVE('',#3645,#3642,#103,.T.);
#4458=EDGE_CURVE('',#3647,#3649,#104,.T.);
#4459=EDGE_CURVE('',#3650,#3642,#108,.T.);
#4460=EDGE_CURVE('',#3651,#3650,#105,.T.);
#4461=EDGE_CURVE('',#3651,#3645,#109,.T.);
#4462=EDGE_CURVE('',#3650,#3444,#5258,.T.);
#4463=EDGE_CURVE('',#3443,#3651,#5259,.T.);
#4464=LINE('',#7939,#5260);
#4465=LINE('',#7942,#5261);
#4466=LINE('',#7944,#5262);
#4467=LINE('',#7946,#5263);
#4468=LINE('',#7948,#5264);
#4469=LINE('',#7950,#5265);
#4470=LINE('',#7952,#5266);
#4471=LINE('',#7954,#5267);
#4472=LINE('',#7956,#5268);
#4473=LINE('',#7958,#5269);
#4474=LINE('',#7960,#5270);
#4475=LINE('',#7971,#5271);
#4476=LINE('',#7986,#5272);
#4477=LINE('',#7987,#5273);
#4478=LINE('',#7990,#5274);
#4479=LINE('',#7994,#5275);
#4480=LINE('',#7996,#5276);
#4481=LINE('',#7998,#5277);
#4482=LINE('',#8001,#5278);
#4483=LINE('',#8003,#5279);
#4484=LINE('',#8005,#5280);
#4485=LINE('',#8009,#5281);
#4486=LINE('',#8012,#5282);
#4487=LINE('',#8014,#5283);
#4488=LINE('',#8016,#5284);
#4489=LINE('',#8017,#5285);
#4490=LINE('',#8020,#5286);
#4491=LINE('',#8022,#5287);
#4492=LINE('',#8024,#5288);
#4493=LINE('',#8025,#5289);
#4494=LINE('',#8028,#5290);
#4495=LINE('',#8030,#5291);
#4496=LINE('',#8032,#5292);
#4497=LINE('',#8033,#5293);
#4498=LINE('',#8036,#5294);
#4499=LINE('',#8038,#5295);
#4500=LINE('',#8040,#5296);
#4501=LINE('',#8041,#5297);
#4502=LINE('',#8044,#5298);
#4503=LINE('',#8046,#5299);
#4504=LINE('',#8048,#5300);
#4505=LINE('',#8049,#5301);
#4506=LINE('',#8052,#5302);
#4507=LINE('',#8054,#5303);
#4508=LINE('',#8056,#5304);
#4509=LINE('',#8057,#5305);
#4510=LINE('',#8060,#5306);
#4511=LINE('',#8062,#5307);
#4512=LINE('',#8064,#5308);
#4513=LINE('',#8065,#5309);
#4514=LINE('',#8068,#5310);
#4515=LINE('',#8070,#5311);
#4516=LINE('',#8072,#5312);
#4517=LINE('',#8073,#5313);
#4518=LINE('',#8076,#5314);
#4519=LINE('',#8078,#5315);
#4520=LINE('',#8080,#5316);
#4521=LINE('',#8081,#5317);
#4522=LINE('',#8084,#5318);
#4523=LINE('',#8086,#5319);
#4524=LINE('',#8088,#5320);
#4525=LINE('',#8089,#5321);
#4526=LINE('',#8092,#5322);
#4527=LINE('',#8094,#5323);
#4528=LINE('',#8096,#5324);
#4529=LINE('',#8097,#5325);
#4530=LINE('',#8100,#5326);
#4531=LINE('',#8102,#5327);
#4532=LINE('',#8104,#5328);
#4533=LINE('',#8105,#5329);
#4534=LINE('',#8107,#5330);
#4535=LINE('',#8109,#5331);
#4536=LINE('',#8110,#5332);
#4537=LINE('',#8113,#5333);
#4538=LINE('',#8115,#5334);
#4539=LINE('',#8117,#5335);
#4540=LINE('',#8118,#5336);
#4541=LINE('',#8121,#5337);
#4542=LINE('',#8123,#5338);
#4543=LINE('',#8125,#5339);
#4544=LINE('',#8127,#5340);
#4545=LINE('',#8129,#5341);
#4546=LINE('',#8131,#5342);
#4547=LINE('',#8133,#5343);
#4548=LINE('',#8135,#5344);
#4549=LINE('',#8137,#5345);
#4550=LINE('',#8139,#5346);
#4551=LINE('',#8142,#5347);
#4552=LINE('',#8144,#5348);
#4553=LINE('',#8146,#5349);
#4554=LINE('',#8148,#5350);
#4555=LINE('',#8151,#5351);
#4556=LINE('',#8153,#5352);
#4557=LINE('',#8155,#5353);
#4558=LINE('',#8157,#5354);
#4559=LINE('',#8160,#5355);
#4560=LINE('',#8162,#5356);
#4561=LINE('',#8164,#5357);
#4562=LINE('',#8166,#5358);
#4563=LINE('',#8168,#5359);
#4564=LINE('',#8169,#5360);
#4565=LINE('',#8171,#5361);
#4566=LINE('',#8174,#5362);
#4567=LINE('',#8176,#5363);
#4568=LINE('',#8178,#5364);
#4569=LINE('',#8180,#5365);
#4570=LINE('',#8181,#5366);
#4571=LINE('',#8184,#5367);
#4572=LINE('',#8186,#5368);
#4573=LINE('',#8188,#5369);
#4574=LINE('',#8190,#5370);
#4575=LINE('',#8191,#5371);
#4576=LINE('',#8194,#5372);
#4577=LINE('',#8196,#5373);
#4578=LINE('',#8198,#5374);
#4579=LINE('',#8199,#5375);
#4580=LINE('',#8202,#5376);
#4581=LINE('',#8204,#5377);
#4582=LINE('',#8206,#5378);
#4583=LINE('',#8208,#5379);
#4584=LINE('',#8209,#5380);
#4585=LINE('',#8212,#5381);
#4586=LINE('',#8214,#5382);
#4587=LINE('',#8216,#5383);
#4588=LINE('',#8218,#5384);
#4589=LINE('',#8219,#5385);
#4590=LINE('',#8222,#5386);
#4591=LINE('',#8224,#5387);
#4592=LINE('',#8226,#5388);
#4593=LINE('',#8228,#5389);
#4594=LINE('',#8229,#5390);
#4595=LINE('',#8232,#5391);
#4596=LINE('',#8234,#5392);
#4597=LINE('',#8236,#5393);
#4598=LINE('',#8238,#5394);
#4599=LINE('',#8239,#5395);
#4600=LINE('',#8242,#5396);
#4601=LINE('',#8244,#5397);
#4602=LINE('',#8246,#5398);
#4603=LINE('',#8248,#5399);
#4604=LINE('',#8249,#5400);
#4605=LINE('',#8252,#5401);
#4606=LINE('',#8254,#5402);
#4607=LINE('',#8256,#5403);
#4608=LINE('',#8258,#5404);
#4609=LINE('',#8259,#5405);
#4610=LINE('',#8262,#5406);
#4611=LINE('',#8264,#5407);
#4612=LINE('',#8266,#5408);
#4613=LINE('',#8268,#5409);
#4614=LINE('',#8269,#5410);
#4615=LINE('',#8272,#5411);
#4616=LINE('',#8274,#5412);
#4617=LINE('',#8276,#5413);
#4618=LINE('',#8277,#5414);
#4619=LINE('',#8280,#5415);
#4620=LINE('',#8282,#5416);
#4621=LINE('',#8284,#5417);
#4622=LINE('',#8286,#5418);
#4623=LINE('',#8287,#5419);
#4624=LINE('',#8288,#5420);
#4625=LINE('',#8290,#5421);
#4626=LINE('',#8291,#5422);
#4627=LINE('',#8293,#5423);
#4628=LINE('',#8295,#5424);
#4629=LINE('',#8297,#5425);
#4630=LINE('',#8298,#5426);
#4631=LINE('',#8301,#5427);
#4632=LINE('',#8303,#5428);
#4633=LINE('',#8305,#5429);
#4634=LINE('',#8307,#5430);
#4635=LINE('',#8310,#5431);
#4636=LINE('',#8312,#5432);
#4637=LINE('',#8314,#5433);
#4638=LINE('',#8315,#5434);
#4639=LINE('',#8317,#5435);
#4640=LINE('',#8319,#5436);
#4641=LINE('',#8321,#5437);
#4642=LINE('',#8322,#5438);
#4643=LINE('',#8324,#5439);
#4644=LINE('',#8326,#5440);
#4645=LINE('',#8328,#5441);
#4646=LINE('',#8330,#5442);
#4647=LINE('',#8332,#5443);
#4648=LINE('',#8334,#5444);
#4649=LINE('',#8336,#5445);
#4650=LINE('',#8338,#5446);
#4651=LINE('',#8339,#5447);
#4652=LINE('',#8343,#5448);
#4653=LINE('',#8344,#5449);
#4654=LINE('',#8346,#5450);
#4655=LINE('',#8347,#5451);
#4656=LINE('',#8349,#5452);
#4657=LINE('',#8351,#5453);
#4658=LINE('',#8353,#5454);
#4659=LINE('',#8355,#5455);
#4660=LINE('',#8356,#5456);
#4661=LINE('',#8360,#5457);
#4662=LINE('',#8362,#5458);
#4663=LINE('',#8364,#5459);
#4664=LINE('',#8366,#5460);
#4665=LINE('',#8367,#5461);
#4666=LINE('',#8371,#5462);
#4667=LINE('',#8373,#5463);
#4668=LINE('',#8375,#5464);
#4669=LINE('',#8377,#5465);
#4670=LINE('',#8378,#5466);
#4671=LINE('',#8380,#5467);
#4672=LINE('',#8383,#5468);
#4673=LINE('',#8385,#5469);
#4674=LINE('',#8387,#5470);
#4675=LINE('',#8389,#5471);
#4676=LINE('',#8391,#5472);
#4677=LINE('',#8392,#5473);
#4678=LINE('',#8397,#5474);
#4679=LINE('',#8399,#5475);
#4680=LINE('',#8401,#5476);
#4681=LINE('',#8403,#5477);
#4682=LINE('',#8405,#5478);
#4683=LINE('',#8407,#5479);
#4684=LINE('',#8409,#5480);
#4685=LINE('',#8411,#5481);
#4686=LINE('',#8413,#5482);
#4687=LINE('',#8415,#5483);
#4688=LINE('',#8417,#5484);
#4689=LINE('',#8420,#5485);
#4690=LINE('',#8422,#5486);
#4691=LINE('',#8424,#5487);
#4692=LINE('',#8426,#5488);
#4693=LINE('',#8428,#5489);
#4694=LINE('',#8430,#5490);
#4695=LINE('',#8432,#5491);
#4696=LINE('',#8434,#5492);
#4697=LINE('',#8436,#5493);
#4698=LINE('',#8438,#5494);
#4699=LINE('',#8440,#5495);
#4700=LINE('',#8442,#5496);
#4701=LINE('',#8445,#5497);
#4702=LINE('',#8447,#5498);
#4703=LINE('',#8449,#5499);
#4704=LINE('',#8451,#5500);
#4705=LINE('',#8453,#5501);
#4706=LINE('',#8455,#5502);
#4707=LINE('',#8457,#5503);
#4708=LINE('',#8459,#5504);
#4709=LINE('',#8461,#5505);
#4710=LINE('',#8463,#5506);
#4711=LINE('',#8465,#5507);
#4712=LINE('',#8467,#5508);
#4713=LINE('',#8469,#5509);
#4714=LINE('',#8471,#5510);
#4715=LINE('',#8474,#5511);
#4716=LINE('',#8476,#5512);
#4717=LINE('',#8478,#5513);
#4718=LINE('',#8480,#5514);
#4719=LINE('',#8482,#5515);
#4720=LINE('',#8484,#5516);
#4721=LINE('',#8486,#5517);
#4722=LINE('',#8488,#5518);
#4723=LINE('',#8490,#5519);
#4724=LINE('',#8492,#5520);
#4725=LINE('',#8494,#5521);
#4726=LINE('',#8496,#5522);
#4727=LINE('',#8498,#5523);
#4728=LINE('',#8500,#5524);
#4729=LINE('',#8503,#5525);
#4730=LINE('',#8505,#5526);
#4731=LINE('',#8507,#5527);
#4732=LINE('',#8509,#5528);
#4733=LINE('',#8511,#5529);
#4734=LINE('',#8513,#5530);
#4735=LINE('',#8515,#5531);
#4736=LINE('',#8517,#5532);
#4737=LINE('',#8519,#5533);
#4738=LINE('',#8521,#5534);
#4739=LINE('',#8523,#5535);
#4740=LINE('',#8525,#5536);
#4741=LINE('',#8527,#5537);
#4742=LINE('',#8529,#5538);
#4743=LINE('',#8532,#5539);
#4744=LINE('',#8534,#5540);
#4745=LINE('',#8536,#5541);
#4746=LINE('',#8538,#5542);
#4747=LINE('',#8540,#5543);
#4748=LINE('',#8542,#5544);
#4749=LINE('',#8544,#5545);
#4750=LINE('',#8546,#5546);
#4751=LINE('',#8548,#5547);
#4752=LINE('',#8550,#5548);
#4753=LINE('',#8552,#5549);
#4754=LINE('',#8554,#5550);
#4755=LINE('',#8556,#5551);
#4756=LINE('',#8558,#5552);
#4757=LINE('',#8561,#5553);
#4758=LINE('',#8563,#5554);
#4759=LINE('',#8565,#5555);
#4760=LINE('',#8567,#5556);
#4761=LINE('',#8569,#5557);
#4762=LINE('',#8571,#5558);
#4763=LINE('',#8573,#5559);
#4764=LINE('',#8575,#5560);
#4765=LINE('',#8577,#5561);
#4766=LINE('',#8579,#5562);
#4767=LINE('',#8581,#5563);
#4768=LINE('',#8583,#5564);
#4769=LINE('',#8585,#5565);
#4770=LINE('',#8587,#5566);
#4771=LINE('',#8590,#5567);
#4772=LINE('',#8592,#5568);
#4773=LINE('',#8594,#5569);
#4774=LINE('',#8596,#5570);
#4775=LINE('',#8598,#5571);
#4776=LINE('',#8600,#5572);
#4777=LINE('',#8602,#5573);
#4778=LINE('',#8604,#5574);
#4779=LINE('',#8606,#5575);
#4780=LINE('',#8608,#5576);
#4781=LINE('',#8610,#5577);
#4782=LINE('',#8612,#5578);
#4783=LINE('',#8614,#5579);
#4784=LINE('',#8616,#5580);
#4785=LINE('',#8619,#5581);
#4786=LINE('',#8621,#5582);
#4787=LINE('',#8623,#5583);
#4788=LINE('',#8625,#5584);
#4789=LINE('',#8627,#5585);
#4790=LINE('',#8629,#5586);
#4791=LINE('',#8631,#5587);
#4792=LINE('',#8633,#5588);
#4793=LINE('',#8635,#5589);
#4794=LINE('',#8637,#5590);
#4795=LINE('',#8639,#5591);
#4796=LINE('',#8641,#5592);
#4797=LINE('',#8643,#5593);
#4798=LINE('',#8645,#5594);
#4799=LINE('',#8648,#5595);
#4800=LINE('',#8650,#5596);
#4801=LINE('',#8652,#5597);
#4802=LINE('',#8654,#5598);
#4803=LINE('',#8656,#5599);
#4804=LINE('',#8658,#5600);
#4805=LINE('',#8660,#5601);
#4806=LINE('',#8662,#5602);
#4807=LINE('',#8664,#5603);
#4808=LINE('',#8666,#5604);
#4809=LINE('',#8668,#5605);
#4810=LINE('',#8670,#5606);
#4811=LINE('',#8673,#5607);
#4812=LINE('',#8675,#5608);
#4813=LINE('',#8677,#5609);
#4814=LINE('',#8679,#5610);
#4815=LINE('',#8681,#5611);
#4816=LINE('',#8683,#5612);
#4817=LINE('',#8685,#5613);
#4818=LINE('',#8687,#5614);
#4819=LINE('',#8689,#5615);
#4820=LINE('',#8691,#5616);
#4821=LINE('',#8693,#5617);
#4822=LINE('',#8695,#5618);
#4823=LINE('',#8697,#5619);
#4824=LINE('',#8699,#5620);
#4825=LINE('',#8702,#5621);
#4826=LINE('',#8704,#5622);
#4827=LINE('',#8706,#5623);
#4828=LINE('',#8708,#5624);
#4829=LINE('',#8710,#5625);
#4830=LINE('',#8712,#5626);
#4831=LINE('',#8714,#5627);
#4832=LINE('',#8716,#5628);
#4833=LINE('',#8718,#5629);
#4834=LINE('',#8720,#5630);
#4835=LINE('',#8722,#5631);
#4836=LINE('',#8724,#5632);
#4837=LINE('',#8726,#5633);
#4838=LINE('',#8728,#5634);
#4839=LINE('',#8731,#5635);
#4840=LINE('',#8733,#5636);
#4841=LINE('',#8735,#5637);
#4842=LINE('',#8737,#5638);
#4843=LINE('',#8738,#5639);
#4844=LINE('',#8740,#5640);
#4845=LINE('',#8744,#5641);
#4846=LINE('',#8746,#5642);
#4847=LINE('',#8748,#5643);
#4848=LINE('',#8750,#5644);
#4849=LINE('',#8751,#5645);
#4850=LINE('',#8753,#5646);
#4851=LINE('',#8755,#5647);
#4852=LINE('',#8757,#5648);
#4853=LINE('',#8759,#5649);
#4854=LINE('',#8760,#5650);
#4855=LINE('',#8766,#5651);
#4856=LINE('',#8767,#5652);
#4857=LINE('',#8769,#5653);
#4858=LINE('',#8771,#5654);
#4859=LINE('',#8772,#5655);
#4860=LINE('',#8776,#5656);
#4861=LINE('',#8779,#5657);
#4862=LINE('',#8781,#5658);
#4863=LINE('',#8783,#5659);
#4864=LINE('',#8785,#5660);
#4865=LINE('',#8787,#5661);
#4866=LINE('',#8789,#5662);
#4867=LINE('',#8791,#5663);
#4868=LINE('',#8793,#5664);
#4869=LINE('',#8795,#5665);
#4870=LINE('',#8797,#5666);
#4871=LINE('',#8799,#5667);
#4872=LINE('',#8801,#5668);
#4873=LINE('',#8803,#5669);
#4874=LINE('',#8805,#5670);
#4875=LINE('',#8807,#5671);
#4876=LINE('',#8809,#5672);
#4877=LINE('',#8811,#5673);
#4878=LINE('',#8813,#5674);
#4879=LINE('',#8815,#5675);
#4880=LINE('',#8818,#5676);
#4881=LINE('',#8820,#5677);
#4882=LINE('',#8822,#5678);
#4883=LINE('',#8824,#5679);
#4884=LINE('',#8826,#5680);
#4885=LINE('',#8827,#5681);
#4886=LINE('',#8829,#5682);
#4887=LINE('',#8831,#5683);
#4888=LINE('',#8834,#5684);
#4889=LINE('',#8835,#5685);
#4890=LINE('',#8837,#5686);
#4891=LINE('',#8839,#5687);
#4892=LINE('',#8842,#5688);
#4893=LINE('',#8845,#5689);
#4894=LINE('',#8847,#5690);
#4895=LINE('',#8849,#5691);
#4896=LINE('',#8851,#5692);
#4897=LINE('',#8853,#5693);
#4898=LINE('',#8855,#5694);
#4899=LINE('',#8857,#5695);
#4900=LINE('',#8859,#5696);
#4901=LINE('',#8861,#5697);
#4902=LINE('',#8863,#5698);
#4903=LINE('',#8865,#5699);
#4904=LINE('',#8867,#5700);
#4905=LINE('',#8869,#5701);
#4906=LINE('',#8871,#5702);
#4907=LINE('',#8873,#5703);
#4908=LINE('',#8875,#5704);
#4909=LINE('',#8877,#5705);
#4910=LINE('',#8879,#5706);
#4911=LINE('',#8881,#5707);
#4912=LINE('',#8884,#5708);
#4913=LINE('',#8886,#5709);
#4914=LINE('',#8888,#5710);
#4915=LINE('',#8890,#5711);
#4916=LINE('',#8892,#5712);
#4917=LINE('',#8893,#5713);
#4918=LINE('',#8895,#5714);
#4919=LINE('',#8897,#5715);
#4920=LINE('',#8900,#5716);
#4921=LINE('',#8901,#5717);
#4922=LINE('',#8903,#5718);
#4923=LINE('',#8905,#5719);
#4924=LINE('',#8908,#5720);
#4925=LINE('',#8911,#5721);
#4926=LINE('',#8913,#5722);
#4927=LINE('',#8915,#5723);
#4928=LINE('',#8917,#5724);
#4929=LINE('',#8919,#5725);
#4930=LINE('',#8921,#5726);
#4931=LINE('',#8923,#5727);
#4932=LINE('',#8925,#5728);
#4933=LINE('',#8927,#5729);
#4934=LINE('',#8929,#5730);
#4935=LINE('',#8931,#5731);
#4936=LINE('',#8933,#5732);
#4937=LINE('',#8935,#5733);
#4938=LINE('',#8937,#5734);
#4939=LINE('',#8939,#5735);
#4940=LINE('',#8941,#5736);
#4941=LINE('',#8943,#5737);
#4942=LINE('',#8945,#5738);
#4943=LINE('',#8947,#5739);
#4944=LINE('',#8950,#5740);
#4945=LINE('',#8952,#5741);
#4946=LINE('',#8954,#5742);
#4947=LINE('',#8956,#5743);
#4948=LINE('',#8958,#5744);
#4949=LINE('',#8959,#5745);
#4950=LINE('',#8961,#5746);
#4951=LINE('',#8963,#5747);
#4952=LINE('',#8966,#5748);
#4953=LINE('',#8967,#5749);
#4954=LINE('',#8969,#5750);
#4955=LINE('',#8971,#5751);
#4956=LINE('',#8974,#5752);
#4957=LINE('',#8977,#5753);
#4958=LINE('',#8979,#5754);
#4959=LINE('',#8981,#5755);
#4960=LINE('',#8983,#5756);
#4961=LINE('',#8985,#5757);
#4962=LINE('',#8987,#5758);
#4963=LINE('',#8989,#5759);
#4964=LINE('',#8991,#5760);
#4965=LINE('',#8993,#5761);
#4966=LINE('',#8995,#5762);
#4967=LINE('',#8997,#5763);
#4968=LINE('',#8999,#5764);
#4969=LINE('',#9001,#5765);
#4970=LINE('',#9003,#5766);
#4971=LINE('',#9005,#5767);
#4972=LINE('',#9007,#5768);
#4973=LINE('',#9009,#5769);
#4974=LINE('',#9011,#5770);
#4975=LINE('',#9013,#5771);
#4976=LINE('',#9016,#5772);
#4977=LINE('',#9018,#5773);
#4978=LINE('',#9020,#5774);
#4979=LINE('',#9022,#5775);
#4980=LINE('',#9024,#5776);
#4981=LINE('',#9025,#5777);
#4982=LINE('',#9027,#5778);
#4983=LINE('',#9029,#5779);
#4984=LINE('',#9032,#5780);
#4985=LINE('',#9033,#5781);
#4986=LINE('',#9035,#5782);
#4987=LINE('',#9037,#5783);
#4988=LINE('',#9040,#5784);
#4989=LINE('',#9043,#5785);
#4990=LINE('',#9045,#5786);
#4991=LINE('',#9047,#5787);
#4992=LINE('',#9049,#5788);
#4993=LINE('',#9051,#5789);
#4994=LINE('',#9053,#5790);
#4995=LINE('',#9055,#5791);
#4996=LINE('',#9057,#5792);
#4997=LINE('',#9059,#5793);
#4998=LINE('',#9061,#5794);
#4999=LINE('',#9063,#5795);
#5000=LINE('',#9065,#5796);
#5001=LINE('',#9067,#5797);
#5002=LINE('',#9069,#5798);
#5003=LINE('',#9071,#5799);
#5004=LINE('',#9073,#5800);
#5005=LINE('',#9075,#5801);
#5006=LINE('',#9077,#5802);
#5007=LINE('',#9079,#5803);
#5008=LINE('',#9082,#5804);
#5009=LINE('',#9084,#5805);
#5010=LINE('',#9086,#5806);
#5011=LINE('',#9088,#5807);
#5012=LINE('',#9090,#5808);
#5013=LINE('',#9091,#5809);
#5014=LINE('',#9093,#5810);
#5015=LINE('',#9095,#5811);
#5016=LINE('',#9098,#5812);
#5017=LINE('',#9099,#5813);
#5018=LINE('',#9101,#5814);
#5019=LINE('',#9103,#5815);
#5020=LINE('',#9106,#5816);
#5021=LINE('',#9109,#5817);
#5022=LINE('',#9111,#5818);
#5023=LINE('',#9113,#5819);
#5024=LINE('',#9115,#5820);
#5025=LINE('',#9117,#5821);
#5026=LINE('',#9119,#5822);
#5027=LINE('',#9121,#5823);
#5028=LINE('',#9123,#5824);
#5029=LINE('',#9125,#5825);
#5030=LINE('',#9127,#5826);
#5031=LINE('',#9129,#5827);
#5032=LINE('',#9131,#5828);
#5033=LINE('',#9133,#5829);
#5034=LINE('',#9135,#5830);
#5035=LINE('',#9137,#5831);
#5036=LINE('',#9139,#5832);
#5037=LINE('',#9141,#5833);
#5038=LINE('',#9143,#5834);
#5039=LINE('',#9145,#5835);
#5040=LINE('',#9148,#5836);
#5041=LINE('',#9150,#5837);
#5042=LINE('',#9152,#5838);
#5043=LINE('',#9154,#5839);
#5044=LINE('',#9156,#5840);
#5045=LINE('',#9157,#5841);
#5046=LINE('',#9159,#5842);
#5047=LINE('',#9161,#5843);
#5048=LINE('',#9164,#5844);
#5049=LINE('',#9165,#5845);
#5050=LINE('',#9167,#5846);
#5051=LINE('',#9169,#5847);
#5052=LINE('',#9172,#5848);
#5053=LINE('',#9175,#5849);
#5054=LINE('',#9177,#5850);
#5055=LINE('',#9179,#5851);
#5056=LINE('',#9181,#5852);
#5057=LINE('',#9183,#5853);
#5058=LINE('',#9185,#5854);
#5059=LINE('',#9187,#5855);
#5060=LINE('',#9189,#5856);
#5061=LINE('',#9191,#5857);
#5062=LINE('',#9193,#5858);
#5063=LINE('',#9195,#5859);
#5064=LINE('',#9197,#5860);
#5065=LINE('',#9199,#5861);
#5066=LINE('',#9201,#5862);
#5067=LINE('',#9203,#5863);
#5068=LINE('',#9205,#5864);
#5069=LINE('',#9207,#5865);
#5070=LINE('',#9209,#5866);
#5071=LINE('',#9211,#5867);
#5072=LINE('',#9214,#5868);
#5073=LINE('',#9216,#5869);
#5074=LINE('',#9218,#5870);
#5075=LINE('',#9220,#5871);
#5076=LINE('',#9222,#5872);
#5077=LINE('',#9223,#5873);
#5078=LINE('',#9225,#5874);
#5079=LINE('',#9227,#5875);
#5080=LINE('',#9230,#5876);
#5081=LINE('',#9231,#5877);
#5082=LINE('',#9233,#5878);
#5083=LINE('',#9235,#5879);
#5084=LINE('',#9238,#5880);
#5085=LINE('',#9241,#5881);
#5086=LINE('',#9243,#5882);
#5087=LINE('',#9245,#5883);
#5088=LINE('',#9247,#5884);
#5089=LINE('',#9249,#5885);
#5090=LINE('',#9251,#5886);
#5091=LINE('',#9253,#5887);
#5092=LINE('',#9255,#5888);
#5093=LINE('',#9257,#5889);
#5094=LINE('',#9259,#5890);
#5095=LINE('',#9261,#5891);
#5096=LINE('',#9263,#5892);
#5097=LINE('',#9265,#5893);
#5098=LINE('',#9267,#5894);
#5099=LINE('',#9269,#5895);
#5100=LINE('',#9271,#5896);
#5101=LINE('',#9273,#5897);
#5102=LINE('',#9275,#5898);
#5103=LINE('',#9277,#5899);
#5104=LINE('',#9280,#5900);
#5105=LINE('',#9282,#5901);
#5106=LINE('',#9284,#5902);
#5107=LINE('',#9286,#5903);
#5108=LINE('',#9288,#5904);
#5109=LINE('',#9289,#5905);
#5110=LINE('',#9291,#5906);
#5111=LINE('',#9293,#5907);
#5112=LINE('',#9296,#5908);
#5113=LINE('',#9297,#5909);
#5114=LINE('',#9299,#5910);
#5115=LINE('',#9301,#5911);
#5116=LINE('',#9304,#5912);
#5117=LINE('',#9307,#5913);
#5118=LINE('',#9309,#5914);
#5119=LINE('',#9311,#5915);
#5120=LINE('',#9313,#5916);
#5121=LINE('',#9315,#5917);
#5122=LINE('',#9317,#5918);
#5123=LINE('',#9319,#5919);
#5124=LINE('',#9321,#5920);
#5125=LINE('',#9323,#5921);
#5126=LINE('',#9325,#5922);
#5127=LINE('',#9327,#5923);
#5128=LINE('',#9329,#5924);
#5129=LINE('',#9331,#5925);
#5130=LINE('',#9333,#5926);
#5131=LINE('',#9335,#5927);
#5132=LINE('',#9337,#5928);
#5133=LINE('',#9339,#5929);
#5134=LINE('',#9341,#5930);
#5135=LINE('',#9343,#5931);
#5136=LINE('',#9346,#5932);
#5137=LINE('',#9348,#5933);
#5138=LINE('',#9350,#5934);
#5139=LINE('',#9352,#5935);
#5140=LINE('',#9354,#5936);
#5141=LINE('',#9355,#5937);
#5142=LINE('',#9357,#5938);
#5143=LINE('',#9359,#5939);
#5144=LINE('',#9362,#5940);
#5145=LINE('',#9363,#5941);
#5146=LINE('',#9365,#5942);
#5147=LINE('',#9367,#5943);
#5148=LINE('',#9370,#5944);
#5149=LINE('',#9373,#5945);
#5150=LINE('',#9375,#5946);
#5151=LINE('',#9377,#5947);
#5152=LINE('',#9379,#5948);
#5153=LINE('',#9381,#5949);
#5154=LINE('',#9383,#5950);
#5155=LINE('',#9385,#5951);
#5156=LINE('',#9387,#5952);
#5157=LINE('',#9389,#5953);
#5158=LINE('',#9391,#5954);
#5159=LINE('',#9393,#5955);
#5160=LINE('',#9395,#5956);
#5161=LINE('',#9397,#5957);
#5162=LINE('',#9399,#5958);
#5163=LINE('',#9401,#5959);
#5164=LINE('',#9403,#5960);
#5165=LINE('',#9405,#5961);
#5166=LINE('',#9407,#5962);
#5167=LINE('',#9409,#5963);
#5168=LINE('',#9412,#5964);
#5169=LINE('',#9414,#5965);
#5170=LINE('',#9416,#5966);
#5171=LINE('',#9418,#5967);
#5172=LINE('',#9420,#5968);
#5173=LINE('',#9421,#5969);
#5174=LINE('',#9423,#5970);
#5175=LINE('',#9425,#5971);
#5176=LINE('',#9428,#5972);
#5177=LINE('',#9429,#5973);
#5178=LINE('',#9431,#5974);
#5179=LINE('',#9433,#5975);
#5180=LINE('',#9436,#5976);
#5181=LINE('',#9439,#5977);
#5182=LINE('',#9441,#5978);
#5183=LINE('',#9443,#5979);
#5184=LINE('',#9445,#5980);
#5185=LINE('',#9447,#5981);
#5186=LINE('',#9449,#5982);
#5187=LINE('',#9451,#5983);
#5188=LINE('',#9453,#5984);
#5189=LINE('',#9455,#5985);
#5190=LINE('',#9457,#5986);
#5191=LINE('',#9459,#5987);
#5192=LINE('',#9461,#5988);
#5193=LINE('',#9463,#5989);
#5194=LINE('',#9465,#5990);
#5195=LINE('',#9467,#5991);
#5196=LINE('',#9469,#5992);
#5197=LINE('',#9471,#5993);
#5198=LINE('',#9473,#5994);
#5199=LINE('',#9475,#5995);
#5200=LINE('',#9478,#5996);
#5201=LINE('',#9480,#5997);
#5202=LINE('',#9482,#5998);
#5203=LINE('',#9484,#5999);
#5204=LINE('',#9486,#6000);
#5205=LINE('',#9487,#6001);
#5206=LINE('',#9489,#6002);
#5207=LINE('',#9491,#6003);
#5208=LINE('',#9494,#6004);
#5209=LINE('',#9495,#6005);
#5210=LINE('',#9497,#6006);
#5211=LINE('',#9499,#6007);
#5212=LINE('',#9502,#6008);
#5213=LINE('',#9505,#6009);
#5214=LINE('',#9507,#6010);
#5215=LINE('',#9509,#6011);
#5216=LINE('',#9511,#6012);
#5217=LINE('',#9513,#6013);
#5218=LINE('',#9515,#6014);
#5219=LINE('',#9517,#6015);
#5220=LINE('',#9519,#6016);
#5221=LINE('',#9521,#6017);
#5222=LINE('',#9523,#6018);
#5223=LINE('',#9525,#6019);
#5224=LINE('',#9527,#6020);
#5225=LINE('',#9529,#6021);
#5226=LINE('',#9531,#6022);
#5227=LINE('',#9533,#6023);
#5228=LINE('',#9535,#6024);
#5229=LINE('',#9537,#6025);
#5230=LINE('',#9539,#6026);
#5231=LINE('',#9541,#6027);
#5232=LINE('',#9544,#6028);
#5233=LINE('',#9546,#6029);
#5234=LINE('',#9548,#6030);
#5235=LINE('',#9550,#6031);
#5236=LINE('',#9552,#6032);
#5237=LINE('',#9553,#6033);
#5238=LINE('',#9555,#6034);
#5239=LINE('',#9557,#6035);
#5240=LINE('',#9560,#6036);
#5241=LINE('',#9561,#6037);
#5242=LINE('',#9563,#6038);
#5243=LINE('',#9565,#6039);
#5244=LINE('',#9568,#6040);
#5245=LINE('',#9572,#6041);
#5246=LINE('',#9574,#6042);
#5247=LINE('',#9576,#6043);
#5248=LINE('',#9578,#6044);
#5249=LINE('',#9580,#6045);
#5250=LINE('',#9582,#6046);
#5251=LINE('',#9584,#6047);
#5252=LINE('',#9586,#6048);
#5253=LINE('',#9588,#6049);
#5254=LINE('',#9590,#6050);
#5255=LINE('',#9592,#6051);
#5256=LINE('',#9596,#6052);
#5257=LINE('',#9598,#6053);
#5258=LINE('',#9627,#6054);
#5259=LINE('',#9629,#6055);
#5260=VECTOR('',#6420,1.);
#5261=VECTOR('',#6421,1.);
#5262=VECTOR('',#6422,1.);
#5263=VECTOR('',#6423,1.);
#5264=VECTOR('',#6424,1.);
#5265=VECTOR('',#6425,1.);
#5266=VECTOR('',#6426,1.);
#5267=VECTOR('',#6427,1.);
#5268=VECTOR('',#6428,1.);
#5269=VECTOR('',#6429,1.);
#5270=VECTOR('',#6432,1.);
#5271=VECTOR('',#6433,1.);
#5272=VECTOR('',#6442,1.);
#5273=VECTOR('',#6443,1.);
#5274=VECTOR('',#6448,1.);
#5275=VECTOR('',#6451,1.);
#5276=VECTOR('',#6452,1.);
#5277=VECTOR('',#6455,1.);
#5278=VECTOR('',#6456,1.);
#5279=VECTOR('',#6457,1.);
#5280=VECTOR('',#6458,1.);
#5281=VECTOR('',#6463,1.);
#5282=VECTOR('',#6464,1.);
#5283=VECTOR('',#6465,1.);
#5284=VECTOR('',#6466,1.);
#5285=VECTOR('',#6467,1.);
#5286=VECTOR('',#6468,1.);
#5287=VECTOR('',#6469,1.);
#5288=VECTOR('',#6470,1.);
#5289=VECTOR('',#6471,1.);
#5290=VECTOR('',#6472,1.);
#5291=VECTOR('',#6473,1.);
#5292=VECTOR('',#6474,1.);
#5293=VECTOR('',#6475,1.);
#5294=VECTOR('',#6476,1.);
#5295=VECTOR('',#6477,1.);
#5296=VECTOR('',#6478,1.);
#5297=VECTOR('',#6479,1.);
#5298=VECTOR('',#6480,1.);
#5299=VECTOR('',#6481,1.);
#5300=VECTOR('',#6482,1.);
#5301=VECTOR('',#6483,1.);
#5302=VECTOR('',#6484,1.);
#5303=VECTOR('',#6485,1.);
#5304=VECTOR('',#6486,1.);
#5305=VECTOR('',#6487,1.);
#5306=VECTOR('',#6488,1.);
#5307=VECTOR('',#6489,1.);
#5308=VECTOR('',#6490,1.);
#5309=VECTOR('',#6491,1.);
#5310=VECTOR('',#6492,1.);
#5311=VECTOR('',#6493,1.);
#5312=VECTOR('',#6494,1.);
#5313=VECTOR('',#6495,1.);
#5314=VECTOR('',#6496,1.);
#5315=VECTOR('',#6497,1.);
#5316=VECTOR('',#6498,1.);
#5317=VECTOR('',#6499,1.);
#5318=VECTOR('',#6500,1.);
#5319=VECTOR('',#6501,1.);
#5320=VECTOR('',#6502,1.);
#5321=VECTOR('',#6503,1.);
#5322=VECTOR('',#6504,1.);
#5323=VECTOR('',#6505,1.);
#5324=VECTOR('',#6506,1.);
#5325=VECTOR('',#6507,1.);
#5326=VECTOR('',#6508,1.);
#5327=VECTOR('',#6509,1.);
#5328=VECTOR('',#6510,1.);
#5329=VECTOR('',#6511,1.);
#5330=VECTOR('',#6512,1.);
#5331=VECTOR('',#6513,1.);
#5332=VECTOR('',#6514,1.);
#5333=VECTOR('',#6515,1.);
#5334=VECTOR('',#6516,1.);
#5335=VECTOR('',#6517,1.);
#5336=VECTOR('',#6518,1.);
#5337=VECTOR('',#6519,1.);
#5338=VECTOR('',#6520,1.);
#5339=VECTOR('',#6521,1.);
#5340=VECTOR('',#6522,1.);
#5341=VECTOR('',#6523,1.);
#5342=VECTOR('',#6524,1.);
#5343=VECTOR('',#6525,1.);
#5344=VECTOR('',#6526,1.);
#5345=VECTOR('',#6527,1.);
#5346=VECTOR('',#6530,1.);
#5347=VECTOR('',#6531,1.);
#5348=VECTOR('',#6532,1.);
#5349=VECTOR('',#6533,1.);
#5350=VECTOR('',#6536,1.);
#5351=VECTOR('',#6537,1.);
#5352=VECTOR('',#6538,1.);
#5353=VECTOR('',#6539,1.);
#5354=VECTOR('',#6542,1.);
#5355=VECTOR('',#6543,1.);
#5356=VECTOR('',#6544,1.);
#5357=VECTOR('',#6545,1.);
#5358=VECTOR('',#6546,1.);
#5359=VECTOR('',#6547,1.);
#5360=VECTOR('',#6548,1.);
#5361=VECTOR('',#6551,1.);
#5362=VECTOR('',#6552,1.);
#5363=VECTOR('',#6553,1.);
#5364=VECTOR('',#6554,1.);
#5365=VECTOR('',#6555,1.);
#5366=VECTOR('',#6556,1.);
#5367=VECTOR('',#6557,1.);
#5368=VECTOR('',#6558,1.);
#5369=VECTOR('',#6559,1.);
#5370=VECTOR('',#6560,1.);
#5371=VECTOR('',#6561,1.);
#5372=VECTOR('',#6562,1.);
#5373=VECTOR('',#6563,1.);
#5374=VECTOR('',#6564,1.);
#5375=VECTOR('',#6565,1.);
#5376=VECTOR('',#6566,1.);
#5377=VECTOR('',#6567,1.);
#5378=VECTOR('',#6568,1.);
#5379=VECTOR('',#6569,1.);
#5380=VECTOR('',#6570,1.);
#5381=VECTOR('',#6571,1.);
#5382=VECTOR('',#6572,1.);
#5383=VECTOR('',#6573,1.);
#5384=VECTOR('',#6574,1.);
#5385=VECTOR('',#6575,1.);
#5386=VECTOR('',#6576,1.);
#5387=VECTOR('',#6577,1.);
#5388=VECTOR('',#6578,1.);
#5389=VECTOR('',#6579,1.);
#5390=VECTOR('',#6580,1.);
#5391=VECTOR('',#6581,1.);
#5392=VECTOR('',#6582,1.);
#5393=VECTOR('',#6583,1.);
#5394=VECTOR('',#6584,1.);
#5395=VECTOR('',#6585,1.);
#5396=VECTOR('',#6586,1.);
#5397=VECTOR('',#6587,1.);
#5398=VECTOR('',#6588,1.);
#5399=VECTOR('',#6589,1.);
#5400=VECTOR('',#6590,1.);
#5401=VECTOR('',#6591,1.);
#5402=VECTOR('',#6592,1.);
#5403=VECTOR('',#6593,1.);
#5404=VECTOR('',#6594,1.);
#5405=VECTOR('',#6595,1.);
#5406=VECTOR('',#6596,1.);
#5407=VECTOR('',#6597,1.);
#5408=VECTOR('',#6598,1.);
#5409=VECTOR('',#6599,1.);
#5410=VECTOR('',#6600,1.);
#5411=VECTOR('',#6601,1.);
#5412=VECTOR('',#6602,1.);
#5413=VECTOR('',#6603,1.);
#5414=VECTOR('',#6604,1.);
#5415=VECTOR('',#6605,1.);
#5416=VECTOR('',#6606,1.);
#5417=VECTOR('',#6607,1.);
#5418=VECTOR('',#6608,1.);
#5419=VECTOR('',#6609,1.);
#5420=VECTOR('',#6610,1.);
#5421=VECTOR('',#6611,1.);
#5422=VECTOR('',#6612,1.);
#5423=VECTOR('',#6613,1.);
#5424=VECTOR('',#6616,1.);
#5425=VECTOR('',#6617,1.);
#5426=VECTOR('',#6618,1.);
#5427=VECTOR('',#6619,1.);
#5428=VECTOR('',#6620,1.);
#5429=VECTOR('',#6621,1.);
#5430=VECTOR('',#6624,1.);
#5431=VECTOR('',#6625,1.);
#5432=VECTOR('',#6626,1.);
#5433=VECTOR('',#6627,1.);
#5434=VECTOR('',#6628,1.);
#5435=VECTOR('',#6629,1.);
#5436=VECTOR('',#6632,1.);
#5437=VECTOR('',#6633,1.);
#5438=VECTOR('',#6634,1.);
#5439=VECTOR('',#6635,1.);
#5440=VECTOR('',#6638,1.);
#5441=VECTOR('',#6639,1.);
#5442=VECTOR('',#6640,1.);
#5443=VECTOR('',#6643,1.);
#5444=VECTOR('',#6644,1.);
#5445=VECTOR('',#6645,1.);
#5446=VECTOR('',#6648,1.);
#5447=VECTOR('',#6649,1.);
#5448=VECTOR('',#6656,1.);
#5449=VECTOR('',#6657,1.);
#5450=VECTOR('',#6660,1.);
#5451=VECTOR('',#6661,1.);
#5452=VECTOR('',#6664,1.);
#5453=VECTOR('',#6665,1.);
#5454=VECTOR('',#6666,1.);
#5455=VECTOR('',#6669,1.);
#5456=VECTOR('',#6670,1.);
#5457=VECTOR('',#6677,1.);
#5458=VECTOR('',#6678,1.);
#5459=VECTOR('',#6679,1.);
#5460=VECTOR('',#6682,1.);
#5461=VECTOR('',#6683,1.);
#5462=VECTOR('',#6690,1.);
#5463=VECTOR('',#6691,1.);
#5464=VECTOR('',#6692,1.);
#5465=VECTOR('',#6695,1.);
#5466=VECTOR('',#6696,1.);
#5467=VECTOR('',#6699,1.);
#5468=VECTOR('',#6704,1.);
#5469=VECTOR('',#6705,1.);
#5470=VECTOR('',#6708,1.);
#5471=VECTOR('',#6709,1.);
#5472=VECTOR('',#6712,1.);
#5473=VECTOR('',#6713,1.);
#5474=VECTOR('',#6722,1.);
#5475=VECTOR('',#6723,1.);
#5476=VECTOR('',#6724,1.);
#5477=VECTOR('',#6727,1.);
#5478=VECTOR('',#6728,1.);
#5479=VECTOR('',#6731,1.);
#5480=VECTOR('',#6732,1.);
#5481=VECTOR('',#6735,1.);
#5482=VECTOR('',#6736,1.);
#5483=VECTOR('',#6739,1.);
#5484=VECTOR('',#6742,1.);
#5485=VECTOR('',#6743,1.);
#5486=VECTOR('',#6744,1.);
#5487=VECTOR('',#6745,1.);
#5488=VECTOR('',#6748,1.);
#5489=VECTOR('',#6749,1.);
#5490=VECTOR('',#6750,1.);
#5491=VECTOR('',#6753,1.);
#5492=VECTOR('',#6754,1.);
#5493=VECTOR('',#6757,1.);
#5494=VECTOR('',#6758,1.);
#5495=VECTOR('',#6761,1.);
#5496=VECTOR('',#6764,1.);
#5497=VECTOR('',#6765,1.);
#5498=VECTOR('',#6766,1.);
#5499=VECTOR('',#6767,1.);
#5500=VECTOR('',#6770,1.);
#5501=VECTOR('',#6771,1.);
#5502=VECTOR('',#6772,1.);
#5503=VECTOR('',#6775,1.);
#5504=VECTOR('',#6776,1.);
#5505=VECTOR('',#6779,1.);
#5506=VECTOR('',#6780,1.);
#5507=VECTOR('',#6783,1.);
#5508=VECTOR('',#6784,1.);
#5509=VECTOR('',#6787,1.);
#5510=VECTOR('',#6790,1.);
#5511=VECTOR('',#6791,1.);
#5512=VECTOR('',#6792,1.);
#5513=VECTOR('',#6793,1.);
#5514=VECTOR('',#6796,1.);
#5515=VECTOR('',#6797,1.);
#5516=VECTOR('',#6798,1.);
#5517=VECTOR('',#6801,1.);
#5518=VECTOR('',#6802,1.);
#5519=VECTOR('',#6805,1.);
#5520=VECTOR('',#6806,1.);
#5521=VECTOR('',#6809,1.);
#5522=VECTOR('',#6810,1.);
#5523=VECTOR('',#6813,1.);
#5524=VECTOR('',#6816,1.);
#5525=VECTOR('',#6817,1.);
#5526=VECTOR('',#6818,1.);
#5527=VECTOR('',#6819,1.);
#5528=VECTOR('',#6822,1.);
#5529=VECTOR('',#6823,1.);
#5530=VECTOR('',#6824,1.);
#5531=VECTOR('',#6827,1.);
#5532=VECTOR('',#6828,1.);
#5533=VECTOR('',#6831,1.);
#5534=VECTOR('',#6832,1.);
#5535=VECTOR('',#6835,1.);
#5536=VECTOR('',#6836,1.);
#5537=VECTOR('',#6839,1.);
#5538=VECTOR('',#6842,1.);
#5539=VECTOR('',#6843,1.);
#5540=VECTOR('',#6844,1.);
#5541=VECTOR('',#6845,1.);
#5542=VECTOR('',#6848,1.);
#5543=VECTOR('',#6849,1.);
#5544=VECTOR('',#6850,1.);
#5545=VECTOR('',#6853,1.);
#5546=VECTOR('',#6854,1.);
#5547=VECTOR('',#6857,1.);
#5548=VECTOR('',#6858,1.);
#5549=VECTOR('',#6861,1.);
#5550=VECTOR('',#6862,1.);
#5551=VECTOR('',#6865,1.);
#5552=VECTOR('',#6868,1.);
#5553=VECTOR('',#6869,1.);
#5554=VECTOR('',#6870,1.);
#5555=VECTOR('',#6871,1.);
#5556=VECTOR('',#6874,1.);
#5557=VECTOR('',#6875,1.);
#5558=VECTOR('',#6876,1.);
#5559=VECTOR('',#6879,1.);
#5560=VECTOR('',#6880,1.);
#5561=VECTOR('',#6883,1.);
#5562=VECTOR('',#6884,1.);
#5563=VECTOR('',#6887,1.);
#5564=VECTOR('',#6888,1.);
#5565=VECTOR('',#6891,1.);
#5566=VECTOR('',#6894,1.);
#5567=VECTOR('',#6895,1.);
#5568=VECTOR('',#6896,1.);
#5569=VECTOR('',#6897,1.);
#5570=VECTOR('',#6900,1.);
#5571=VECTOR('',#6901,1.);
#5572=VECTOR('',#6902,1.);
#5573=VECTOR('',#6905,1.);
#5574=VECTOR('',#6906,1.);
#5575=VECTOR('',#6909,1.);
#5576=VECTOR('',#6910,1.);
#5577=VECTOR('',#6913,1.);
#5578=VECTOR('',#6914,1.);
#5579=VECTOR('',#6917,1.);
#5580=VECTOR('',#6920,1.);
#5581=VECTOR('',#6921,1.);
#5582=VECTOR('',#6922,1.);
#5583=VECTOR('',#6923,1.);
#5584=VECTOR('',#6926,1.);
#5585=VECTOR('',#6927,1.);
#5586=VECTOR('',#6928,1.);
#5587=VECTOR('',#6931,1.);
#5588=VECTOR('',#6932,1.);
#5589=VECTOR('',#6935,1.);
#5590=VECTOR('',#6936,1.);
#5591=VECTOR('',#6939,1.);
#5592=VECTOR('',#6940,1.);
#5593=VECTOR('',#6943,1.);
#5594=VECTOR('',#6946,1.);
#5595=VECTOR('',#6947,1.);
#5596=VECTOR('',#6948,1.);
#5597=VECTOR('',#6949,1.);
#5598=VECTOR('',#6952,1.);
#5599=VECTOR('',#6953,1.);
#5600=VECTOR('',#6954,1.);
#5601=VECTOR('',#6957,1.);
#5602=VECTOR('',#6958,1.);
#5603=VECTOR('',#6961,1.);
#5604=VECTOR('',#6962,1.);
#5605=VECTOR('',#6965,1.);
#5606=VECTOR('',#6968,1.);
#5607=VECTOR('',#6969,1.);
#5608=VECTOR('',#6970,1.);
#5609=VECTOR('',#6971,1.);
#5610=VECTOR('',#6974,1.);
#5611=VECTOR('',#6975,1.);
#5612=VECTOR('',#6976,1.);
#5613=VECTOR('',#6979,1.);
#5614=VECTOR('',#6980,1.);
#5615=VECTOR('',#6983,1.);
#5616=VECTOR('',#6984,1.);
#5617=VECTOR('',#6987,1.);
#5618=VECTOR('',#6988,1.);
#5619=VECTOR('',#6991,1.);
#5620=VECTOR('',#6994,1.);
#5621=VECTOR('',#6995,1.);
#5622=VECTOR('',#6996,1.);
#5623=VECTOR('',#6997,1.);
#5624=VECTOR('',#7000,1.);
#5625=VECTOR('',#7001,1.);
#5626=VECTOR('',#7002,1.);
#5627=VECTOR('',#7005,1.);
#5628=VECTOR('',#7006,1.);
#5629=VECTOR('',#7009,1.);
#5630=VECTOR('',#7010,1.);
#5631=VECTOR('',#7013,1.);
#5632=VECTOR('',#7014,1.);
#5633=VECTOR('',#7017,1.);
#5634=VECTOR('',#7020,1.);
#5635=VECTOR('',#7021,1.);
#5636=VECTOR('',#7022,1.);
#5637=VECTOR('',#7023,1.);
#5638=VECTOR('',#7026,1.);
#5639=VECTOR('',#7027,1.);
#5640=VECTOR('',#7028,1.);
#5641=VECTOR('',#7033,1.);
#5642=VECTOR('',#7034,1.);
#5643=VECTOR('',#7035,1.);
#5644=VECTOR('',#7038,1.);
#5645=VECTOR('',#7039,1.);
#5646=VECTOR('',#7040,1.);
#5647=VECTOR('',#7041,1.);
#5648=VECTOR('',#7042,1.);
#5649=VECTOR('',#7043,1.);
#5650=VECTOR('',#7044,1.);
#5651=VECTOR('',#7053,1.);
#5652=VECTOR('',#7054,1.);
#5653=VECTOR('',#7055,1.);
#5654=VECTOR('',#7058,1.);
#5655=VECTOR('',#7059,1.);
#5656=VECTOR('',#7066,1.);
#5657=VECTOR('',#7067,1.);
#5658=VECTOR('',#7068,1.);
#5659=VECTOR('',#7069,1.);
#5660=VECTOR('',#7072,1.);
#5661=VECTOR('',#7073,1.);
#5662=VECTOR('',#7074,1.);
#5663=VECTOR('',#7077,1.);
#5664=VECTOR('',#7078,1.);
#5665=VECTOR('',#7079,1.);
#5666=VECTOR('',#7082,1.);
#5667=VECTOR('',#7085,1.);
#5668=VECTOR('',#7088,1.);
#5669=VECTOR('',#7089,1.);
#5670=VECTOR('',#7090,1.);
#5671=VECTOR('',#7093,1.);
#5672=VECTOR('',#7094,1.);
#5673=VECTOR('',#7095,1.);
#5674=VECTOR('',#7098,1.);
#5675=VECTOR('',#7101,1.);
#5676=VECTOR('',#7102,1.);
#5677=VECTOR('',#7103,1.);
#5678=VECTOR('',#7104,1.);
#5679=VECTOR('',#7107,1.);
#5680=VECTOR('',#7110,1.);
#5681=VECTOR('',#7111,1.);
#5682=VECTOR('',#7114,1.);
#5683=VECTOR('',#7117,1.);
#5684=VECTOR('',#7122,1.);
#5685=VECTOR('',#7123,1.);
#5686=VECTOR('',#7126,1.);
#5687=VECTOR('',#7129,1.);
#5688=VECTOR('',#7134,1.);
#5689=VECTOR('',#7135,1.);
#5690=VECTOR('',#7136,1.);
#5691=VECTOR('',#7137,1.);
#5692=VECTOR('',#7140,1.);
#5693=VECTOR('',#7141,1.);
#5694=VECTOR('',#7142,1.);
#5695=VECTOR('',#7145,1.);
#5696=VECTOR('',#7146,1.);
#5697=VECTOR('',#7147,1.);
#5698=VECTOR('',#7150,1.);
#5699=VECTOR('',#7153,1.);
#5700=VECTOR('',#7156,1.);
#5701=VECTOR('',#7157,1.);
#5702=VECTOR('',#7158,1.);
#5703=VECTOR('',#7161,1.);
#5704=VECTOR('',#7162,1.);
#5705=VECTOR('',#7163,1.);
#5706=VECTOR('',#7166,1.);
#5707=VECTOR('',#7169,1.);
#5708=VECTOR('',#7170,1.);
#5709=VECTOR('',#7171,1.);
#5710=VECTOR('',#7172,1.);
#5711=VECTOR('',#7175,1.);
#5712=VECTOR('',#7178,1.);
#5713=VECTOR('',#7179,1.);
#5714=VECTOR('',#7182,1.);
#5715=VECTOR('',#7185,1.);
#5716=VECTOR('',#7190,1.);
#5717=VECTOR('',#7191,1.);
#5718=VECTOR('',#7194,1.);
#5719=VECTOR('',#7197,1.);
#5720=VECTOR('',#7202,1.);
#5721=VECTOR('',#7203,1.);
#5722=VECTOR('',#7204,1.);
#5723=VECTOR('',#7205,1.);
#5724=VECTOR('',#7208,1.);
#5725=VECTOR('',#7209,1.);
#5726=VECTOR('',#7210,1.);
#5727=VECTOR('',#7213,1.);
#5728=VECTOR('',#7214,1.);
#5729=VECTOR('',#7215,1.);
#5730=VECTOR('',#7218,1.);
#5731=VECTOR('',#7221,1.);
#5732=VECTOR('',#7224,1.);
#5733=VECTOR('',#7225,1.);
#5734=VECTOR('',#7226,1.);
#5735=VECTOR('',#7229,1.);
#5736=VECTOR('',#7230,1.);
#5737=VECTOR('',#7231,1.);
#5738=VECTOR('',#7234,1.);
#5739=VECTOR('',#7237,1.);
#5740=VECTOR('',#7238,1.);
#5741=VECTOR('',#7239,1.);
#5742=VECTOR('',#7240,1.);
#5743=VECTOR('',#7243,1.);
#5744=VECTOR('',#7246,1.);
#5745=VECTOR('',#7247,1.);
#5746=VECTOR('',#7250,1.);
#5747=VECTOR('',#7253,1.);
#5748=VECTOR('',#7258,1.);
#5749=VECTOR('',#7259,1.);
#5750=VECTOR('',#7262,1.);
#5751=VECTOR('',#7265,1.);
#5752=VECTOR('',#7270,1.);
#5753=VECTOR('',#7271,1.);
#5754=VECTOR('',#7272,1.);
#5755=VECTOR('',#7273,1.);
#5756=VECTOR('',#7276,1.);
#5757=VECTOR('',#7277,1.);
#5758=VECTOR('',#7278,1.);
#5759=VECTOR('',#7281,1.);
#5760=VECTOR('',#7282,1.);
#5761=VECTOR('',#7283,1.);
#5762=VECTOR('',#7286,1.);
#5763=VECTOR('',#7289,1.);
#5764=VECTOR('',#7292,1.);
#5765=VECTOR('',#7293,1.);
#5766=VECTOR('',#7294,1.);
#5767=VECTOR('',#7297,1.);
#5768=VECTOR('',#7298,1.);
#5769=VECTOR('',#7299,1.);
#5770=VECTOR('',#7302,1.);
#5771=VECTOR('',#7305,1.);
#5772=VECTOR('',#7306,1.);
#5773=VECTOR('',#7307,1.);
#5774=VECTOR('',#7308,1.);
#5775=VECTOR('',#7311,1.);
#5776=VECTOR('',#7314,1.);
#5777=VECTOR('',#7315,1.);
#5778=VECTOR('',#7318,1.);
#5779=VECTOR('',#7321,1.);
#5780=VECTOR('',#7326,1.);
#5781=VECTOR('',#7327,1.);
#5782=VECTOR('',#7330,1.);
#5783=VECTOR('',#7333,1.);
#5784=VECTOR('',#7338,1.);
#5785=VECTOR('',#7339,1.);
#5786=VECTOR('',#7340,1.);
#5787=VECTOR('',#7341,1.);
#5788=VECTOR('',#7344,1.);
#5789=VECTOR('',#7345,1.);
#5790=VECTOR('',#7346,1.);
#5791=VECTOR('',#7349,1.);
#5792=VECTOR('',#7350,1.);
#5793=VECTOR('',#7351,1.);
#5794=VECTOR('',#7354,1.);
#5795=VECTOR('',#7357,1.);
#5796=VECTOR('',#7360,1.);
#5797=VECTOR('',#7361,1.);
#5798=VECTOR('',#7362,1.);
#5799=VECTOR('',#7365,1.);
#5800=VECTOR('',#7366,1.);
#5801=VECTOR('',#7367,1.);
#5802=VECTOR('',#7370,1.);
#5803=VECTOR('',#7373,1.);
#5804=VECTOR('',#7374,1.);
#5805=VECTOR('',#7375,1.);
#5806=VECTOR('',#7376,1.);
#5807=VECTOR('',#7379,1.);
#5808=VECTOR('',#7382,1.);
#5809=VECTOR('',#7383,1.);
#5810=VECTOR('',#7386,1.);
#5811=VECTOR('',#7389,1.);
#5812=VECTOR('',#7394,1.);
#5813=VECTOR('',#7395,1.);
#5814=VECTOR('',#7398,1.);
#5815=VECTOR('',#7401,1.);
#5816=VECTOR('',#7406,1.);
#5817=VECTOR('',#7407,1.);
#5818=VECTOR('',#7408,1.);
#5819=VECTOR('',#7409,1.);
#5820=VECTOR('',#7412,1.);
#5821=VECTOR('',#7413,1.);
#5822=VECTOR('',#7414,1.);
#5823=VECTOR('',#7417,1.);
#5824=VECTOR('',#7418,1.);
#5825=VECTOR('',#7419,1.);
#5826=VECTOR('',#7422,1.);
#5827=VECTOR('',#7425,1.);
#5828=VECTOR('',#7428,1.);
#5829=VECTOR('',#7429,1.);
#5830=VECTOR('',#7430,1.);
#5831=VECTOR('',#7433,1.);
#5832=VECTOR('',#7434,1.);
#5833=VECTOR('',#7435,1.);
#5834=VECTOR('',#7438,1.);
#5835=VECTOR('',#7441,1.);
#5836=VECTOR('',#7442,1.);
#5837=VECTOR('',#7443,1.);
#5838=VECTOR('',#7444,1.);
#5839=VECTOR('',#7447,1.);
#5840=VECTOR('',#7450,1.);
#5841=VECTOR('',#7451,1.);
#5842=VECTOR('',#7454,1.);
#5843=VECTOR('',#7457,1.);
#5844=VECTOR('',#7462,1.);
#5845=VECTOR('',#7463,1.);
#5846=VECTOR('',#7466,1.);
#5847=VECTOR('',#7469,1.);
#5848=VECTOR('',#7474,1.);
#5849=VECTOR('',#7475,1.);
#5850=VECTOR('',#7476,1.);
#5851=VECTOR('',#7477,1.);
#5852=VECTOR('',#7480,1.);
#5853=VECTOR('',#7481,1.);
#5854=VECTOR('',#7482,1.);
#5855=VECTOR('',#7485,1.);
#5856=VECTOR('',#7486,1.);
#5857=VECTOR('',#7487,1.);
#5858=VECTOR('',#7490,1.);
#5859=VECTOR('',#7493,1.);
#5860=VECTOR('',#7496,1.);
#5861=VECTOR('',#7497,1.);
#5862=VECTOR('',#7498,1.);
#5863=VECTOR('',#7501,1.);
#5864=VECTOR('',#7502,1.);
#5865=VECTOR('',#7503,1.);
#5866=VECTOR('',#7506,1.);
#5867=VECTOR('',#7509,1.);
#5868=VECTOR('',#7510,1.);
#5869=VECTOR('',#7511,1.);
#5870=VECTOR('',#7512,1.);
#5871=VECTOR('',#7515,1.);
#5872=VECTOR('',#7518,1.);
#5873=VECTOR('',#7519,1.);
#5874=VECTOR('',#7522,1.);
#5875=VECTOR('',#7525,1.);
#5876=VECTOR('',#7530,1.);
#5877=VECTOR('',#7531,1.);
#5878=VECTOR('',#7534,1.);
#5879=VECTOR('',#7537,1.);
#5880=VECTOR('',#7542,1.);
#5881=VECTOR('',#7543,1.);
#5882=VECTOR('',#7544,1.);
#5883=VECTOR('',#7545,1.);
#5884=VECTOR('',#7548,1.);
#5885=VECTOR('',#7549,1.);
#5886=VECTOR('',#7550,1.);
#5887=VECTOR('',#7553,1.);
#5888=VECTOR('',#7554,1.);
#5889=VECTOR('',#7555,1.);
#5890=VECTOR('',#7558,1.);
#5891=VECTOR('',#7561,1.);
#5892=VECTOR('',#7564,1.);
#5893=VECTOR('',#7565,1.);
#5894=VECTOR('',#7566,1.);
#5895=VECTOR('',#7569,1.);
#5896=VECTOR('',#7570,1.);
#5897=VECTOR('',#7571,1.);
#5898=VECTOR('',#7574,1.);
#5899=VECTOR('',#7577,1.);
#5900=VECTOR('',#7578,1.);
#5901=VECTOR('',#7579,1.);
#5902=VECTOR('',#7580,1.);
#5903=VECTOR('',#7583,1.);
#5904=VECTOR('',#7586,1.);
#5905=VECTOR('',#7587,1.);
#5906=VECTOR('',#7590,1.);
#5907=VECTOR('',#7593,1.);
#5908=VECTOR('',#7598,1.);
#5909=VECTOR('',#7599,1.);
#5910=VECTOR('',#7602,1.);
#5911=VECTOR('',#7605,1.);
#5912=VECTOR('',#7610,1.);
#5913=VECTOR('',#7611,1.);
#5914=VECTOR('',#7612,1.);
#5915=VECTOR('',#7613,1.);
#5916=VECTOR('',#7616,1.);
#5917=VECTOR('',#7617,1.);
#5918=VECTOR('',#7618,1.);
#5919=VECTOR('',#7621,1.);
#5920=VECTOR('',#7622,1.);
#5921=VECTOR('',#7623,1.);
#5922=VECTOR('',#7626,1.);
#5923=VECTOR('',#7629,1.);
#5924=VECTOR('',#7632,1.);
#5925=VECTOR('',#7633,1.);
#5926=VECTOR('',#7634,1.);
#5927=VECTOR('',#7637,1.);
#5928=VECTOR('',#7638,1.);
#5929=VECTOR('',#7639,1.);
#5930=VECTOR('',#7642,1.);
#5931=VECTOR('',#7645,1.);
#5932=VECTOR('',#7646,1.);
#5933=VECTOR('',#7647,1.);
#5934=VECTOR('',#7648,1.);
#5935=VECTOR('',#7651,1.);
#5936=VECTOR('',#7654,1.);
#5937=VECTOR('',#7655,1.);
#5938=VECTOR('',#7658,1.);
#5939=VECTOR('',#7661,1.);
#5940=VECTOR('',#7666,1.);
#5941=VECTOR('',#7667,1.);
#5942=VECTOR('',#7670,1.);
#5943=VECTOR('',#7673,1.);
#5944=VECTOR('',#7678,1.);
#5945=VECTOR('',#7679,1.);
#5946=VECTOR('',#7680,1.);
#5947=VECTOR('',#7681,1.);
#5948=VECTOR('',#7684,1.);
#5949=VECTOR('',#7685,1.);
#5950=VECTOR('',#7686,1.);
#5951=VECTOR('',#7689,1.);
#5952=VECTOR('',#7690,1.);
#5953=VECTOR('',#7691,1.);
#5954=VECTOR('',#7694,1.);
#5955=VECTOR('',#7697,1.);
#5956=VECTOR('',#7700,1.);
#5957=VECTOR('',#7701,1.);
#5958=VECTOR('',#7702,1.);
#5959=VECTOR('',#7705,1.);
#5960=VECTOR('',#7706,1.);
#5961=VECTOR('',#7707,1.);
#5962=VECTOR('',#7710,1.);
#5963=VECTOR('',#7713,1.);
#5964=VECTOR('',#7714,1.);
#5965=VECTOR('',#7715,1.);
#5966=VECTOR('',#7716,1.);
#5967=VECTOR('',#7719,1.);
#5968=VECTOR('',#7722,1.);
#5969=VECTOR('',#7723,1.);
#5970=VECTOR('',#7726,1.);
#5971=VECTOR('',#7729,1.);
#5972=VECTOR('',#7734,1.);
#5973=VECTOR('',#7735,1.);
#5974=VECTOR('',#7738,1.);
#5975=VECTOR('',#7741,1.);
#5976=VECTOR('',#7746,1.);
#5977=VECTOR('',#7747,1.);
#5978=VECTOR('',#7748,1.);
#5979=VECTOR('',#7749,1.);
#5980=VECTOR('',#7752,1.);
#5981=VECTOR('',#7753,1.);
#5982=VECTOR('',#7754,1.);
#5983=VECTOR('',#7757,1.);
#5984=VECTOR('',#7758,1.);
#5985=VECTOR('',#7759,1.);
#5986=VECTOR('',#7762,1.);
#5987=VECTOR('',#7765,1.);
#5988=VECTOR('',#7768,1.);
#5989=VECTOR('',#7769,1.);
#5990=VECTOR('',#7770,1.);
#5991=VECTOR('',#7773,1.);
#5992=VECTOR('',#7774,1.);
#5993=VECTOR('',#7775,1.);
#5994=VECTOR('',#7778,1.);
#5995=VECTOR('',#7781,1.);
#5996=VECTOR('',#7782,1.);
#5997=VECTOR('',#7783,1.);
#5998=VECTOR('',#7784,1.);
#5999=VECTOR('',#7787,1.);
#6000=VECTOR('',#7790,1.);
#6001=VECTOR('',#7791,1.);
#6002=VECTOR('',#7794,1.);
#6003=VECTOR('',#7797,1.);
#6004=VECTOR('',#7802,1.);
#6005=VECTOR('',#7803,1.);
#6006=VECTOR('',#7806,1.);
#6007=VECTOR('',#7809,1.);
#6008=VECTOR('',#7814,1.);
#6009=VECTOR('',#7815,1.);
#6010=VECTOR('',#7816,1.);
#6011=VECTOR('',#7817,1.);
#6012=VECTOR('',#7820,1.);
#6013=VECTOR('',#7821,1.);
#6014=VECTOR('',#7822,1.);
#6015=VECTOR('',#7825,1.);
#6016=VECTOR('',#7826,1.);
#6017=VECTOR('',#7827,1.);
#6018=VECTOR('',#7830,1.);
#6019=VECTOR('',#7833,1.);
#6020=VECTOR('',#7836,1.);
#6021=VECTOR('',#7837,1.);
#6022=VECTOR('',#7838,1.);
#6023=VECTOR('',#7841,1.);
#6024=VECTOR('',#7842,1.);
#6025=VECTOR('',#7843,1.);
#6026=VECTOR('',#7846,1.);
#6027=VECTOR('',#7849,1.);
#6028=VECTOR('',#7850,1.);
#6029=VECTOR('',#7851,1.);
#6030=VECTOR('',#7852,1.);
#6031=VECTOR('',#7855,1.);
#6032=VECTOR('',#7858,1.);
#6033=VECTOR('',#7859,1.);
#6034=VECTOR('',#7862,1.);
#6035=VECTOR('',#7865,1.);
#6036=VECTOR('',#7870,1.);
#6037=VECTOR('',#7871,1.);
#6038=VECTOR('',#7874,1.);
#6039=VECTOR('',#7877,1.);
#6040=VECTOR('',#7882,1.);
#6041=VECTOR('',#7885,1.);
#6042=VECTOR('',#7888,1.);
#6043=VECTOR('',#7889,1.);
#6044=VECTOR('',#7890,1.);
#6045=VECTOR('',#7893,1.);
#6046=VECTOR('',#7894,1.);
#6047=VECTOR('',#7895,1.);
#6048=VECTOR('',#7898,1.);
#6049=VECTOR('',#7899,1.);
#6050=VECTOR('',#7900,1.);
#6051=VECTOR('',#7903,1.);
#6052=VECTOR('',#7908,1.);
#6053=VECTOR('',#7909,1.);
#6054=VECTOR('',#7930,1.);
#6055=VECTOR('',#7933,1.);
#6056=AXIS2_PLACEMENT_3D('',#7938,#6418,#6419);
#6057=AXIS2_PLACEMENT_3D('',#7959,#6430,#6431);
#6058=AXIS2_PLACEMENT_3D('',#7972,#6434,#6435);
#6059=AXIS2_PLACEMENT_3D('',#7973,#6436,#6437);
#6060=AXIS2_PLACEMENT_3D('',#7984,#6438,#6439);
#6061=AXIS2_PLACEMENT_3D('',#7985,#6440,#6441);
#6062=AXIS2_PLACEMENT_3D('',#7988,#6444,#6445);
#6063=AXIS2_PLACEMENT_3D('',#7989,#6446,#6447);
#6064=AXIS2_PLACEMENT_3D('',#7992,#6449,#6450);
#6065=AXIS2_PLACEMENT_3D('',#7997,#6453,#6454);
#6066=AXIS2_PLACEMENT_3D('',#8007,#6459,#6460);
#6067=AXIS2_PLACEMENT_3D('',#8008,#6461,#6462);
#6068=AXIS2_PLACEMENT_3D('',#8138,#6528,#6529);
#6069=AXIS2_PLACEMENT_3D('',#8147,#6534,#6535);
#6070=AXIS2_PLACEMENT_3D('',#8156,#6540,#6541);
#6071=AXIS2_PLACEMENT_3D('',#8170,#6549,#6550);
#6072=AXIS2_PLACEMENT_3D('',#8294,#6614,#6615);
#6073=AXIS2_PLACEMENT_3D('',#8306,#6622,#6623);
#6074=AXIS2_PLACEMENT_3D('',#8318,#6630,#6631);
#6075=AXIS2_PLACEMENT_3D('',#8325,#6636,#6637);
#6076=AXIS2_PLACEMENT_3D('',#8331,#6641,#6642);
#6077=AXIS2_PLACEMENT_3D('',#8337,#6646,#6647);
#6078=AXIS2_PLACEMENT_3D('',#8340,#6650,#6651);
#6079=AXIS2_PLACEMENT_3D('',#8341,#6652,#6653);
#6080=AXIS2_PLACEMENT_3D('',#8342,#6654,#6655);
#6081=AXIS2_PLACEMENT_3D('',#8345,#6658,#6659);
#6082=AXIS2_PLACEMENT_3D('',#8348,#6662,#6663);
#6083=AXIS2_PLACEMENT_3D('',#8354,#6667,#6668);
#6084=AXIS2_PLACEMENT_3D('',#8357,#6671,#6672);
#6085=AXIS2_PLACEMENT_3D('',#8358,#6673,#6674);
#6086=AXIS2_PLACEMENT_3D('',#8359,#6675,#6676);
#6087=AXIS2_PLACEMENT_3D('',#8365,#6680,#6681);
#6088=AXIS2_PLACEMENT_3D('',#8368,#6684,#6685);
#6089=AXIS2_PLACEMENT_3D('',#8369,#6686,#6687);
#6090=AXIS2_PLACEMENT_3D('',#8370,#6688,#6689);
#6091=AXIS2_PLACEMENT_3D('',#8376,#6693,#6694);
#6092=AXIS2_PLACEMENT_3D('',#8379,#6697,#6698);
#6093=AXIS2_PLACEMENT_3D('',#8381,#6700,#6701);
#6094=AXIS2_PLACEMENT_3D('',#8382,#6702,#6703);
#6095=AXIS2_PLACEMENT_3D('',#8386,#6706,#6707);
#6096=AXIS2_PLACEMENT_3D('',#8390,#6710,#6711);
#6097=AXIS2_PLACEMENT_3D('',#8393,#6714,#6715);
#6098=AXIS2_PLACEMENT_3D('',#8394,#6716,#6717);
#6099=AXIS2_PLACEMENT_3D('',#8395,#6718,#6719);
#6100=AXIS2_PLACEMENT_3D('',#8396,#6720,#6721);
#6101=AXIS2_PLACEMENT_3D('',#8402,#6725,#6726);
#6102=AXIS2_PLACEMENT_3D('',#8406,#6729,#6730);
#6103=AXIS2_PLACEMENT_3D('',#8410,#6733,#6734);
#6104=AXIS2_PLACEMENT_3D('',#8414,#6737,#6738);
#6105=AXIS2_PLACEMENT_3D('',#8416,#6740,#6741);
#6106=AXIS2_PLACEMENT_3D('',#8425,#6746,#6747);
#6107=AXIS2_PLACEMENT_3D('',#8431,#6751,#6752);
#6108=AXIS2_PLACEMENT_3D('',#8435,#6755,#6756);
#6109=AXIS2_PLACEMENT_3D('',#8439,#6759,#6760);
#6110=AXIS2_PLACEMENT_3D('',#8441,#6762,#6763);
#6111=AXIS2_PLACEMENT_3D('',#8450,#6768,#6769);
#6112=AXIS2_PLACEMENT_3D('',#8456,#6773,#6774);
#6113=AXIS2_PLACEMENT_3D('',#8460,#6777,#6778);
#6114=AXIS2_PLACEMENT_3D('',#8464,#6781,#6782);
#6115=AXIS2_PLACEMENT_3D('',#8468,#6785,#6786);
#6116=AXIS2_PLACEMENT_3D('',#8470,#6788,#6789);
#6117=AXIS2_PLACEMENT_3D('',#8479,#6794,#6795);
#6118=AXIS2_PLACEMENT_3D('',#8485,#6799,#6800);
#6119=AXIS2_PLACEMENT_3D('',#8489,#6803,#6804);
#6120=AXIS2_PLACEMENT_3D('',#8493,#6807,#6808);
#6121=AXIS2_PLACEMENT_3D('',#8497,#6811,#6812);
#6122=AXIS2_PLACEMENT_3D('',#8499,#6814,#6815);
#6123=AXIS2_PLACEMENT_3D('',#8508,#6820,#6821);
#6124=AXIS2_PLACEMENT_3D('',#8514,#6825,#6826);
#6125=AXIS2_PLACEMENT_3D('',#8518,#6829,#6830);
#6126=AXIS2_PLACEMENT_3D('',#8522,#6833,#6834);
#6127=AXIS2_PLACEMENT_3D('',#8526,#6837,#6838);
#6128=AXIS2_PLACEMENT_3D('',#8528,#6840,#6841);
#6129=AXIS2_PLACEMENT_3D('',#8537,#6846,#6847);
#6130=AXIS2_PLACEMENT_3D('',#8543,#6851,#6852);
#6131=AXIS2_PLACEMENT_3D('',#8547,#6855,#6856);
#6132=AXIS2_PLACEMENT_3D('',#8551,#6859,#6860);
#6133=AXIS2_PLACEMENT_3D('',#8555,#6863,#6864);
#6134=AXIS2_PLACEMENT_3D('',#8557,#6866,#6867);
#6135=AXIS2_PLACEMENT_3D('',#8566,#6872,#6873);
#6136=AXIS2_PLACEMENT_3D('',#8572,#6877,#6878);
#6137=AXIS2_PLACEMENT_3D('',#8576,#6881,#6882);
#6138=AXIS2_PLACEMENT_3D('',#8580,#6885,#6886);
#6139=AXIS2_PLACEMENT_3D('',#8584,#6889,#6890);
#6140=AXIS2_PLACEMENT_3D('',#8586,#6892,#6893);
#6141=AXIS2_PLACEMENT_3D('',#8595,#6898,#6899);
#6142=AXIS2_PLACEMENT_3D('',#8601,#6903,#6904);
#6143=AXIS2_PLACEMENT_3D('',#8605,#6907,#6908);
#6144=AXIS2_PLACEMENT_3D('',#8609,#6911,#6912);
#6145=AXIS2_PLACEMENT_3D('',#8613,#6915,#6916);
#6146=AXIS2_PLACEMENT_3D('',#8615,#6918,#6919);
#6147=AXIS2_PLACEMENT_3D('',#8624,#6924,#6925);
#6148=AXIS2_PLACEMENT_3D('',#8630,#6929,#6930);
#6149=AXIS2_PLACEMENT_3D('',#8634,#6933,#6934);
#6150=AXIS2_PLACEMENT_3D('',#8638,#6937,#6938);
#6151=AXIS2_PLACEMENT_3D('',#8642,#6941,#6942);
#6152=AXIS2_PLACEMENT_3D('',#8644,#6944,#6945);
#6153=AXIS2_PLACEMENT_3D('',#8653,#6950,#6951);
#6154=AXIS2_PLACEMENT_3D('',#8659,#6955,#6956);
#6155=AXIS2_PLACEMENT_3D('',#8663,#6959,#6960);
#6156=AXIS2_PLACEMENT_3D('',#8667,#6963,#6964);
#6157=AXIS2_PLACEMENT_3D('',#8669,#6966,#6967);
#6158=AXIS2_PLACEMENT_3D('',#8678,#6972,#6973);
#6159=AXIS2_PLACEMENT_3D('',#8684,#6977,#6978);
#6160=AXIS2_PLACEMENT_3D('',#8688,#6981,#6982);
#6161=AXIS2_PLACEMENT_3D('',#8692,#6985,#6986);
#6162=AXIS2_PLACEMENT_3D('',#8696,#6989,#6990);
#6163=AXIS2_PLACEMENT_3D('',#8698,#6992,#6993);
#6164=AXIS2_PLACEMENT_3D('',#8707,#6998,#6999);
#6165=AXIS2_PLACEMENT_3D('',#8713,#7003,#7004);
#6166=AXIS2_PLACEMENT_3D('',#8717,#7007,#7008);
#6167=AXIS2_PLACEMENT_3D('',#8721,#7011,#7012);
#6168=AXIS2_PLACEMENT_3D('',#8725,#7015,#7016);
#6169=AXIS2_PLACEMENT_3D('',#8727,#7018,#7019);
#6170=AXIS2_PLACEMENT_3D('',#8736,#7024,#7025);
#6171=AXIS2_PLACEMENT_3D('',#8741,#7029,#7030);
#6172=AXIS2_PLACEMENT_3D('',#8742,#7031,#7032);
#6173=AXIS2_PLACEMENT_3D('',#8749,#7036,#7037);
#6174=AXIS2_PLACEMENT_3D('',#8761,#7045,#7046);
#6175=AXIS2_PLACEMENT_3D('',#8762,#7047,#7048);
#6176=AXIS2_PLACEMENT_3D('',#8763,#7049,#7050);
#6177=AXIS2_PLACEMENT_3D('',#8764,#7051,#7052);
#6178=AXIS2_PLACEMENT_3D('',#8770,#7056,#7057);
#6179=AXIS2_PLACEMENT_3D('',#8773,#7060,#7061);
#6180=AXIS2_PLACEMENT_3D('',#8774,#7062,#7063);
#6181=AXIS2_PLACEMENT_3D('',#8775,#7064,#7065);
#6182=AXIS2_PLACEMENT_3D('',#8784,#7070,#7071);
#6183=AXIS2_PLACEMENT_3D('',#8790,#7075,#7076);
#6184=AXIS2_PLACEMENT_3D('',#8796,#7080,#7081);
#6185=AXIS2_PLACEMENT_3D('',#8798,#7083,#7084);
#6186=AXIS2_PLACEMENT_3D('',#8800,#7086,#7087);
#6187=AXIS2_PLACEMENT_3D('',#8806,#7091,#7092);
#6188=AXIS2_PLACEMENT_3D('',#8812,#7096,#7097);
#6189=AXIS2_PLACEMENT_3D('',#8814,#7099,#7100);
#6190=AXIS2_PLACEMENT_3D('',#8823,#7105,#7106);
#6191=AXIS2_PLACEMENT_3D('',#8825,#7108,#7109);
#6192=AXIS2_PLACEMENT_3D('',#8828,#7112,#7113);
#6193=AXIS2_PLACEMENT_3D('',#8830,#7115,#7116);
#6194=AXIS2_PLACEMENT_3D('',#8832,#7118,#7119);
#6195=AXIS2_PLACEMENT_3D('',#8833,#7120,#7121);
#6196=AXIS2_PLACEMENT_3D('',#8836,#7124,#7125);
#6197=AXIS2_PLACEMENT_3D('',#8838,#7127,#7128);
#6198=AXIS2_PLACEMENT_3D('',#8840,#7130,#7131);
#6199=AXIS2_PLACEMENT_3D('',#8841,#7132,#7133);
#6200=AXIS2_PLACEMENT_3D('',#8850,#7138,#7139);
#6201=AXIS2_PLACEMENT_3D('',#8856,#7143,#7144);
#6202=AXIS2_PLACEMENT_3D('',#8862,#7148,#7149);
#6203=AXIS2_PLACEMENT_3D('',#8864,#7151,#7152);
#6204=AXIS2_PLACEMENT_3D('',#8866,#7154,#7155);
#6205=AXIS2_PLACEMENT_3D('',#8872,#7159,#7160);
#6206=AXIS2_PLACEMENT_3D('',#8878,#7164,#7165);
#6207=AXIS2_PLACEMENT_3D('',#8880,#7167,#7168);
#6208=AXIS2_PLACEMENT_3D('',#8889,#7173,#7174);
#6209=AXIS2_PLACEMENT_3D('',#8891,#7176,#7177);
#6210=AXIS2_PLACEMENT_3D('',#8894,#7180,#7181);
#6211=AXIS2_PLACEMENT_3D('',#8896,#7183,#7184);
#6212=AXIS2_PLACEMENT_3D('',#8898,#7186,#7187);
#6213=AXIS2_PLACEMENT_3D('',#8899,#7188,#7189);
#6214=AXIS2_PLACEMENT_3D('',#8902,#7192,#7193);
#6215=AXIS2_PLACEMENT_3D('',#8904,#7195,#7196);
#6216=AXIS2_PLACEMENT_3D('',#8906,#7198,#7199);
#6217=AXIS2_PLACEMENT_3D('',#8907,#7200,#7201);
#6218=AXIS2_PLACEMENT_3D('',#8916,#7206,#7207);
#6219=AXIS2_PLACEMENT_3D('',#8922,#7211,#7212);
#6220=AXIS2_PLACEMENT_3D('',#8928,#7216,#7217);
#6221=AXIS2_PLACEMENT_3D('',#8930,#7219,#7220);
#6222=AXIS2_PLACEMENT_3D('',#8932,#7222,#7223);
#6223=AXIS2_PLACEMENT_3D('',#8938,#7227,#7228);
#6224=AXIS2_PLACEMENT_3D('',#8944,#7232,#7233);
#6225=AXIS2_PLACEMENT_3D('',#8946,#7235,#7236);
#6226=AXIS2_PLACEMENT_3D('',#8955,#7241,#7242);
#6227=AXIS2_PLACEMENT_3D('',#8957,#7244,#7245);
#6228=AXIS2_PLACEMENT_3D('',#8960,#7248,#7249);
#6229=AXIS2_PLACEMENT_3D('',#8962,#7251,#7252);
#6230=AXIS2_PLACEMENT_3D('',#8964,#7254,#7255);
#6231=AXIS2_PLACEMENT_3D('',#8965,#7256,#7257);
#6232=AXIS2_PLACEMENT_3D('',#8968,#7260,#7261);
#6233=AXIS2_PLACEMENT_3D('',#8970,#7263,#7264);
#6234=AXIS2_PLACEMENT_3D('',#8972,#7266,#7267);
#6235=AXIS2_PLACEMENT_3D('',#8973,#7268,#7269);
#6236=AXIS2_PLACEMENT_3D('',#8982,#7274,#7275);
#6237=AXIS2_PLACEMENT_3D('',#8988,#7279,#7280);
#6238=AXIS2_PLACEMENT_3D('',#8994,#7284,#7285);
#6239=AXIS2_PLACEMENT_3D('',#8996,#7287,#7288);
#6240=AXIS2_PLACEMENT_3D('',#8998,#7290,#7291);
#6241=AXIS2_PLACEMENT_3D('',#9004,#7295,#7296);
#6242=AXIS2_PLACEMENT_3D('',#9010,#7300,#7301);
#6243=AXIS2_PLACEMENT_3D('',#9012,#7303,#7304);
#6244=AXIS2_PLACEMENT_3D('',#9021,#7309,#7310);
#6245=AXIS2_PLACEMENT_3D('',#9023,#7312,#7313);
#6246=AXIS2_PLACEMENT_3D('',#9026,#7316,#7317);
#6247=AXIS2_PLACEMENT_3D('',#9028,#7319,#7320);
#6248=AXIS2_PLACEMENT_3D('',#9030,#7322,#7323);
#6249=AXIS2_PLACEMENT_3D('',#9031,#7324,#7325);
#6250=AXIS2_PLACEMENT_3D('',#9034,#7328,#7329);
#6251=AXIS2_PLACEMENT_3D('',#9036,#7331,#7332);
#6252=AXIS2_PLACEMENT_3D('',#9038,#7334,#7335);
#6253=AXIS2_PLACEMENT_3D('',#9039,#7336,#7337);
#6254=AXIS2_PLACEMENT_3D('',#9048,#7342,#7343);
#6255=AXIS2_PLACEMENT_3D('',#9054,#7347,#7348);
#6256=AXIS2_PLACEMENT_3D('',#9060,#7352,#7353);
#6257=AXIS2_PLACEMENT_3D('',#9062,#7355,#7356);
#6258=AXIS2_PLACEMENT_3D('',#9064,#7358,#7359);
#6259=AXIS2_PLACEMENT_3D('',#9070,#7363,#7364);
#6260=AXIS2_PLACEMENT_3D('',#9076,#7368,#7369);
#6261=AXIS2_PLACEMENT_3D('',#9078,#7371,#7372);
#6262=AXIS2_PLACEMENT_3D('',#9087,#7377,#7378);
#6263=AXIS2_PLACEMENT_3D('',#9089,#7380,#7381);
#6264=AXIS2_PLACEMENT_3D('',#9092,#7384,#7385);
#6265=AXIS2_PLACEMENT_3D('',#9094,#7387,#7388);
#6266=AXIS2_PLACEMENT_3D('',#9096,#7390,#7391);
#6267=AXIS2_PLACEMENT_3D('',#9097,#7392,#7393);
#6268=AXIS2_PLACEMENT_3D('',#9100,#7396,#7397);
#6269=AXIS2_PLACEMENT_3D('',#9102,#7399,#7400);
#6270=AXIS2_PLACEMENT_3D('',#9104,#7402,#7403);
#6271=AXIS2_PLACEMENT_3D('',#9105,#7404,#7405);
#6272=AXIS2_PLACEMENT_3D('',#9114,#7410,#7411);
#6273=AXIS2_PLACEMENT_3D('',#9120,#7415,#7416);
#6274=AXIS2_PLACEMENT_3D('',#9126,#7420,#7421);
#6275=AXIS2_PLACEMENT_3D('',#9128,#7423,#7424);
#6276=AXIS2_PLACEMENT_3D('',#9130,#7426,#7427);
#6277=AXIS2_PLACEMENT_3D('',#9136,#7431,#7432);
#6278=AXIS2_PLACEMENT_3D('',#9142,#7436,#7437);
#6279=AXIS2_PLACEMENT_3D('',#9144,#7439,#7440);
#6280=AXIS2_PLACEMENT_3D('',#9153,#7445,#7446);
#6281=AXIS2_PLACEMENT_3D('',#9155,#7448,#7449);
#6282=AXIS2_PLACEMENT_3D('',#9158,#7452,#7453);
#6283=AXIS2_PLACEMENT_3D('',#9160,#7455,#7456);
#6284=AXIS2_PLACEMENT_3D('',#9162,#7458,#7459);
#6285=AXIS2_PLACEMENT_3D('',#9163,#7460,#7461);
#6286=AXIS2_PLACEMENT_3D('',#9166,#7464,#7465);
#6287=AXIS2_PLACEMENT_3D('',#9168,#7467,#7468);
#6288=AXIS2_PLACEMENT_3D('',#9170,#7470,#7471);
#6289=AXIS2_PLACEMENT_3D('',#9171,#7472,#7473);
#6290=AXIS2_PLACEMENT_3D('',#9180,#7478,#7479);
#6291=AXIS2_PLACEMENT_3D('',#9186,#7483,#7484);
#6292=AXIS2_PLACEMENT_3D('',#9192,#7488,#7489);
#6293=AXIS2_PLACEMENT_3D('',#9194,#7491,#7492);
#6294=AXIS2_PLACEMENT_3D('',#9196,#7494,#7495);
#6295=AXIS2_PLACEMENT_3D('',#9202,#7499,#7500);
#6296=AXIS2_PLACEMENT_3D('',#9208,#7504,#7505);
#6297=AXIS2_PLACEMENT_3D('',#9210,#7507,#7508);
#6298=AXIS2_PLACEMENT_3D('',#9219,#7513,#7514);
#6299=AXIS2_PLACEMENT_3D('',#9221,#7516,#7517);
#6300=AXIS2_PLACEMENT_3D('',#9224,#7520,#7521);
#6301=AXIS2_PLACEMENT_3D('',#9226,#7523,#7524);
#6302=AXIS2_PLACEMENT_3D('',#9228,#7526,#7527);
#6303=AXIS2_PLACEMENT_3D('',#9229,#7528,#7529);
#6304=AXIS2_PLACEMENT_3D('',#9232,#7532,#7533);
#6305=AXIS2_PLACEMENT_3D('',#9234,#7535,#7536);
#6306=AXIS2_PLACEMENT_3D('',#9236,#7538,#7539);
#6307=AXIS2_PLACEMENT_3D('',#9237,#7540,#7541);
#6308=AXIS2_PLACEMENT_3D('',#9246,#7546,#7547);
#6309=AXIS2_PLACEMENT_3D('',#9252,#7551,#7552);
#6310=AXIS2_PLACEMENT_3D('',#9258,#7556,#7557);
#6311=AXIS2_PLACEMENT_3D('',#9260,#7559,#7560);
#6312=AXIS2_PLACEMENT_3D('',#9262,#7562,#7563);
#6313=AXIS2_PLACEMENT_3D('',#9268,#7567,#7568);
#6314=AXIS2_PLACEMENT_3D('',#9274,#7572,#7573);
#6315=AXIS2_PLACEMENT_3D('',#9276,#7575,#7576);
#6316=AXIS2_PLACEMENT_3D('',#9285,#7581,#7582);
#6317=AXIS2_PLACEMENT_3D('',#9287,#7584,#7585);
#6318=AXIS2_PLACEMENT_3D('',#9290,#7588,#7589);
#6319=AXIS2_PLACEMENT_3D('',#9292,#7591,#7592);
#6320=AXIS2_PLACEMENT_3D('',#9294,#7594,#7595);
#6321=AXIS2_PLACEMENT_3D('',#9295,#7596,#7597);
#6322=AXIS2_PLACEMENT_3D('',#9298,#7600,#7601);
#6323=AXIS2_PLACEMENT_3D('',#9300,#7603,#7604);
#6324=AXIS2_PLACEMENT_3D('',#9302,#7606,#7607);
#6325=AXIS2_PLACEMENT_3D('',#9303,#7608,#7609);
#6326=AXIS2_PLACEMENT_3D('',#9312,#7614,#7615);
#6327=AXIS2_PLACEMENT_3D('',#9318,#7619,#7620);
#6328=AXIS2_PLACEMENT_3D('',#9324,#7624,#7625);
#6329=AXIS2_PLACEMENT_3D('',#9326,#7627,#7628);
#6330=AXIS2_PLACEMENT_3D('',#9328,#7630,#7631);
#6331=AXIS2_PLACEMENT_3D('',#9334,#7635,#7636);
#6332=AXIS2_PLACEMENT_3D('',#9340,#7640,#7641);
#6333=AXIS2_PLACEMENT_3D('',#9342,#7643,#7644);
#6334=AXIS2_PLACEMENT_3D('',#9351,#7649,#7650);
#6335=AXIS2_PLACEMENT_3D('',#9353,#7652,#7653);
#6336=AXIS2_PLACEMENT_3D('',#9356,#7656,#7657);
#6337=AXIS2_PLACEMENT_3D('',#9358,#7659,#7660);
#6338=AXIS2_PLACEMENT_3D('',#9360,#7662,#7663);
#6339=AXIS2_PLACEMENT_3D('',#9361,#7664,#7665);
#6340=AXIS2_PLACEMENT_3D('',#9364,#7668,#7669);
#6341=AXIS2_PLACEMENT_3D('',#9366,#7671,#7672);
#6342=AXIS2_PLACEMENT_3D('',#9368,#7674,#7675);
#6343=AXIS2_PLACEMENT_3D('',#9369,#7676,#7677);
#6344=AXIS2_PLACEMENT_3D('',#9378,#7682,#7683);
#6345=AXIS2_PLACEMENT_3D('',#9384,#7687,#7688);
#6346=AXIS2_PLACEMENT_3D('',#9390,#7692,#7693);
#6347=AXIS2_PLACEMENT_3D('',#9392,#7695,#7696);
#6348=AXIS2_PLACEMENT_3D('',#9394,#7698,#7699);
#6349=AXIS2_PLACEMENT_3D('',#9400,#7703,#7704);
#6350=AXIS2_PLACEMENT_3D('',#9406,#7708,#7709);
#6351=AXIS2_PLACEMENT_3D('',#9408,#7711,#7712);
#6352=AXIS2_PLACEMENT_3D('',#9417,#7717,#7718);
#6353=AXIS2_PLACEMENT_3D('',#9419,#7720,#7721);
#6354=AXIS2_PLACEMENT_3D('',#9422,#7724,#7725);
#6355=AXIS2_PLACEMENT_3D('',#9424,#7727,#7728);
#6356=AXIS2_PLACEMENT_3D('',#9426,#7730,#7731);
#6357=AXIS2_PLACEMENT_3D('',#9427,#7732,#7733);
#6358=AXIS2_PLACEMENT_3D('',#9430,#7736,#7737);
#6359=AXIS2_PLACEMENT_3D('',#9432,#7739,#7740);
#6360=AXIS2_PLACEMENT_3D('',#9434,#7742,#7743);
#6361=AXIS2_PLACEMENT_3D('',#9435,#7744,#7745);
#6362=AXIS2_PLACEMENT_3D('',#9444,#7750,#7751);
#6363=AXIS2_PLACEMENT_3D('',#9450,#7755,#7756);
#6364=AXIS2_PLACEMENT_3D('',#9456,#7760,#7761);
#6365=AXIS2_PLACEMENT_3D('',#9458,#7763,#7764);
#6366=AXIS2_PLACEMENT_3D('',#9460,#7766,#7767);
#6367=AXIS2_PLACEMENT_3D('',#9466,#7771,#7772);
#6368=AXIS2_PLACEMENT_3D('',#9472,#7776,#7777);
#6369=AXIS2_PLACEMENT_3D('',#9474,#7779,#7780);
#6370=AXIS2_PLACEMENT_3D('',#9483,#7785,#7786);
#6371=AXIS2_PLACEMENT_3D('',#9485,#7788,#7789);
#6372=AXIS2_PLACEMENT_3D('',#9488,#7792,#7793);
#6373=AXIS2_PLACEMENT_3D('',#9490,#7795,#7796);
#6374=AXIS2_PLACEMENT_3D('',#9492,#7798,#7799);
#6375=AXIS2_PLACEMENT_3D('',#9493,#7800,#7801);
#6376=AXIS2_PLACEMENT_3D('',#9496,#7804,#7805);
#6377=AXIS2_PLACEMENT_3D('',#9498,#7807,#7808);
#6378=AXIS2_PLACEMENT_3D('',#9500,#7810,#7811);
#6379=AXIS2_PLACEMENT_3D('',#9501,#7812,#7813);
#6380=AXIS2_PLACEMENT_3D('',#9510,#7818,#7819);
#6381=AXIS2_PLACEMENT_3D('',#9516,#7823,#7824);
#6382=AXIS2_PLACEMENT_3D('',#9522,#7828,#7829);
#6383=AXIS2_PLACEMENT_3D('',#9524,#7831,#7832);
#6384=AXIS2_PLACEMENT_3D('',#9526,#7834,#7835);
#6385=AXIS2_PLACEMENT_3D('',#9532,#7839,#7840);
#6386=AXIS2_PLACEMENT_3D('',#9538,#7844,#7845);
#6387=AXIS2_PLACEMENT_3D('',#9540,#7847,#7848);
#6388=AXIS2_PLACEMENT_3D('',#9549,#7853,#7854);
#6389=AXIS2_PLACEMENT_3D('',#9551,#7856,#7857);
#6390=AXIS2_PLACEMENT_3D('',#9554,#7860,#7861);
#6391=AXIS2_PLACEMENT_3D('',#9556,#7863,#7864);
#6392=AXIS2_PLACEMENT_3D('',#9558,#7866,#7867);
#6393=AXIS2_PLACEMENT_3D('',#9559,#7868,#7869);
#6394=AXIS2_PLACEMENT_3D('',#9562,#7872,#7873);
#6395=AXIS2_PLACEMENT_3D('',#9564,#7875,#7876);
#6396=AXIS2_PLACEMENT_3D('',#9566,#7878,#7879);
#6397=AXIS2_PLACEMENT_3D('',#9567,#7880,#7881);
#6398=AXIS2_PLACEMENT_3D('',#9570,#7883,#7884);
#6399=AXIS2_PLACEMENT_3D('',#9573,#7886,#7887);
#6400=AXIS2_PLACEMENT_3D('',#9579,#7891,#7892);
#6401=AXIS2_PLACEMENT_3D('',#9585,#7896,#7897);
#6402=AXIS2_PLACEMENT_3D('',#9591,#7901,#7902);
#6403=AXIS2_PLACEMENT_3D('',#9594,#7904,#7905);
#6404=AXIS2_PLACEMENT_3D('',#9595,#7906,#7907);
#6405=AXIS2_PLACEMENT_3D('',#9599,#7910,#7911);
#6406=AXIS2_PLACEMENT_3D('',#9600,#7912,#7913);
#6407=AXIS2_PLACEMENT_3D('',#9601,#7914,#7915);
#6408=AXIS2_PLACEMENT_3D('',#9602,#7916,#7917);
#6409=AXIS2_PLACEMENT_3D('',#9603,#7918,#7919);
#6410=AXIS2_PLACEMENT_3D('',#9604,#7920,#7921);
#6411=AXIS2_PLACEMENT_3D('',#9605,#7922,#7923);
#6412=AXIS2_PLACEMENT_3D('',#9606,#7924,#7925);
#6413=AXIS2_PLACEMENT_3D('',#9616,#7926,#7927);
#6414=AXIS2_PLACEMENT_3D('',#9626,#7928,#7929);
#6415=AXIS2_PLACEMENT_3D('',#9628,#7931,#7932);
#6416=AXIS2_PLACEMENT_3D('',#9630,#7934,#7935);
#6417=AXIS2_PLACEMENT_3D('',#9631,#7936,#7937);
#6418=DIRECTION('',(0.,0.,1.));
#6419=DIRECTION('',(1.,0.,0.));
#6420=DIRECTION('',(0.,-0.5,0.866025403784439));
#6421=DIRECTION('',(0.,0.,1.));
#6422=DIRECTION('',(0.,1.,0.));
#6423=DIRECTION('',(0.,0.,1.));
#6424=DIRECTION('',(0.,1.,0.));
#6425=DIRECTION('',(0.,0.,1.));
#6426=DIRECTION('',(0.,1.,0.));
#6427=DIRECTION('',(0.,0.,1.));
#6428=DIRECTION('',(0.,0.5,0.866025403784439));
#6429=DIRECTION('',(0.,1.,0.));
#6430=DIRECTION('',(1.,0.,0.));
#6431=DIRECTION('',(0.,0.,-1.));
#6432=DIRECTION('',(1.,0.,0.));
#6433=DIRECTION('',(1.,0.,0.));
#6434=DIRECTION('',(0.,0.866025403784439,-0.5));
#6435=DIRECTION('',(0.,0.5,0.866025403784439));
#6436=DIRECTION('',(0.,0.,-1.));
#6437=DIRECTION('',(-1.,0.,0.));
#6438=DIRECTION('',(0.,0.,-1.));
#6439=DIRECTION('',(-0.999999999999999,0.,0.));
#6440=DIRECTION('',(0.,0.,1.));
#6441=DIRECTION('',(-1.,0.,-3.99824040340524E-18));
#6442=DIRECTION('',(-1.,1.97173399156403E-15,0.));
#6443=DIRECTION('',(-1.,1.97173399156403E-15,0.));
#6444=DIRECTION('',(-1.70757172619974E-15,-0.866025403784439,-0.5));
#6445=DIRECTION('',(0.,0.5,-0.866025403784439));
#6446=DIRECTION('',(0.,0.,-1.));
#6447=DIRECTION('',(-1.,0.,0.));
#6448=DIRECTION('',(-1.,0.,0.));
#6449=DIRECTION('',(0.,0.,-1.));
#6450=DIRECTION('',(0.999999999999998,0.,0.));
#6451=DIRECTION('',(0.,1.,0.));
#6452=DIRECTION('',(-1.,0.,2.16840434497101E-16));
#6453=DIRECTION('',(-2.16840434497101E-16,0.,-1.));
#6454=DIRECTION('',(-1.,0.,2.16840434497101E-16));
#6455=DIRECTION('',(-1.,1.21052813930718E-15,0.));
#6456=DIRECTION('',(0.,1.,0.));
#6457=DIRECTION('',(-1.,0.,-2.16840434497101E-16));
#6458=DIRECTION('',(0.,1.,0.));
#6459=DIRECTION('',(-1.08420217248551E-16,0.,-1.));
#6460=DIRECTION('',(-0.999999999999998,0.,9.85638338623186E-17));
#6461=DIRECTION('',(2.16840434497101E-16,0.,-1.));
#6462=DIRECTION('',(-1.,0.,-2.16840434497101E-16));
#6463=DIRECTION('',(0.,-1.,0.));
#6464=DIRECTION('',(-1.,0.,0.));
#6465=DIRECTION('',(0.,-1.,0.));
#6466=DIRECTION('',(1.,0.,0.));
#6467=DIRECTION('',(0.,-1.,0.));
#6468=DIRECTION('',(-1.,0.,0.));
#6469=DIRECTION('',(0.,-1.,0.));
#6470=DIRECTION('',(1.,0.,0.));
#6471=DIRECTION('',(0.,-1.,0.));
#6472=DIRECTION('',(-1.,0.,0.));
#6473=DIRECTION('',(0.,-1.,0.));
#6474=DIRECTION('',(1.,0.,0.));
#6475=DIRECTION('',(0.,-1.,0.));
#6476=DIRECTION('',(-1.,0.,0.));
#6477=DIRECTION('',(0.,-1.,0.));
#6478=DIRECTION('',(1.,0.,0.));
#6479=DIRECTION('',(0.,-1.,0.));
#6480=DIRECTION('',(-1.,0.,0.));
#6481=DIRECTION('',(0.,-1.,0.));
#6482=DIRECTION('',(1.,0.,0.));
#6483=DIRECTION('',(0.,-1.,0.));
#6484=DIRECTION('',(-1.,0.,0.));
#6485=DIRECTION('',(0.,-1.,0.));
#6486=DIRECTION('',(1.,0.,0.));
#6487=DIRECTION('',(0.,-1.,0.));
#6488=DIRECTION('',(-1.,0.,0.));
#6489=DIRECTION('',(0.,-1.,0.));
#6490=DIRECTION('',(1.,0.,0.));
#6491=DIRECTION('',(0.,-1.,0.));
#6492=DIRECTION('',(-1.,0.,0.));
#6493=DIRECTION('',(0.,-1.,0.));
#6494=DIRECTION('',(1.,0.,0.));
#6495=DIRECTION('',(0.,-1.,0.));
#6496=DIRECTION('',(-1.,0.,0.));
#6497=DIRECTION('',(0.,-1.,0.));
#6498=DIRECTION('',(1.,0.,0.));
#6499=DIRECTION('',(0.,-1.,0.));
#6500=DIRECTION('',(-1.,0.,0.));
#6501=DIRECTION('',(0.,-1.,0.));
#6502=DIRECTION('',(1.,0.,0.));
#6503=DIRECTION('',(0.,-1.,0.));
#6504=DIRECTION('',(-1.,0.,0.));
#6505=DIRECTION('',(0.,-1.,0.));
#6506=DIRECTION('',(1.,0.,0.));
#6507=DIRECTION('',(0.,-1.,0.));
#6508=DIRECTION('',(-1.,0.,0.));
#6509=DIRECTION('',(0.,-1.,0.));
#6510=DIRECTION('',(1.,0.,0.));
#6511=DIRECTION('',(1.,0.,-9.95799250102961E-17));
#6512=DIRECTION('',(1.,0.,-9.95799250102961E-17));
#6513=DIRECTION('',(0.,1.,0.));
#6514=DIRECTION('',(1.,0.,9.95799250102961E-17));
#6515=DIRECTION('',(0.,1.,0.));
#6516=DIRECTION('',(1.,0.,9.95799250102961E-17));
#6517=DIRECTION('',(0.,1.,0.));
#6518=DIRECTION('',(0.,1.,0.));
#6519=DIRECTION('',(0.,-1.,0.));
#6520=DIRECTION('',(-0.642787609686539,-0.766044443118978,0.));
#6521=DIRECTION('',(1.,0.,0.));
#6522=DIRECTION('',(-0.642787609686539,0.766044443118978,0.));
#6523=DIRECTION('',(0.,1.,0.));
#6524=DIRECTION('',(0.,1.,0.));
#6525=DIRECTION('',(-0.707106781186545,0.70710678118655,0.));
#6526=DIRECTION('',(1.,0.,0.));
#6527=DIRECTION('',(0.707106781186547,0.707106781186547,0.));
#6528=DIRECTION('',(0.,0.,-1.));
#6529=DIRECTION('',(-1.,0.,0.));
#6530=DIRECTION('',(0.,0.,-1.));
#6531=DIRECTION('',(0.642787609686539,-0.766044443118978,0.));
#6532=DIRECTION('',(0.,0.,-1.));
#6533=DIRECTION('',(-0.642787609686539,0.766044443118978,-2.17949693911084E-16));
#6534=DIRECTION('',(-0.766044443118978,-0.642787609686539,0.));
#6535=DIRECTION('',(0.642787609686539,-0.766044443118978,0.));
#6536=DIRECTION('',(0.,0.,-1.));
#6537=DIRECTION('',(0.642787609686539,0.766044443118978,0.));
#6538=DIRECTION('',(0.,0.,-1.));
#6539=DIRECTION('',(-0.642787609686539,-0.766044443118978,-2.17949693911084E-16));
#6540=DIRECTION('',(0.766044443118978,-0.642787609686539,0.));
#6541=DIRECTION('',(0.642787609686539,0.766044443118978,0.));
#6542=DIRECTION('',(0.,0.,-1.));
#6543=DIRECTION('',(0.,1.,0.));
#6544=DIRECTION('',(0.,0.,-1.));
#6545=DIRECTION('',(0.,-1.,0.));
#6546=DIRECTION('',(0.,0.,1.));
#6547=DIRECTION('',(0.,-1.,0.));
#6548=DIRECTION('',(0.,0.,-1.));
#6549=DIRECTION('',(1.,0.,0.));
#6550=DIRECTION('',(0.,0.,-1.));
#6551=DIRECTION('',(0.,0.,-1.));
#6552=DIRECTION('',(-1.,0.,-1.70740499604016E-16));
#6553=DIRECTION('',(-1.83568621796486E-15,0.,1.));
#6554=DIRECTION('',(0.707106781186549,0.,0.707106781186546));
#6555=DIRECTION('',(1.,0.,-5.73651943114021E-17));
#6556=DIRECTION('',(0.,0.,-1.));
#6557=DIRECTION('',(-1.,0.,-1.70740499604016E-16));
#6558=DIRECTION('',(-1.83568621796486E-15,0.,1.));
#6559=DIRECTION('',(0.707106781186549,0.,0.707106781186546));
#6560=DIRECTION('',(1.,0.,-5.73651943114021E-17));
#6561=DIRECTION('',(0.,0.,-1.));
#6562=DIRECTION('',(-1.,0.,0.));
#6563=DIRECTION('',(0.,0.,1.));
#6564=DIRECTION('',(1.,0.,0.));
#6565=DIRECTION('',(0.,0.,-1.));
#6566=DIRECTION('',(-1.,0.,-1.70740499604016E-16));
#6567=DIRECTION('',(-1.83568621796486E-15,0.,1.));
#6568=DIRECTION('',(0.707106781186549,0.,0.707106781186546));
#6569=DIRECTION('',(1.,0.,-5.73651943114021E-17));
#6570=DIRECTION('',(0.,0.,-1.));
#6571=DIRECTION('',(-1.,0.,0.));
#6572=DIRECTION('',(0.,0.,1.));
#6573=DIRECTION('',(1.,0.,1.66359063503066E-15));
#6574=DIRECTION('',(0.707106781186546,0.,-0.707106781186549));
#6575=DIRECTION('',(0.,0.,-1.));
#6576=DIRECTION('',(-1.,0.,0.));
#6577=DIRECTION('',(0.,0.,1.));
#6578=DIRECTION('',(1.,0.,1.66359063503066E-15));
#6579=DIRECTION('',(0.707106781186546,0.,-0.707106781186549));
#6580=DIRECTION('',(0.,0.,-1.));
#6581=DIRECTION('',(-1.,0.,-1.70740499604016E-16));
#6582=DIRECTION('',(-1.83568621796486E-15,0.,1.));
#6583=DIRECTION('',(0.707106781186549,0.,0.707106781186546));
#6584=DIRECTION('',(1.,0.,-5.73651943114021E-17));
#6585=DIRECTION('',(0.,0.,-1.));
#6586=DIRECTION('',(-1.,0.,0.));
#6587=DIRECTION('',(0.,0.,1.));
#6588=DIRECTION('',(1.,0.,1.66359063503066E-15));
#6589=DIRECTION('',(0.707106781186547,0.,-0.707106781186548));
#6590=DIRECTION('',(6.82961998416062E-16,0.,-1.));
#6591=DIRECTION('',(-1.,0.,-3.41480999208031E-16));
#6592=DIRECTION('',(-1.83568621796486E-15,0.,1.));
#6593=DIRECTION('',(0.707106781186549,0.,0.707106781186545));
#6594=DIRECTION('',(1.,0.,-5.73651943114021E-17));
#6595=DIRECTION('',(6.82961998416062E-16,0.,-1.));
#6596=DIRECTION('',(-1.,0.,-3.41480999208031E-16));
#6597=DIRECTION('',(-1.83568621796486E-15,0.,1.));
#6598=DIRECTION('',(0.707106781186549,0.,0.707106781186546));
#6599=DIRECTION('',(1.,0.,-5.73651943114021E-17));
#6600=DIRECTION('',(0.,0.,-1.));
#6601=DIRECTION('',(-1.,0.,0.));
#6602=DIRECTION('',(0.,0.,1.));
#6603=DIRECTION('',(1.,0.,0.));
#6604=DIRECTION('',(6.82961998416062E-16,0.,-1.));
#6605=DIRECTION('',(-1.,0.,-3.41480999208031E-16));
#6606=DIRECTION('',(-1.83568621796486E-15,0.,1.));
#6607=DIRECTION('',(0.70710678118655,0.,0.707106781186545));
#6608=DIRECTION('',(1.,0.,-5.73651943114021E-17));
#6609=DIRECTION('',(-1.,0.,-3.39069531874407E-16));
#6610=DIRECTION('',(0.,0.,-1.));
#6611=DIRECTION('',(0.,0.,-1.));
#6612=DIRECTION('',(0.,0.,-1.));
#6613=DIRECTION('',(0.,0.,-1.));
#6614=DIRECTION('',(0.,-1.,0.));
#6615=DIRECTION('',(0.,0.,-1.));
#6616=DIRECTION('',(-1.,0.,-3.39069531874407E-16));
#6617=DIRECTION('',(0.,-1.,0.));
#6618=DIRECTION('',(-1.,0.,0.));
#6619=DIRECTION('',(0.,1.,3.77896192899512E-15));
#6620=DIRECTION('',(-1.,0.,0.));
#6621=DIRECTION('',(0.,1.,3.77896192899512E-15));
#6622=DIRECTION('',(-3.39069531874407E-16,0.,1.));
#6623=DIRECTION('',(1.,0.,3.39138439553466E-16));
#6624=DIRECTION('',(0.,0.,-1.));
#6625=DIRECTION('',(0.,-1.,0.));
#6626=DIRECTION('',(0.,0.,-1.));
#6627=DIRECTION('',(0.,0.,-1.));
#6628=DIRECTION('',(0.,0.,-1.));
#6629=DIRECTION('',(0.,-1.,0.));
#6630=DIRECTION('',(-1.,0.,0.));
#6631=DIRECTION('',(0.,0.,1.));
#6632=DIRECTION('',(1.,0.,0.));
#6633=DIRECTION('',(0.,0.,-1.));
#6634=DIRECTION('',(0.,0.,-1.));
#6635=DIRECTION('',(-1.,0.,0.));
#6636=DIRECTION('',(0.,-1.,0.));
#6637=DIRECTION('',(0.,0.,-1.));
#6638=DIRECTION('',(0.,-0.810421678379293,-0.585846996418766));
#6639=DIRECTION('',(0.,-0.810421678379293,-0.585846996418766));
#6640=DIRECTION('',(-1.,0.,0.));
#6641=DIRECTION('',(0.,0.585846996418766,-0.810421678379293));
#6642=DIRECTION('',(0.,0.810421678379293,0.585846996418766));
#6643=DIRECTION('',(0.,-7.22801448323674E-16,1.));
#6644=DIRECTION('',(-1.,0.,0.));
#6645=DIRECTION('',(0.,-7.22801448323674E-16,1.));
#6646=DIRECTION('',(0.,-1.,-7.22801448323675E-16));
#6647=DIRECTION('',(0.,7.22946008613334E-16,-1.));
#6648=DIRECTION('',(0.,-1.,-1.15648231731787E-15));
#6649=DIRECTION('',(0.,-1.,-1.15648231731787E-15));
#6650=DIRECTION('',(0.,1.15648231731787E-15,-1.));
#6651=DIRECTION('',(0.,1.,1.15619319673854E-15));
#6652=DIRECTION('',(-1.,0.,0.));
#6653=DIRECTION('',(0.,0.,1.));
#6654=DIRECTION('',(-1.,0.,0.));
#6655=DIRECTION('',(0.,0.,1.));
#6656=DIRECTION('',(0.60658472488997,-0.722899525100392,-0.330864395394529));
#6657=DIRECTION('',(0.642787609686539,-0.766044443118978,0.));
#6658=DIRECTION('',(-0.766044443118978,-0.642787609686539,0.));
#6659=DIRECTION('',(0.642787609686539,-0.766044443118978,0.));
#6660=DIRECTION('',(0.60658472488997,0.722899525100393,0.330864395394527));
#6661=DIRECTION('',(0.642787609686539,0.766044443118978,0.));
#6662=DIRECTION('',(0.766044443118978,-0.642787609686539,0.));
#6663=DIRECTION('',(0.642787609686539,0.766044443118978,0.));
#6664=DIRECTION('',(0.,1.,0.));
#6665=DIRECTION('',(0.,0.,1.));
#6666=DIRECTION('',(0.,1.,0.));
#6667=DIRECTION('',(1.,0.,0.));
#6668=DIRECTION('',(0.,0.,-1.));
#6669=DIRECTION('',(1.,4.02703664066045E-15,0.));
#6670=DIRECTION('',(1.,4.02703664066045E-15,0.));
#6671=DIRECTION('',(4.02703664066045E-15,-1.,0.));
#6672=DIRECTION('',(1.,4.02694370904566E-15,0.));
#6673=DIRECTION('',(0.,0.,-1.));
#6674=DIRECTION('',(-1.,0.,0.));
#6675=DIRECTION('',(0.,0.,-1.));
#6676=DIRECTION('',(-1.,0.,0.));
#6677=DIRECTION('',(0.,-1.,0.));
#6678=DIRECTION('',(0.,-1.,0.));
#6679=DIRECTION('',(0.,0.,1.));
#6680=DIRECTION('',(-1.,0.,0.));
#6681=DIRECTION('',(0.,0.,1.));
#6682=DIRECTION('',(1.,-4.02703664066045E-15,0.));
#6683=DIRECTION('',(1.,-4.02703664066045E-15,0.));
#6684=DIRECTION('',(-4.02703664066045E-15,-1.,0.));
#6685=DIRECTION('',(1.,-4.02694370904566E-15,0.));
#6686=DIRECTION('',(0.,0.,-1.));
#6687=DIRECTION('',(-1.,0.,0.));
#6688=DIRECTION('',(0.,0.,-1.));
#6689=DIRECTION('',(-1.,0.,0.));
#6690=DIRECTION('',(0.,0.,-1.));
#6691=DIRECTION('',(0.,1.,0.));
#6692=DIRECTION('',(0.,0.,-1.));
#6693=DIRECTION('',(-1.,0.,0.));
#6694=DIRECTION('',(0.,0.,1.));
#6695=DIRECTION('',(-0.877895572914386,0.,-0.478852130680571));
#6696=DIRECTION('',(-1.,0.,0.));
#6697=DIRECTION('',(0.,-1.,0.));
#6698=DIRECTION('',(0.,0.,-1.));
#6699=DIRECTION('',(0.707106781186547,0.707106781186547,0.));
#6700=DIRECTION('',(-0.707106781186547,0.707106781186547,0.));
#6701=DIRECTION('',(-0.707106781186548,-0.707106781186548,0.));
#6702=DIRECTION('',(0.,0.,1.));
#6703=DIRECTION('',(1.,0.,0.));
#6704=DIRECTION('',(0.,0.,-1.));
#6705=DIRECTION('',(-0.707106781186545,0.70710678118655,0.));
#6706=DIRECTION('',(-0.70710678118655,-0.707106781186545,0.));
#6707=DIRECTION('',(0.707106781186545,-0.70710678118655,0.));
#6708=DIRECTION('',(0.,0.,-1.));
#6709=DIRECTION('',(0.,1.,0.));
#6710=DIRECTION('',(-1.,0.,0.));
#6711=DIRECTION('',(0.,0.,1.));
#6712=DIRECTION('',(-0.877895572914384,0.,0.478852130680574));
#6713=DIRECTION('',(1.,0.,0.));
#6714=DIRECTION('',(0.,1.,0.));
#6715=DIRECTION('',(0.,0.,1.));
#6716=DIRECTION('',(0.,0.,-1.));
#6717=DIRECTION('',(-1.,0.,0.));
#6718=DIRECTION('',(-0.478852130680571,0.,0.877895572914386));
#6719=DIRECTION('',(0.,-1.,0.));
#6720=DIRECTION('',(0.478852130680574,0.,0.877895572914384));
#6721=DIRECTION('',(0.,-1.,0.));
#6722=DIRECTION('',(0.,1.,0.));
#6723=DIRECTION('',(-6.82961998416062E-16,0.,1.));
#6724=DIRECTION('',(0.,1.,0.));
#6725=DIRECTION('',(-1.,0.,-6.82961998416062E-16));
#6726=DIRECTION('',(-6.83481049534862E-16,0.,1.));
#6727=DIRECTION('',(0.,1.,0.));
#6728=DIRECTION('',(-1.,0.,5.73651943114021E-17));
#6729=DIRECTION('',(-5.73651943114021E-17,0.,-1.));
#6730=DIRECTION('',(-1.,0.,5.73542949244832E-17));
#6731=DIRECTION('',(0.,1.,0.));
#6732=DIRECTION('',(-0.70710678118655,0.,-0.707106781186545));
#6733=DIRECTION('',(0.707106781186545,0.,-0.707106781186551));
#6734=DIRECTION('',(-0.707106781186551,0.,-0.707106781186545));
#6735=DIRECTION('',(0.,1.,0.));
#6736=DIRECTION('',(1.83568621796486E-15,0.,-1.));
#6737=DIRECTION('',(1.,0.,1.83568621796486E-15));
#6738=DIRECTION('',(1.83533743758346E-15,0.,-1.));
#6739=DIRECTION('',(1.,0.,3.41480999208031E-16));
#6740=DIRECTION('',(-3.41480999208031E-16,0.,1.));
#6741=DIRECTION('',(1.,0.,3.41306843898437E-16));
#6742=DIRECTION('',(0.,0.,1.));
#6743=DIRECTION('',(-1.,0.,0.));
#6744=DIRECTION('',(0.,0.,1.));
#6745=DIRECTION('',(1.,0.,0.));
#6746=DIRECTION('',(0.,-1.,0.));
#6747=DIRECTION('',(0.,0.,-1.));
#6748=DIRECTION('',(0.,1.,0.));
#6749=DIRECTION('',(0.,0.,1.));
#6750=DIRECTION('',(0.,1.,0.));
#6751=DIRECTION('',(-1.,0.,0.));
#6752=DIRECTION('',(0.,0.,1.));
#6753=DIRECTION('',(0.,1.,0.));
#6754=DIRECTION('',(-1.,0.,0.));
#6755=DIRECTION('',(0.,0.,-1.));
#6756=DIRECTION('',(-1.,0.,0.));
#6757=DIRECTION('',(0.,1.,0.));
#6758=DIRECTION('',(0.,0.,-1.));
#6759=DIRECTION('',(1.,0.,0.));
#6760=DIRECTION('',(0.,0.,-1.));
#6761=DIRECTION('',(1.,0.,0.));
#6762=DIRECTION('',(0.,0.,1.));
#6763=DIRECTION('',(1.,0.,0.));
#6764=DIRECTION('',(0.,0.,1.));
#6765=DIRECTION('',(-1.,0.,0.));
#6766=DIRECTION('',(0.,0.,1.));
#6767=DIRECTION('',(1.,0.,0.));
#6768=DIRECTION('',(0.,-1.,0.));
#6769=DIRECTION('',(0.,0.,-1.));
#6770=DIRECTION('',(0.,1.,0.));
#6771=DIRECTION('',(-6.82961998416062E-16,0.,1.));
#6772=DIRECTION('',(0.,1.,0.));
#6773=DIRECTION('',(-1.,0.,-6.82961998416062E-16));
#6774=DIRECTION('',(-6.83481049534862E-16,0.,1.));
#6775=DIRECTION('',(0.,1.,0.));
#6776=DIRECTION('',(-1.,0.,5.73651943114021E-17));
#6777=DIRECTION('',(-5.73651943114021E-17,0.,-1.));
#6778=DIRECTION('',(-1.,0.,5.73542949244832E-17));
#6779=DIRECTION('',(0.,1.,0.));
#6780=DIRECTION('',(-0.707106781186549,0.,-0.707106781186546));
#6781=DIRECTION('',(0.707106781186547,0.,-0.707106781186549));
#6782=DIRECTION('',(-0.707106781186549,0.,-0.707106781186546));
#6783=DIRECTION('',(0.,1.,0.));
#6784=DIRECTION('',(1.83568621796486E-15,0.,-1.));
#6785=DIRECTION('',(1.,0.,1.83568621796486E-15));
#6786=DIRECTION('',(1.83533743758346E-15,0.,-1.));
#6787=DIRECTION('',(1.,0.,3.41480999208031E-16));
#6788=DIRECTION('',(-3.41480999208031E-16,0.,1.));
#6789=DIRECTION('',(1.,0.,3.41306843898437E-16));
#6790=DIRECTION('',(0.,0.,1.));
#6791=DIRECTION('',(-1.,0.,0.));
#6792=DIRECTION('',(0.,0.,1.));
#6793=DIRECTION('',(1.,0.,0.));
#6794=DIRECTION('',(0.,-1.,0.));
#6795=DIRECTION('',(0.,0.,-1.));
#6796=DIRECTION('',(0.,1.,0.));
#6797=DIRECTION('',(-6.82961998416062E-16,0.,1.));
#6798=DIRECTION('',(0.,1.,0.));
#6799=DIRECTION('',(-1.,0.,-6.82961998416062E-16));
#6800=DIRECTION('',(-6.82613687796874E-16,0.,1.));
#6801=DIRECTION('',(0.,1.,0.));
#6802=DIRECTION('',(-1.,0.,5.73651943114021E-17));
#6803=DIRECTION('',(-5.73651943114021E-17,0.,-1.));
#6804=DIRECTION('',(-1.,0.,5.73542949244832E-17));
#6805=DIRECTION('',(0.,1.,0.));
#6806=DIRECTION('',(-0.707106781186549,0.,-0.707106781186545));
#6807=DIRECTION('',(0.707106781186546,0.,-0.707106781186549));
#6808=DIRECTION('',(-0.707106781186549,0.,-0.707106781186546));
#6809=DIRECTION('',(0.,1.,0.));
#6810=DIRECTION('',(1.83568621796486E-15,0.,-1.));
#6811=DIRECTION('',(1.,0.,1.83568621796486E-15));
#6812=DIRECTION('',(1.83533743758346E-15,0.,-1.));
#6813=DIRECTION('',(1.,0.,3.41480999208031E-16));
#6814=DIRECTION('',(-3.41480999208031E-16,0.,1.));
#6815=DIRECTION('',(1.,0.,3.41306843898437E-16));
#6816=DIRECTION('',(0.,0.,1.));
#6817=DIRECTION('',(-1.,0.,0.));
#6818=DIRECTION('',(0.,0.,1.));
#6819=DIRECTION('',(1.,0.,0.));
#6820=DIRECTION('',(0.,-1.,0.));
#6821=DIRECTION('',(0.,0.,-1.));
#6822=DIRECTION('',(0.,1.,0.));
#6823=DIRECTION('',(0.,0.,1.));
#6824=DIRECTION('',(0.,1.,0.));
#6825=DIRECTION('',(-1.,0.,0.));
#6826=DIRECTION('',(0.,0.,1.));
#6827=DIRECTION('',(0.,1.,0.));
#6828=DIRECTION('',(-0.707106781186547,0.,0.707106781186548));
#6829=DIRECTION('',(-0.707106781186548,0.,-0.707106781186547));
#6830=DIRECTION('',(-0.707106781186547,0.,0.707106781186548));
#6831=DIRECTION('',(0.,1.,0.));
#6832=DIRECTION('',(-1.,0.,-1.66359063503066E-15));
#6833=DIRECTION('',(1.66359063503066E-15,0.,-1.));
#6834=DIRECTION('',(-1.,0.,-1.66359981346176E-15));
#6835=DIRECTION('',(0.,1.,0.));
#6836=DIRECTION('',(0.,0.,-1.));
#6837=DIRECTION('',(1.,0.,0.));
#6838=DIRECTION('',(0.,0.,-1.));
#6839=DIRECTION('',(1.,0.,0.));
#6840=DIRECTION('',(0.,0.,1.));
#6841=DIRECTION('',(1.,0.,0.));
#6842=DIRECTION('',(0.,0.,1.));
#6843=DIRECTION('',(-1.,0.,0.));
#6844=DIRECTION('',(0.,0.,1.));
#6845=DIRECTION('',(1.,0.,0.));
#6846=DIRECTION('',(0.,-1.,0.));
#6847=DIRECTION('',(0.,0.,-1.));
#6848=DIRECTION('',(0.,1.,0.));
#6849=DIRECTION('',(0.,0.,1.));
#6850=DIRECTION('',(0.,1.,0.));
#6851=DIRECTION('',(-1.,0.,0.));
#6852=DIRECTION('',(0.,0.,1.));
#6853=DIRECTION('',(0.,1.,0.));
#6854=DIRECTION('',(-1.,0.,5.73651943114021E-17));
#6855=DIRECTION('',(-5.73651943114021E-17,0.,-1.));
#6856=DIRECTION('',(-1.,0.,5.73542949244832E-17));
#6857=DIRECTION('',(0.,1.,0.));
#6858=DIRECTION('',(-0.707106781186549,0.,-0.707106781186546));
#6859=DIRECTION('',(0.707106781186546,0.,-0.707106781186549));
#6860=DIRECTION('',(-0.707106781186549,0.,-0.707106781186546));
#6861=DIRECTION('',(0.,1.,0.));
#6862=DIRECTION('',(1.83568621796486E-15,0.,-1.));
#6863=DIRECTION('',(1.,0.,1.83568621796486E-15));
#6864=DIRECTION('',(1.83577111845246E-15,0.,-1.));
#6865=DIRECTION('',(1.,0.,1.70740499604016E-16));
#6866=DIRECTION('',(-1.70740499604016E-16,0.,1.));
#6867=DIRECTION('',(1.,0.,1.70870262383715E-16));
#6868=DIRECTION('',(0.,0.,1.));
#6869=DIRECTION('',(-1.,0.,0.));
#6870=DIRECTION('',(0.,0.,1.));
#6871=DIRECTION('',(1.,0.,0.));
#6872=DIRECTION('',(0.,-1.,0.));
#6873=DIRECTION('',(0.,0.,-1.));
#6874=DIRECTION('',(0.,1.,0.));
#6875=DIRECTION('',(0.,0.,1.));
#6876=DIRECTION('',(0.,1.,0.));
#6877=DIRECTION('',(-1.,0.,0.));
#6878=DIRECTION('',(0.,0.,1.));
#6879=DIRECTION('',(0.,1.,0.));
#6880=DIRECTION('',(-0.707106781186546,0.,0.707106781186549));
#6881=DIRECTION('',(-0.707106781186549,0.,-0.707106781186546));
#6882=DIRECTION('',(-0.707106781186546,0.,0.707106781186549));
#6883=DIRECTION('',(0.,1.,0.));
#6884=DIRECTION('',(-1.,0.,-1.66359063503066E-15));
#6885=DIRECTION('',(1.66359063503066E-15,0.,-1.));
#6886=DIRECTION('',(-1.,0.,-1.66359981346176E-15));
#6887=DIRECTION('',(0.,1.,0.));
#6888=DIRECTION('',(0.,0.,-1.));
#6889=DIRECTION('',(1.,0.,0.));
#6890=DIRECTION('',(0.,0.,-1.));
#6891=DIRECTION('',(1.,0.,0.));
#6892=DIRECTION('',(0.,0.,1.));
#6893=DIRECTION('',(1.,0.,0.));
#6894=DIRECTION('',(0.,0.,1.));
#6895=DIRECTION('',(-1.,0.,0.));
#6896=DIRECTION('',(0.,0.,1.));
#6897=DIRECTION('',(1.,0.,0.));
#6898=DIRECTION('',(0.,-1.,0.));
#6899=DIRECTION('',(0.,0.,-1.));
#6900=DIRECTION('',(0.,1.,0.));
#6901=DIRECTION('',(0.,0.,1.));
#6902=DIRECTION('',(0.,1.,0.));
#6903=DIRECTION('',(-1.,0.,0.));
#6904=DIRECTION('',(0.,0.,1.));
#6905=DIRECTION('',(0.,1.,0.));
#6906=DIRECTION('',(-0.707106781186546,0.,0.707106781186549));
#6907=DIRECTION('',(-0.707106781186549,0.,-0.707106781186546));
#6908=DIRECTION('',(-0.707106781186546,0.,0.707106781186549));
#6909=DIRECTION('',(0.,1.,0.));
#6910=DIRECTION('',(-1.,0.,-1.66359063503066E-15));
#6911=DIRECTION('',(1.66359063503066E-15,0.,-1.));
#6912=DIRECTION('',(-1.,0.,-1.66359981346176E-15));
#6913=DIRECTION('',(0.,1.,0.));
#6914=DIRECTION('',(0.,0.,-1.));
#6915=DIRECTION('',(1.,0.,0.));
#6916=DIRECTION('',(0.,0.,-1.));
#6917=DIRECTION('',(1.,0.,0.));
#6918=DIRECTION('',(0.,0.,1.));
#6919=DIRECTION('',(1.,0.,0.));
#6920=DIRECTION('',(0.,0.,1.));
#6921=DIRECTION('',(-1.,0.,0.));
#6922=DIRECTION('',(0.,0.,1.));
#6923=DIRECTION('',(1.,0.,0.));
#6924=DIRECTION('',(0.,-1.,0.));
#6925=DIRECTION('',(0.,0.,-1.));
#6926=DIRECTION('',(0.,1.,0.));
#6927=DIRECTION('',(0.,0.,1.));
#6928=DIRECTION('',(0.,1.,0.));
#6929=DIRECTION('',(-1.,0.,0.));
#6930=DIRECTION('',(0.,0.,1.));
#6931=DIRECTION('',(0.,1.,0.));
#6932=DIRECTION('',(-1.,0.,5.73651943114021E-17));
#6933=DIRECTION('',(-5.73651943114021E-17,0.,-1.));
#6934=DIRECTION('',(-1.,0.,5.73542949244832E-17));
#6935=DIRECTION('',(0.,1.,0.));
#6936=DIRECTION('',(-0.707106781186549,0.,-0.707106781186546));
#6937=DIRECTION('',(0.707106781186546,0.,-0.707106781186549));
#6938=DIRECTION('',(-0.707106781186549,0.,-0.707106781186546));
#6939=DIRECTION('',(0.,1.,0.));
#6940=DIRECTION('',(1.83568621796486E-15,0.,-1.));
#6941=DIRECTION('',(1.,0.,1.83568621796486E-15));
#6942=DIRECTION('',(1.83533743758346E-15,0.,-1.));
#6943=DIRECTION('',(1.,0.,1.70740499604016E-16));
#6944=DIRECTION('',(-1.70740499604016E-16,0.,1.));
#6945=DIRECTION('',(1.,0.,1.70870262383715E-16));
#6946=DIRECTION('',(0.,0.,1.));
#6947=DIRECTION('',(-1.,0.,0.));
#6948=DIRECTION('',(0.,0.,1.));
#6949=DIRECTION('',(1.,0.,0.));
#6950=DIRECTION('',(0.,-1.,0.));
#6951=DIRECTION('',(0.,0.,-1.));
#6952=DIRECTION('',(0.,1.,0.));
#6953=DIRECTION('',(0.,0.,1.));
#6954=DIRECTION('',(0.,1.,0.));
#6955=DIRECTION('',(-1.,0.,0.));
#6956=DIRECTION('',(0.,0.,1.));
#6957=DIRECTION('',(0.,1.,0.));
#6958=DIRECTION('',(-1.,0.,0.));
#6959=DIRECTION('',(0.,0.,-1.));
#6960=DIRECTION('',(-1.,0.,0.));
#6961=DIRECTION('',(0.,1.,0.));
#6962=DIRECTION('',(0.,0.,-1.));
#6963=DIRECTION('',(1.,0.,0.));
#6964=DIRECTION('',(0.,0.,-1.));
#6965=DIRECTION('',(1.,0.,0.));
#6966=DIRECTION('',(0.,0.,1.));
#6967=DIRECTION('',(1.,0.,0.));
#6968=DIRECTION('',(0.,0.,1.));
#6969=DIRECTION('',(-1.,0.,0.));
#6970=DIRECTION('',(0.,0.,1.));
#6971=DIRECTION('',(1.,0.,0.));
#6972=DIRECTION('',(0.,-1.,0.));
#6973=DIRECTION('',(0.,0.,-1.));
#6974=DIRECTION('',(0.,1.,0.));
#6975=DIRECTION('',(0.,0.,1.));
#6976=DIRECTION('',(0.,1.,0.));
#6977=DIRECTION('',(-1.,0.,0.));
#6978=DIRECTION('',(0.,0.,1.));
#6979=DIRECTION('',(0.,1.,0.));
#6980=DIRECTION('',(-1.,0.,5.73651943114021E-17));
#6981=DIRECTION('',(-5.73651943114021E-17,0.,-1.));
#6982=DIRECTION('',(-1.,0.,5.73542949244832E-17));
#6983=DIRECTION('',(0.,1.,0.));
#6984=DIRECTION('',(-0.707106781186549,0.,-0.707106781186546));
#6985=DIRECTION('',(0.707106781186547,0.,-0.707106781186549));
#6986=DIRECTION('',(-0.707106781186549,0.,-0.707106781186546));
#6987=DIRECTION('',(0.,1.,0.));
#6988=DIRECTION('',(1.83568621796486E-15,0.,-1.));
#6989=DIRECTION('',(1.,0.,1.83568621796486E-15));
#6990=DIRECTION('',(1.83533743758346E-15,0.,-1.));
#6991=DIRECTION('',(1.,0.,1.70740499604016E-16));
#6992=DIRECTION('',(-1.70740499604016E-16,0.,1.));
#6993=DIRECTION('',(1.,0.,1.70870262383715E-16));
#6994=DIRECTION('',(0.,0.,1.));
#6995=DIRECTION('',(-1.,0.,0.));
#6996=DIRECTION('',(0.,0.,1.));
#6997=DIRECTION('',(1.,0.,0.));
#6998=DIRECTION('',(0.,-1.,0.));
#6999=DIRECTION('',(0.,0.,-1.));
#7000=DIRECTION('',(0.,1.,0.));
#7001=DIRECTION('',(0.,0.,1.));
#7002=DIRECTION('',(0.,1.,0.));
#7003=DIRECTION('',(-1.,0.,0.));
#7004=DIRECTION('',(0.,0.,1.));
#7005=DIRECTION('',(0.,1.,0.));
#7006=DIRECTION('',(-1.,0.,5.73651943114021E-17));
#7007=DIRECTION('',(-5.73651943114021E-17,0.,-1.));
#7008=DIRECTION('',(-1.,0.,5.73542949244832E-17));
#7009=DIRECTION('',(0.,1.,0.));
#7010=DIRECTION('',(-0.707106781186549,0.,-0.707106781186546));
#7011=DIRECTION('',(0.707106781186547,0.,-0.707106781186549));
#7012=DIRECTION('',(-0.707106781186549,0.,-0.707106781186546));
#7013=DIRECTION('',(0.,1.,0.));
#7014=DIRECTION('',(1.83568621796486E-15,0.,-1.));
#7015=DIRECTION('',(1.,0.,1.83568621796486E-15));
#7016=DIRECTION('',(1.83533743758346E-15,0.,-1.));
#7017=DIRECTION('',(1.,0.,1.70740499604016E-16));
#7018=DIRECTION('',(-1.70740499604016E-16,0.,1.));
#7019=DIRECTION('',(1.,0.,1.70870262383715E-16));
#7020=DIRECTION('',(0.,0.,1.));
#7021=DIRECTION('',(-1.,0.,0.));
#7022=DIRECTION('',(0.,0.,1.));
#7023=DIRECTION('',(1.,0.,0.));
#7024=DIRECTION('',(0.,-1.,0.));
#7025=DIRECTION('',(0.,0.,-1.));
#7026=DIRECTION('',(0.,0.,1.));
#7027=DIRECTION('',(0.,0.,1.));
#7028=DIRECTION('',(0.,1.,0.));
#7029=DIRECTION('',(-1.,0.,0.));
#7030=DIRECTION('',(0.,0.,1.));
#7031=DIRECTION('',(-1.08420217248551E-16,0.,-1.));
#7032=DIRECTION('',(-0.999999999999998,0.,9.85638338623186E-17));
#7033=DIRECTION('',(-1.,0.,-2.16840434497101E-16));
#7034=DIRECTION('',(0.,1.,0.));
#7035=DIRECTION('',(1.,0.,0.));
#7036=DIRECTION('',(2.16840434497101E-16,0.,-1.));
#7037=DIRECTION('',(-1.,0.,-2.16840434497101E-16));
#7038=DIRECTION('',(0.,0.,-1.));
#7039=DIRECTION('',(0.,0.,1.));
#7040=DIRECTION('',(0.,-0.5,0.866025403784439));
#7041=DIRECTION('',(0.,-1.,0.));
#7042=DIRECTION('',(0.,0.5,0.866025403784439));
#7043=DIRECTION('',(0.,0.,1.));
#7044=DIRECTION('',(0.,0.,-1.));
#7045=DIRECTION('',(1.,0.,0.));
#7046=DIRECTION('',(0.,0.,-1.));
#7047=DIRECTION('',(0.,-1.,0.));
#7048=DIRECTION('',(0.,0.,-1.));
#7049=DIRECTION('',(0.,-1.,0.));
#7050=DIRECTION('',(0.,0.,-1.));
#7051=DIRECTION('',(0.,0.,-1.));
#7052=DIRECTION('',(0.999999999999998,0.,0.));
#7053=DIRECTION('',(1.,0.,0.));
#7054=DIRECTION('',(-1.,0.,2.16840434497101E-16));
#7055=DIRECTION('',(0.,1.,0.));
#7056=DIRECTION('',(-2.16840434497101E-16,0.,-1.));
#7057=DIRECTION('',(-1.,0.,2.16840434497101E-16));
#7058=DIRECTION('',(0.,0.,-1.));
#7059=DIRECTION('',(0.,0.,-1.));
#7060=DIRECTION('',(1.,0.,0.));
#7061=DIRECTION('',(0.,0.,-1.));
#7062=DIRECTION('',(0.,-1.,0.));
#7063=DIRECTION('',(0.,0.,-1.));
#7064=DIRECTION('',(0.,-1.,0.));
#7065=DIRECTION('',(0.,0.,-1.));
#7066=DIRECTION('',(0.,0.,1.));
#7067=DIRECTION('',(-1.,0.,0.));
#7068=DIRECTION('',(0.,0.,-1.));
#7069=DIRECTION('',(1.,0.,0.));
#7070=DIRECTION('',(0.,1.,0.));
#7071=DIRECTION('',(0.,0.,1.));
#7072=DIRECTION('',(0.,-1.,0.));
#7073=DIRECTION('',(0.,0.,-1.));
#7074=DIRECTION('',(0.,1.,-7.04027384730847E-17));
#7075=DIRECTION('',(1.,0.,0.));
#7076=DIRECTION('',(0.,0.,-1.));
#7077=DIRECTION('',(0.,1.,-7.04027384730847E-17));
#7078=DIRECTION('',(0.,0.,1.));
#7079=DIRECTION('',(0.,-1.,0.));
#7080=DIRECTION('',(1.,0.,0.));
#7081=DIRECTION('',(0.,0.,-1.));
#7082=DIRECTION('',(1.,0.,0.));
#7083=DIRECTION('',(0.,0.,-1.));
#7084=DIRECTION('',(-1.,0.,0.));
#7085=DIRECTION('',(-1.,0.,0.));
#7086=DIRECTION('',(0.,7.04027384730847E-17,1.));
#7087=DIRECTION('',(0.,-1.,7.04731412115578E-17));
#7088=DIRECTION('',(0.,0.,-1.));
#7089=DIRECTION('',(0.,1.,0.));
#7090=DIRECTION('',(0.,-2.90573446562279E-16,1.));
#7091=DIRECTION('',(1.,0.,0.));
#7092=DIRECTION('',(0.,0.,-1.));
#7093=DIRECTION('',(0.,-2.90573446562279E-16,1.));
#7094=DIRECTION('',(0.,-1.,0.));
#7095=DIRECTION('',(0.,0.,-1.));
#7096=DIRECTION('',(1.,0.,0.));
#7097=DIRECTION('',(0.,0.,-1.));
#7098=DIRECTION('',(1.,0.,0.));
#7099=DIRECTION('',(0.,1.,0.));
#7100=DIRECTION('',(0.,0.,1.));
#7101=DIRECTION('',(0.,-1.,0.));
#7102=DIRECTION('',(-1.,0.,0.));
#7103=DIRECTION('',(0.,1.,0.));
#7104=DIRECTION('',(1.,0.,0.));
#7105=DIRECTION('',(0.,0.,1.));
#7106=DIRECTION('',(1.,0.,0.));
#7107=DIRECTION('',(-1.,0.,0.));
#7108=DIRECTION('',(0.,-1.,-2.90573446562279E-16));
#7109=DIRECTION('',(0.,2.91433543964104E-16,-1.));
#7110=DIRECTION('',(0.24559935437901,-0.245599354379008,-0.937742989447123));
#7111=DIRECTION('',(0.24559935437901,0.245599354379008,0.937742989447123));
#7112=DIRECTION('',(0.,-0.967372223380245,0.253359391837683));
#7113=DIRECTION('',(-1.,0.,0.));
#7114=DIRECTION('',(0.24559935437901,-0.245599354379008,0.937742989447123));
#7115=DIRECTION('',(0.967372223380245,0.,-0.253359391837685));
#7116=DIRECTION('',(0.,-1.,0.));
#7117=DIRECTION('',(0.24559935437901,0.245599354379008,-0.937742989447123));
#7118=DIRECTION('',(0.967372223380245,0.,0.253359391837685));
#7119=DIRECTION('',(0.,1.,0.));
#7120=DIRECTION('',(0.,0.967372223380246,0.253359391837683));
#7121=DIRECTION('',(-1.,0.,0.));
#7122=DIRECTION('',(0.24559935437901,-0.937742989447123,0.245599354379008));
#7123=DIRECTION('',(0.24559935437901,0.937742989447123,-0.245599354379008));
#7124=DIRECTION('',(0.,0.253359391837683,0.967372223380245));
#7125=DIRECTION('',(-1.,0.,0.));
#7126=DIRECTION('',(0.24559935437901,0.937742989447123,0.245599354379008));
#7127=DIRECTION('',(0.967372223380245,-0.253359391837685,0.));
#7128=DIRECTION('',(0.,0.,1.));
#7129=DIRECTION('',(0.24559935437901,-0.937742989447123,-0.245599354379008));
#7130=DIRECTION('',(0.967372223380245,0.253359391837685,0.));
#7131=DIRECTION('',(0.,0.,-1.));
#7132=DIRECTION('',(0.,0.253359391837683,-0.967372223380245));
#7133=DIRECTION('',(-1.,0.,0.));
#7134=DIRECTION('',(0.,0.,1.));
#7135=DIRECTION('',(-1.,0.,0.));
#7136=DIRECTION('',(0.,0.,-1.));
#7137=DIRECTION('',(1.,0.,0.));
#7138=DIRECTION('',(0.,1.,0.));
#7139=DIRECTION('',(0.,0.,1.));
#7140=DIRECTION('',(0.,-1.,0.));
#7141=DIRECTION('',(0.,0.,-1.));
#7142=DIRECTION('',(0.,1.,-7.04027384730847E-17));
#7143=DIRECTION('',(1.,0.,0.));
#7144=DIRECTION('',(0.,0.,-1.));
#7145=DIRECTION('',(0.,1.,-7.04027384730847E-17));
#7146=DIRECTION('',(0.,0.,1.));
#7147=DIRECTION('',(0.,-1.,0.));
#7148=DIRECTION('',(1.,0.,0.));
#7149=DIRECTION('',(0.,0.,-1.));
#7150=DIRECTION('',(1.,0.,0.));
#7151=DIRECTION('',(0.,0.,-1.));
#7152=DIRECTION('',(-1.,0.,0.));
#7153=DIRECTION('',(-1.,0.,0.));
#7154=DIRECTION('',(0.,7.04027384730847E-17,1.));
#7155=DIRECTION('',(0.,-1.,7.04731412115578E-17));
#7156=DIRECTION('',(0.,0.,-1.));
#7157=DIRECTION('',(0.,1.,0.));
#7158=DIRECTION('',(0.,-2.90573446562279E-16,1.));
#7159=DIRECTION('',(1.,0.,0.));
#7160=DIRECTION('',(0.,0.,-1.));
#7161=DIRECTION('',(0.,-2.90573446562279E-16,1.));
#7162=DIRECTION('',(0.,-1.,0.));
#7163=DIRECTION('',(0.,0.,-1.));
#7164=DIRECTION('',(1.,0.,0.));
#7165=DIRECTION('',(0.,0.,-1.));
#7166=DIRECTION('',(1.,0.,0.));
#7167=DIRECTION('',(0.,1.,0.));
#7168=DIRECTION('',(0.,0.,1.));
#7169=DIRECTION('',(0.,-1.,0.));
#7170=DIRECTION('',(-1.,0.,0.));
#7171=DIRECTION('',(0.,1.,0.));
#7172=DIRECTION('',(1.,0.,0.));
#7173=DIRECTION('',(0.,0.,1.));
#7174=DIRECTION('',(1.,0.,0.));
#7175=DIRECTION('',(-1.,0.,0.));
#7176=DIRECTION('',(0.,-1.,-2.90573446562279E-16));
#7177=DIRECTION('',(0.,2.91433543964104E-16,-1.));
#7178=DIRECTION('',(0.245599354379008,-0.245599354379008,-0.937742989447124));
#7179=DIRECTION('',(0.245599354379008,0.245599354379008,0.937742989447124));
#7180=DIRECTION('',(0.,-0.967372223380245,0.253359391837683));
#7181=DIRECTION('',(-1.,0.,0.));
#7182=DIRECTION('',(0.245599354379008,-0.245599354379008,0.937742989447124));
#7183=DIRECTION('',(0.967372223380245,0.,-0.253359391837683));
#7184=DIRECTION('',(0.,-1.,0.));
#7185=DIRECTION('',(0.245599354379008,0.245599354379008,-0.937742989447124));
#7186=DIRECTION('',(0.967372223380245,0.,0.253359391837683));
#7187=DIRECTION('',(0.,1.,0.));
#7188=DIRECTION('',(0.,0.967372223380246,0.253359391837683));
#7189=DIRECTION('',(-1.,0.,0.));
#7190=DIRECTION('',(0.245599354379008,-0.937742989447124,0.245599354379009));
#7191=DIRECTION('',(0.245599354379008,0.937742989447124,-0.245599354379009));
#7192=DIRECTION('',(0.,0.253359391837683,0.967372223380245));
#7193=DIRECTION('',(-1.,0.,0.));
#7194=DIRECTION('',(0.245599354379008,0.937742989447124,0.245599354379009));
#7195=DIRECTION('',(0.967372223380245,-0.253359391837683,0.));
#7196=DIRECTION('',(0.,0.,1.));
#7197=DIRECTION('',(0.245599354379008,-0.937742989447124,-0.245599354379009));
#7198=DIRECTION('',(0.967372223380245,0.253359391837683,0.));
#7199=DIRECTION('',(0.,0.,-1.));
#7200=DIRECTION('',(0.,0.253359391837683,-0.967372223380245));
#7201=DIRECTION('',(-1.,0.,0.));
#7202=DIRECTION('',(0.,0.,1.));
#7203=DIRECTION('',(-1.,0.,0.));
#7204=DIRECTION('',(0.,0.,-1.));
#7205=DIRECTION('',(1.,0.,0.));
#7206=DIRECTION('',(0.,1.,0.));
#7207=DIRECTION('',(0.,0.,1.));
#7208=DIRECTION('',(0.,-1.,0.));
#7209=DIRECTION('',(0.,0.,-1.));
#7210=DIRECTION('',(0.,1.,-7.04027384730847E-17));
#7211=DIRECTION('',(1.,0.,0.));
#7212=DIRECTION('',(0.,0.,-1.));
#7213=DIRECTION('',(0.,1.,-7.04027384730847E-17));
#7214=DIRECTION('',(0.,0.,1.));
#7215=DIRECTION('',(0.,-1.,0.));
#7216=DIRECTION('',(1.,0.,0.));
#7217=DIRECTION('',(0.,0.,-1.));
#7218=DIRECTION('',(1.,0.,0.));
#7219=DIRECTION('',(0.,0.,-1.));
#7220=DIRECTION('',(-1.,0.,0.));
#7221=DIRECTION('',(-1.,0.,0.));
#7222=DIRECTION('',(0.,7.04027384730847E-17,1.));
#7223=DIRECTION('',(0.,-1.,7.04731412115578E-17));
#7224=DIRECTION('',(0.,0.,-1.));
#7225=DIRECTION('',(0.,1.,0.));
#7226=DIRECTION('',(0.,-2.90573446562279E-16,1.));
#7227=DIRECTION('',(1.,0.,0.));
#7228=DIRECTION('',(0.,0.,-1.));
#7229=DIRECTION('',(0.,-2.90573446562279E-16,1.));
#7230=DIRECTION('',(0.,-1.,0.));
#7231=DIRECTION('',(0.,0.,-1.));
#7232=DIRECTION('',(1.,0.,0.));
#7233=DIRECTION('',(0.,0.,-1.));
#7234=DIRECTION('',(1.,0.,0.));
#7235=DIRECTION('',(0.,1.,0.));
#7236=DIRECTION('',(0.,0.,1.));
#7237=DIRECTION('',(0.,-1.,0.));
#7238=DIRECTION('',(-1.,0.,0.));
#7239=DIRECTION('',(0.,1.,0.));
#7240=DIRECTION('',(1.,0.,0.));
#7241=DIRECTION('',(0.,0.,1.));
#7242=DIRECTION('',(1.,0.,0.));
#7243=DIRECTION('',(-1.,0.,0.));
#7244=DIRECTION('',(0.,-1.,-2.90573446562279E-16));
#7245=DIRECTION('',(0.,2.91433543964104E-16,-1.));
#7246=DIRECTION('',(0.245599354379008,-0.245599354379008,-0.937742989447124));
#7247=DIRECTION('',(0.245599354379008,0.245599354379008,0.937742989447124));
#7248=DIRECTION('',(0.,-0.967372223380245,0.253359391837683));
#7249=DIRECTION('',(-1.,0.,0.));
#7250=DIRECTION('',(0.245599354379008,-0.245599354379008,0.937742989447124));
#7251=DIRECTION('',(0.967372223380245,0.,-0.253359391837683));
#7252=DIRECTION('',(0.,-1.,0.));
#7253=DIRECTION('',(0.245599354379008,0.245599354379008,-0.937742989447124));
#7254=DIRECTION('',(0.967372223380245,0.,0.253359391837683));
#7255=DIRECTION('',(0.,1.,0.));
#7256=DIRECTION('',(0.,0.967372223380246,0.253359391837683));
#7257=DIRECTION('',(-1.,0.,0.));
#7258=DIRECTION('',(0.245599354379008,-0.937742989447124,0.245599354379009));
#7259=DIRECTION('',(0.245599354379008,0.937742989447124,-0.245599354379009));
#7260=DIRECTION('',(0.,0.253359391837683,0.967372223380245));
#7261=DIRECTION('',(-1.,0.,0.));
#7262=DIRECTION('',(0.245599354379008,0.937742989447124,0.245599354379009));
#7263=DIRECTION('',(0.967372223380245,-0.253359391837683,0.));
#7264=DIRECTION('',(0.,0.,1.));
#7265=DIRECTION('',(0.245599354379008,-0.937742989447124,-0.245599354379009));
#7266=DIRECTION('',(0.967372223380245,0.253359391837683,0.));
#7267=DIRECTION('',(0.,0.,-1.));
#7268=DIRECTION('',(0.,0.253359391837683,-0.967372223380245));
#7269=DIRECTION('',(-1.,0.,0.));
#7270=DIRECTION('',(0.,0.,1.));
#7271=DIRECTION('',(-1.,0.,0.));
#7272=DIRECTION('',(0.,0.,-1.));
#7273=DIRECTION('',(1.,0.,0.));
#7274=DIRECTION('',(0.,1.,0.));
#7275=DIRECTION('',(0.,0.,1.));
#7276=DIRECTION('',(0.,-1.,0.));
#7277=DIRECTION('',(0.,0.,-1.));
#7278=DIRECTION('',(0.,1.,-7.04027384730847E-17));
#7279=DIRECTION('',(1.,0.,0.));
#7280=DIRECTION('',(0.,0.,-1.));
#7281=DIRECTION('',(0.,1.,-7.04027384730847E-17));
#7282=DIRECTION('',(0.,0.,1.));
#7283=DIRECTION('',(0.,-1.,0.));
#7284=DIRECTION('',(1.,0.,0.));
#7285=DIRECTION('',(0.,0.,-1.));
#7286=DIRECTION('',(1.,0.,0.));
#7287=DIRECTION('',(0.,0.,-1.));
#7288=DIRECTION('',(-1.,0.,0.));
#7289=DIRECTION('',(-1.,0.,0.));
#7290=DIRECTION('',(0.,7.04027384730847E-17,1.));
#7291=DIRECTION('',(0.,-1.,7.04731412115578E-17));
#7292=DIRECTION('',(0.,0.,-1.));
#7293=DIRECTION('',(0.,1.,0.));
#7294=DIRECTION('',(0.,-2.90573446562279E-16,1.));
#7295=DIRECTION('',(1.,0.,0.));
#7296=DIRECTION('',(0.,0.,-1.));
#7297=DIRECTION('',(0.,-2.90573446562279E-16,1.));
#7298=DIRECTION('',(0.,-1.,0.));
#7299=DIRECTION('',(0.,0.,-1.));
#7300=DIRECTION('',(1.,0.,0.));
#7301=DIRECTION('',(0.,0.,-1.));
#7302=DIRECTION('',(1.,0.,0.));
#7303=DIRECTION('',(0.,1.,0.));
#7304=DIRECTION('',(0.,0.,1.));
#7305=DIRECTION('',(0.,-1.,0.));
#7306=DIRECTION('',(-1.,0.,0.));
#7307=DIRECTION('',(0.,1.,0.));
#7308=DIRECTION('',(1.,0.,0.));
#7309=DIRECTION('',(0.,0.,1.));
#7310=DIRECTION('',(1.,0.,0.));
#7311=DIRECTION('',(-1.,0.,0.));
#7312=DIRECTION('',(0.,-1.,-2.90573446562279E-16));
#7313=DIRECTION('',(0.,2.91433543964104E-16,-1.));
#7314=DIRECTION('',(0.245599354379008,-0.245599354379008,-0.937742989447124));
#7315=DIRECTION('',(0.245599354379008,0.245599354379008,0.937742989447124));
#7316=DIRECTION('',(0.,-0.967372223380245,0.253359391837683));
#7317=DIRECTION('',(-1.,0.,0.));
#7318=DIRECTION('',(0.245599354379008,-0.245599354379008,0.937742989447124));
#7319=DIRECTION('',(0.967372223380245,0.,-0.253359391837683));
#7320=DIRECTION('',(0.,-1.,0.));
#7321=DIRECTION('',(0.245599354379008,0.245599354379008,-0.937742989447124));
#7322=DIRECTION('',(0.967372223380245,0.,0.253359391837683));
#7323=DIRECTION('',(0.,1.,0.));
#7324=DIRECTION('',(0.,0.967372223380246,0.253359391837683));
#7325=DIRECTION('',(-1.,0.,0.));
#7326=DIRECTION('',(0.245599354379008,-0.937742989447124,0.245599354379009));
#7327=DIRECTION('',(0.245599354379008,0.937742989447124,-0.245599354379009));
#7328=DIRECTION('',(0.,0.253359391837683,0.967372223380245));
#7329=DIRECTION('',(-1.,0.,0.));
#7330=DIRECTION('',(0.245599354379008,0.937742989447124,0.245599354379009));
#7331=DIRECTION('',(0.967372223380245,-0.253359391837683,0.));
#7332=DIRECTION('',(0.,0.,1.));
#7333=DIRECTION('',(0.245599354379008,-0.937742989447124,-0.245599354379009));
#7334=DIRECTION('',(0.967372223380245,0.253359391837683,0.));
#7335=DIRECTION('',(0.,0.,-1.));
#7336=DIRECTION('',(0.,0.253359391837683,-0.967372223380245));
#7337=DIRECTION('',(-1.,0.,0.));
#7338=DIRECTION('',(0.,0.,1.));
#7339=DIRECTION('',(-1.,0.,0.));
#7340=DIRECTION('',(0.,0.,-1.));
#7341=DIRECTION('',(1.,0.,0.));
#7342=DIRECTION('',(0.,1.,0.));
#7343=DIRECTION('',(0.,0.,1.));
#7344=DIRECTION('',(0.,-1.,0.));
#7345=DIRECTION('',(0.,0.,-1.));
#7346=DIRECTION('',(0.,1.,-7.04027384730847E-17));
#7347=DIRECTION('',(1.,0.,0.));
#7348=DIRECTION('',(0.,0.,-1.));
#7349=DIRECTION('',(0.,1.,-7.04027384730847E-17));
#7350=DIRECTION('',(0.,0.,1.));
#7351=DIRECTION('',(0.,-1.,0.));
#7352=DIRECTION('',(1.,0.,0.));
#7353=DIRECTION('',(0.,0.,-1.));
#7354=DIRECTION('',(1.,0.,0.));
#7355=DIRECTION('',(0.,0.,-1.));
#7356=DIRECTION('',(-1.,0.,0.));
#7357=DIRECTION('',(-1.,0.,0.));
#7358=DIRECTION('',(0.,7.04027384730847E-17,1.));
#7359=DIRECTION('',(0.,-1.,7.04731412115578E-17));
#7360=DIRECTION('',(0.,0.,-1.));
#7361=DIRECTION('',(0.,1.,0.));
#7362=DIRECTION('',(0.,-2.90573446562279E-16,1.));
#7363=DIRECTION('',(1.,0.,0.));
#7364=DIRECTION('',(0.,0.,-1.));
#7365=DIRECTION('',(0.,-2.90573446562279E-16,1.));
#7366=DIRECTION('',(0.,-1.,0.));
#7367=DIRECTION('',(0.,0.,-1.));
#7368=DIRECTION('',(1.,0.,0.));
#7369=DIRECTION('',(0.,0.,-1.));
#7370=DIRECTION('',(1.,0.,0.));
#7371=DIRECTION('',(0.,1.,0.));
#7372=DIRECTION('',(0.,0.,1.));
#7373=DIRECTION('',(0.,-1.,0.));
#7374=DIRECTION('',(-1.,0.,0.));
#7375=DIRECTION('',(0.,1.,0.));
#7376=DIRECTION('',(1.,0.,0.));
#7377=DIRECTION('',(0.,0.,1.));
#7378=DIRECTION('',(1.,0.,0.));
#7379=DIRECTION('',(-1.,0.,0.));
#7380=DIRECTION('',(0.,-1.,-2.90573446562279E-16));
#7381=DIRECTION('',(0.,2.91433543964104E-16,-1.));
#7382=DIRECTION('',(0.245599354379008,-0.245599354379008,-0.937742989447124));
#7383=DIRECTION('',(0.245599354379008,0.245599354379008,0.937742989447124));
#7384=DIRECTION('',(0.,-0.967372223380245,0.253359391837683));
#7385=DIRECTION('',(-1.,0.,0.));
#7386=DIRECTION('',(0.245599354379008,-0.245599354379008,0.937742989447124));
#7387=DIRECTION('',(0.967372223380245,0.,-0.253359391837683));
#7388=DIRECTION('',(0.,-1.,0.));
#7389=DIRECTION('',(0.245599354379008,0.245599354379008,-0.937742989447124));
#7390=DIRECTION('',(0.967372223380245,0.,0.253359391837683));
#7391=DIRECTION('',(0.,1.,0.));
#7392=DIRECTION('',(0.,0.967372223380246,0.253359391837683));
#7393=DIRECTION('',(-1.,0.,0.));
#7394=DIRECTION('',(0.245599354379008,-0.937742989447124,0.245599354379009));
#7395=DIRECTION('',(0.245599354379008,0.937742989447124,-0.245599354379009));
#7396=DIRECTION('',(0.,0.253359391837683,0.967372223380245));
#7397=DIRECTION('',(-1.,0.,0.));
#7398=DIRECTION('',(0.245599354379008,0.937742989447124,0.245599354379009));
#7399=DIRECTION('',(0.967372223380245,-0.253359391837683,0.));
#7400=DIRECTION('',(0.,0.,1.));
#7401=DIRECTION('',(0.245599354379008,-0.937742989447124,-0.245599354379009));
#7402=DIRECTION('',(0.967372223380245,0.253359391837683,0.));
#7403=DIRECTION('',(0.,0.,-1.));
#7404=DIRECTION('',(0.,0.253359391837683,-0.967372223380245));
#7405=DIRECTION('',(-1.,0.,0.));
#7406=DIRECTION('',(0.,0.,1.));
#7407=DIRECTION('',(-1.,0.,0.));
#7408=DIRECTION('',(0.,0.,-1.));
#7409=DIRECTION('',(1.,0.,0.));
#7410=DIRECTION('',(0.,1.,0.));
#7411=DIRECTION('',(0.,0.,1.));
#7412=DIRECTION('',(0.,-1.,0.));
#7413=DIRECTION('',(0.,0.,-1.));
#7414=DIRECTION('',(0.,1.,-7.04027384730847E-17));
#7415=DIRECTION('',(1.,0.,0.));
#7416=DIRECTION('',(0.,0.,-1.));
#7417=DIRECTION('',(0.,1.,-7.04027384730847E-17));
#7418=DIRECTION('',(0.,0.,1.));
#7419=DIRECTION('',(0.,-1.,0.));
#7420=DIRECTION('',(1.,0.,0.));
#7421=DIRECTION('',(0.,0.,-1.));
#7422=DIRECTION('',(1.,0.,0.));
#7423=DIRECTION('',(0.,0.,-1.));
#7424=DIRECTION('',(-1.,0.,0.));
#7425=DIRECTION('',(-1.,0.,0.));
#7426=DIRECTION('',(0.,7.04027384730847E-17,1.));
#7427=DIRECTION('',(0.,-1.,7.04731412115578E-17));
#7428=DIRECTION('',(0.,0.,-1.));
#7429=DIRECTION('',(0.,1.,0.));
#7430=DIRECTION('',(0.,-2.90573446562279E-16,1.));
#7431=DIRECTION('',(1.,0.,0.));
#7432=DIRECTION('',(0.,0.,-1.));
#7433=DIRECTION('',(0.,-2.90573446562279E-16,1.));
#7434=DIRECTION('',(0.,-1.,0.));
#7435=DIRECTION('',(0.,0.,-1.));
#7436=DIRECTION('',(1.,0.,0.));
#7437=DIRECTION('',(0.,0.,-1.));
#7438=DIRECTION('',(1.,0.,0.));
#7439=DIRECTION('',(0.,1.,0.));
#7440=DIRECTION('',(0.,0.,1.));
#7441=DIRECTION('',(0.,-1.,0.));
#7442=DIRECTION('',(-1.,0.,0.));
#7443=DIRECTION('',(0.,1.,0.));
#7444=DIRECTION('',(1.,0.,0.));
#7445=DIRECTION('',(0.,0.,1.));
#7446=DIRECTION('',(1.,0.,0.));
#7447=DIRECTION('',(-1.,0.,0.));
#7448=DIRECTION('',(0.,-1.,-2.90573446562279E-16));
#7449=DIRECTION('',(0.,2.91433543964104E-16,-1.));
#7450=DIRECTION('',(0.245599354379009,-0.245599354379008,-0.937742989447124));
#7451=DIRECTION('',(0.245599354379009,0.245599354379008,0.937742989447124));
#7452=DIRECTION('',(0.,-0.967372223380245,0.253359391837683));
#7453=DIRECTION('',(-1.,0.,0.));
#7454=DIRECTION('',(0.245599354379009,-0.245599354379008,0.937742989447124));
#7455=DIRECTION('',(0.967372223380245,0.,-0.253359391837683));
#7456=DIRECTION('',(0.,-1.,0.));
#7457=DIRECTION('',(0.245599354379009,0.245599354379008,-0.937742989447124));
#7458=DIRECTION('',(0.967372223380245,0.,0.253359391837683));
#7459=DIRECTION('',(0.,1.,0.));
#7460=DIRECTION('',(0.,0.967372223380246,0.253359391837683));
#7461=DIRECTION('',(-1.,0.,0.));
#7462=DIRECTION('',(0.245599354379008,-0.937742989447124,0.245599354379009));
#7463=DIRECTION('',(0.245599354379009,0.937742989447124,-0.245599354379009));
#7464=DIRECTION('',(0.,0.253359391837683,0.967372223380245));
#7465=DIRECTION('',(-1.,0.,0.));
#7466=DIRECTION('',(0.245599354379009,0.937742989447124,0.245599354379009));
#7467=DIRECTION('',(0.967372223380245,-0.253359391837683,0.));
#7468=DIRECTION('',(0.,0.,1.));
#7469=DIRECTION('',(0.245599354379008,-0.937742989447124,-0.245599354379009));
#7470=DIRECTION('',(0.967372223380245,0.253359391837683,0.));
#7471=DIRECTION('',(0.,0.,-1.));
#7472=DIRECTION('',(0.,0.253359391837683,-0.967372223380245));
#7473=DIRECTION('',(-1.,0.,0.));
#7474=DIRECTION('',(0.,0.,1.));
#7475=DIRECTION('',(-1.,0.,0.));
#7476=DIRECTION('',(0.,0.,-1.));
#7477=DIRECTION('',(1.,0.,0.));
#7478=DIRECTION('',(0.,1.,0.));
#7479=DIRECTION('',(0.,0.,1.));
#7480=DIRECTION('',(0.,-1.,0.));
#7481=DIRECTION('',(0.,0.,-1.));
#7482=DIRECTION('',(0.,1.,-7.04027384730847E-17));
#7483=DIRECTION('',(1.,0.,0.));
#7484=DIRECTION('',(0.,0.,-1.));
#7485=DIRECTION('',(0.,1.,-7.04027384730847E-17));
#7486=DIRECTION('',(0.,0.,1.));
#7487=DIRECTION('',(0.,-1.,0.));
#7488=DIRECTION('',(1.,0.,0.));
#7489=DIRECTION('',(0.,0.,-1.));
#7490=DIRECTION('',(1.,0.,0.));
#7491=DIRECTION('',(0.,0.,-1.));
#7492=DIRECTION('',(-1.,0.,0.));
#7493=DIRECTION('',(-1.,0.,0.));
#7494=DIRECTION('',(0.,7.04027384730847E-17,1.));
#7495=DIRECTION('',(0.,-1.,7.04731412115578E-17));
#7496=DIRECTION('',(0.,0.,-1.));
#7497=DIRECTION('',(0.,1.,0.));
#7498=DIRECTION('',(0.,-2.90573446562279E-16,1.));
#7499=DIRECTION('',(1.,0.,0.));
#7500=DIRECTION('',(0.,0.,-1.));
#7501=DIRECTION('',(0.,-2.90573446562279E-16,1.));
#7502=DIRECTION('',(0.,-1.,0.));
#7503=DIRECTION('',(0.,0.,-1.));
#7504=DIRECTION('',(1.,0.,0.));
#7505=DIRECTION('',(0.,0.,-1.));
#7506=DIRECTION('',(1.,0.,0.));
#7507=DIRECTION('',(0.,1.,0.));
#7508=DIRECTION('',(0.,0.,1.));
#7509=DIRECTION('',(0.,-1.,0.));
#7510=DIRECTION('',(-1.,0.,0.));
#7511=DIRECTION('',(0.,1.,0.));
#7512=DIRECTION('',(1.,0.,0.));
#7513=DIRECTION('',(0.,0.,1.));
#7514=DIRECTION('',(1.,0.,0.));
#7515=DIRECTION('',(-1.,0.,0.));
#7516=DIRECTION('',(0.,-1.,-2.90573446562279E-16));
#7517=DIRECTION('',(0.,2.91433543964104E-16,-1.));
#7518=DIRECTION('',(0.245599354379009,-0.245599354379008,-0.937742989447124));
#7519=DIRECTION('',(0.245599354379009,0.245599354379008,0.937742989447124));
#7520=DIRECTION('',(0.,-0.967372223380245,0.253359391837683));
#7521=DIRECTION('',(-1.,0.,0.));
#7522=DIRECTION('',(0.245599354379009,-0.245599354379008,0.937742989447124));
#7523=DIRECTION('',(0.967372223380245,0.,-0.253359391837683));
#7524=DIRECTION('',(0.,-1.,0.));
#7525=DIRECTION('',(0.245599354379009,0.245599354379008,-0.937742989447124));
#7526=DIRECTION('',(0.967372223380245,0.,0.253359391837683));
#7527=DIRECTION('',(0.,1.,0.));
#7528=DIRECTION('',(0.,0.967372223380246,0.253359391837683));
#7529=DIRECTION('',(-1.,0.,0.));
#7530=DIRECTION('',(0.245599354379008,-0.937742989447124,0.245599354379009));
#7531=DIRECTION('',(0.245599354379009,0.937742989447124,-0.245599354379009));
#7532=DIRECTION('',(0.,0.253359391837683,0.967372223380245));
#7533=DIRECTION('',(-1.,0.,0.));
#7534=DIRECTION('',(0.245599354379009,0.937742989447124,0.245599354379009));
#7535=DIRECTION('',(0.967372223380245,-0.253359391837683,0.));
#7536=DIRECTION('',(0.,0.,1.));
#7537=DIRECTION('',(0.245599354379008,-0.937742989447124,-0.245599354379009));
#7538=DIRECTION('',(0.967372223380245,0.253359391837683,0.));
#7539=DIRECTION('',(0.,0.,-1.));
#7540=DIRECTION('',(0.,0.253359391837683,-0.967372223380245));
#7541=DIRECTION('',(-1.,0.,0.));
#7542=DIRECTION('',(0.,0.,1.));
#7543=DIRECTION('',(-1.,0.,0.));
#7544=DIRECTION('',(0.,0.,-1.));
#7545=DIRECTION('',(1.,0.,0.));
#7546=DIRECTION('',(0.,1.,0.));
#7547=DIRECTION('',(0.,0.,1.));
#7548=DIRECTION('',(0.,-1.,0.));
#7549=DIRECTION('',(0.,0.,-1.));
#7550=DIRECTION('',(0.,1.,-7.04027384730847E-17));
#7551=DIRECTION('',(1.,0.,0.));
#7552=DIRECTION('',(0.,0.,-1.));
#7553=DIRECTION('',(0.,1.,-7.04027384730847E-17));
#7554=DIRECTION('',(0.,0.,1.));
#7555=DIRECTION('',(0.,-1.,0.));
#7556=DIRECTION('',(1.,0.,0.));
#7557=DIRECTION('',(0.,0.,-1.));
#7558=DIRECTION('',(1.,0.,0.));
#7559=DIRECTION('',(0.,0.,-1.));
#7560=DIRECTION('',(-1.,0.,0.));
#7561=DIRECTION('',(-1.,0.,0.));
#7562=DIRECTION('',(0.,7.04027384730847E-17,1.));
#7563=DIRECTION('',(0.,-1.,7.04731412115578E-17));
#7564=DIRECTION('',(0.,0.,-1.));
#7565=DIRECTION('',(0.,1.,0.));
#7566=DIRECTION('',(0.,-2.90573446562279E-16,1.));
#7567=DIRECTION('',(1.,0.,0.));
#7568=DIRECTION('',(0.,0.,-1.));
#7569=DIRECTION('',(0.,-2.90573446562279E-16,1.));
#7570=DIRECTION('',(0.,-1.,0.));
#7571=DIRECTION('',(0.,0.,-1.));
#7572=DIRECTION('',(1.,0.,0.));
#7573=DIRECTION('',(0.,0.,-1.));
#7574=DIRECTION('',(1.,0.,0.));
#7575=DIRECTION('',(0.,1.,0.));
#7576=DIRECTION('',(0.,0.,1.));
#7577=DIRECTION('',(0.,-1.,0.));
#7578=DIRECTION('',(-1.,0.,0.));
#7579=DIRECTION('',(0.,1.,0.));
#7580=DIRECTION('',(1.,0.,0.));
#7581=DIRECTION('',(0.,0.,1.));
#7582=DIRECTION('',(1.,0.,0.));
#7583=DIRECTION('',(-1.,0.,0.));
#7584=DIRECTION('',(0.,-1.,-2.90573446562279E-16));
#7585=DIRECTION('',(0.,2.91433543964104E-16,-1.));
#7586=DIRECTION('',(0.245599354379008,-0.245599354379008,-0.937742989447124));
#7587=DIRECTION('',(0.245599354379008,0.245599354379008,0.937742989447124));
#7588=DIRECTION('',(0.,-0.967372223380245,0.253359391837683));
#7589=DIRECTION('',(-1.,0.,0.));
#7590=DIRECTION('',(0.245599354379008,-0.245599354379008,0.937742989447124));
#7591=DIRECTION('',(0.967372223380245,0.,-0.253359391837683));
#7592=DIRECTION('',(0.,-1.,0.));
#7593=DIRECTION('',(0.245599354379008,0.245599354379008,-0.937742989447124));
#7594=DIRECTION('',(0.967372223380245,0.,0.253359391837683));
#7595=DIRECTION('',(0.,1.,0.));
#7596=DIRECTION('',(0.,0.967372223380246,0.253359391837683));
#7597=DIRECTION('',(-1.,0.,0.));
#7598=DIRECTION('',(0.245599354379008,-0.937742989447124,0.245599354379009));
#7599=DIRECTION('',(0.245599354379008,0.937742989447124,-0.245599354379009));
#7600=DIRECTION('',(0.,0.253359391837683,0.967372223380245));
#7601=DIRECTION('',(-1.,0.,0.));
#7602=DIRECTION('',(0.245599354379008,0.937742989447124,0.245599354379009));
#7603=DIRECTION('',(0.967372223380245,-0.253359391837683,0.));
#7604=DIRECTION('',(0.,0.,1.));
#7605=DIRECTION('',(0.245599354379008,-0.937742989447124,-0.245599354379009));
#7606=DIRECTION('',(0.967372223380245,0.253359391837683,0.));
#7607=DIRECTION('',(0.,0.,-1.));
#7608=DIRECTION('',(0.,0.253359391837683,-0.967372223380245));
#7609=DIRECTION('',(-1.,0.,0.));
#7610=DIRECTION('',(0.,0.,1.));
#7611=DIRECTION('',(-1.,0.,0.));
#7612=DIRECTION('',(0.,0.,-1.));
#7613=DIRECTION('',(1.,0.,0.));
#7614=DIRECTION('',(0.,1.,0.));
#7615=DIRECTION('',(0.,0.,1.));
#7616=DIRECTION('',(0.,-1.,0.));
#7617=DIRECTION('',(0.,0.,-1.));
#7618=DIRECTION('',(0.,1.,-7.04027384730847E-17));
#7619=DIRECTION('',(1.,0.,0.));
#7620=DIRECTION('',(0.,0.,-1.));
#7621=DIRECTION('',(0.,1.,-7.04027384730847E-17));
#7622=DIRECTION('',(0.,0.,1.));
#7623=DIRECTION('',(0.,-1.,0.));
#7624=DIRECTION('',(1.,0.,0.));
#7625=DIRECTION('',(0.,0.,-1.));
#7626=DIRECTION('',(1.,0.,0.));
#7627=DIRECTION('',(0.,0.,-1.));
#7628=DIRECTION('',(-1.,0.,0.));
#7629=DIRECTION('',(-1.,0.,0.));
#7630=DIRECTION('',(0.,7.04027384730847E-17,1.));
#7631=DIRECTION('',(0.,-1.,7.04731412115578E-17));
#7632=DIRECTION('',(0.,0.,-1.));
#7633=DIRECTION('',(0.,1.,0.));
#7634=DIRECTION('',(0.,-2.90573446562279E-16,1.));
#7635=DIRECTION('',(1.,0.,0.));
#7636=DIRECTION('',(0.,0.,-1.));
#7637=DIRECTION('',(0.,-2.90573446562279E-16,1.));
#7638=DIRECTION('',(0.,-1.,0.));
#7639=DIRECTION('',(0.,0.,-1.));
#7640=DIRECTION('',(1.,0.,0.));
#7641=DIRECTION('',(0.,0.,-1.));
#7642=DIRECTION('',(1.,0.,0.));
#7643=DIRECTION('',(0.,1.,0.));
#7644=DIRECTION('',(0.,0.,1.));
#7645=DIRECTION('',(0.,-1.,0.));
#7646=DIRECTION('',(-1.,0.,0.));
#7647=DIRECTION('',(0.,1.,0.));
#7648=DIRECTION('',(1.,0.,0.));
#7649=DIRECTION('',(0.,0.,1.));
#7650=DIRECTION('',(1.,0.,0.));
#7651=DIRECTION('',(-1.,0.,0.));
#7652=DIRECTION('',(0.,-1.,-2.90573446562279E-16));
#7653=DIRECTION('',(0.,2.91433543964104E-16,-1.));
#7654=DIRECTION('',(0.245599354379008,-0.245599354379008,-0.937742989447124));
#7655=DIRECTION('',(0.245599354379008,0.245599354379008,0.937742989447124));
#7656=DIRECTION('',(0.,-0.967372223380245,0.253359391837683));
#7657=DIRECTION('',(-1.,0.,0.));
#7658=DIRECTION('',(0.245599354379008,-0.245599354379008,0.937742989447124));
#7659=DIRECTION('',(0.967372223380245,0.,-0.253359391837683));
#7660=DIRECTION('',(0.,-1.,0.));
#7661=DIRECTION('',(0.245599354379008,0.245599354379008,-0.937742989447124));
#7662=DIRECTION('',(0.967372223380245,0.,0.253359391837683));
#7663=DIRECTION('',(0.,1.,0.));
#7664=DIRECTION('',(0.,0.967372223380246,0.253359391837683));
#7665=DIRECTION('',(-1.,0.,0.));
#7666=DIRECTION('',(0.245599354379008,-0.937742989447124,0.245599354379009));
#7667=DIRECTION('',(0.245599354379008,0.937742989447124,-0.245599354379009));
#7668=DIRECTION('',(0.,0.253359391837683,0.967372223380245));
#7669=DIRECTION('',(-1.,0.,0.));
#7670=DIRECTION('',(0.245599354379008,0.937742989447124,0.245599354379009));
#7671=DIRECTION('',(0.967372223380245,-0.253359391837683,0.));
#7672=DIRECTION('',(0.,0.,1.));
#7673=DIRECTION('',(0.245599354379008,-0.937742989447124,-0.245599354379009));
#7674=DIRECTION('',(0.967372223380245,0.253359391837683,0.));
#7675=DIRECTION('',(0.,0.,-1.));
#7676=DIRECTION('',(0.,0.253359391837683,-0.967372223380245));
#7677=DIRECTION('',(-1.,0.,0.));
#7678=DIRECTION('',(0.,0.,1.));
#7679=DIRECTION('',(-1.,0.,0.));
#7680=DIRECTION('',(0.,0.,-1.));
#7681=DIRECTION('',(1.,0.,0.));
#7682=DIRECTION('',(0.,1.,0.));
#7683=DIRECTION('',(0.,0.,1.));
#7684=DIRECTION('',(0.,-1.,0.));
#7685=DIRECTION('',(0.,0.,-1.));
#7686=DIRECTION('',(0.,1.,-7.04027384730847E-17));
#7687=DIRECTION('',(1.,0.,0.));
#7688=DIRECTION('',(0.,0.,-1.));
#7689=DIRECTION('',(0.,1.,-7.04027384730847E-17));
#7690=DIRECTION('',(0.,0.,1.));
#7691=DIRECTION('',(0.,-1.,0.));
#7692=DIRECTION('',(1.,0.,0.));
#7693=DIRECTION('',(0.,0.,-1.));
#7694=DIRECTION('',(1.,0.,0.));
#7695=DIRECTION('',(0.,0.,-1.));
#7696=DIRECTION('',(-1.,0.,0.));
#7697=DIRECTION('',(-1.,0.,0.));
#7698=DIRECTION('',(0.,7.04027384730847E-17,1.));
#7699=DIRECTION('',(0.,-1.,7.04731412115578E-17));
#7700=DIRECTION('',(0.,0.,-1.));
#7701=DIRECTION('',(0.,1.,0.));
#7702=DIRECTION('',(0.,-2.90573446562279E-16,1.));
#7703=DIRECTION('',(1.,0.,0.));
#7704=DIRECTION('',(0.,0.,-1.));
#7705=DIRECTION('',(0.,-2.90573446562279E-16,1.));
#7706=DIRECTION('',(0.,-1.,0.));
#7707=DIRECTION('',(0.,0.,-1.));
#7708=DIRECTION('',(1.,0.,0.));
#7709=DIRECTION('',(0.,0.,-1.));
#7710=DIRECTION('',(1.,0.,0.));
#7711=DIRECTION('',(0.,1.,0.));
#7712=DIRECTION('',(0.,0.,1.));
#7713=DIRECTION('',(0.,-1.,0.));
#7714=DIRECTION('',(-1.,0.,0.));
#7715=DIRECTION('',(0.,1.,0.));
#7716=DIRECTION('',(1.,0.,0.));
#7717=DIRECTION('',(0.,0.,1.));
#7718=DIRECTION('',(1.,0.,0.));
#7719=DIRECTION('',(-1.,0.,0.));
#7720=DIRECTION('',(0.,-1.,-2.90573446562279E-16));
#7721=DIRECTION('',(0.,2.91433543964104E-16,-1.));
#7722=DIRECTION('',(0.245599354379008,-0.245599354379008,-0.937742989447124));
#7723=DIRECTION('',(0.245599354379008,0.245599354379008,0.937742989447124));
#7724=DIRECTION('',(0.,-0.967372223380245,0.253359391837683));
#7725=DIRECTION('',(-1.,0.,0.));
#7726=DIRECTION('',(0.245599354379008,-0.245599354379008,0.937742989447124));
#7727=DIRECTION('',(0.967372223380245,0.,-0.253359391837683));
#7728=DIRECTION('',(0.,-1.,0.));
#7729=DIRECTION('',(0.245599354379008,0.245599354379008,-0.937742989447124));
#7730=DIRECTION('',(0.967372223380245,0.,0.253359391837683));
#7731=DIRECTION('',(0.,1.,0.));
#7732=DIRECTION('',(0.,0.967372223380246,0.253359391837683));
#7733=DIRECTION('',(-1.,0.,0.));
#7734=DIRECTION('',(0.245599354379008,-0.937742989447124,0.245599354379009));
#7735=DIRECTION('',(0.245599354379008,0.937742989447124,-0.245599354379009));
#7736=DIRECTION('',(0.,0.253359391837683,0.967372223380245));
#7737=DIRECTION('',(-1.,0.,0.));
#7738=DIRECTION('',(0.245599354379008,0.937742989447124,0.245599354379009));
#7739=DIRECTION('',(0.967372223380245,-0.253359391837683,0.));
#7740=DIRECTION('',(0.,0.,1.));
#7741=DIRECTION('',(0.245599354379008,-0.937742989447124,-0.245599354379009));
#7742=DIRECTION('',(0.967372223380245,0.253359391837683,0.));
#7743=DIRECTION('',(0.,0.,-1.));
#7744=DIRECTION('',(0.,0.253359391837683,-0.967372223380245));
#7745=DIRECTION('',(-1.,0.,0.));
#7746=DIRECTION('',(0.,0.,1.));
#7747=DIRECTION('',(-1.,0.,0.));
#7748=DIRECTION('',(0.,0.,-1.));
#7749=DIRECTION('',(1.,0.,0.));
#7750=DIRECTION('',(0.,1.,0.));
#7751=DIRECTION('',(0.,0.,1.));
#7752=DIRECTION('',(0.,-1.,0.));
#7753=DIRECTION('',(0.,0.,-1.));
#7754=DIRECTION('',(0.,1.,-7.04027384730847E-17));
#7755=DIRECTION('',(1.,0.,0.));
#7756=DIRECTION('',(0.,0.,-1.));
#7757=DIRECTION('',(0.,1.,-7.04027384730847E-17));
#7758=DIRECTION('',(0.,0.,1.));
#7759=DIRECTION('',(0.,-1.,0.));
#7760=DIRECTION('',(1.,0.,0.));
#7761=DIRECTION('',(0.,0.,-1.));
#7762=DIRECTION('',(1.,0.,0.));
#7763=DIRECTION('',(0.,0.,-1.));
#7764=DIRECTION('',(-1.,0.,0.));
#7765=DIRECTION('',(-1.,0.,0.));
#7766=DIRECTION('',(0.,7.04027384730847E-17,1.));
#7767=DIRECTION('',(0.,-1.,7.04731412115578E-17));
#7768=DIRECTION('',(0.,0.,-1.));
#7769=DIRECTION('',(0.,1.,0.));
#7770=DIRECTION('',(0.,-2.90573446562279E-16,1.));
#7771=DIRECTION('',(1.,0.,0.));
#7772=DIRECTION('',(0.,0.,-1.));
#7773=DIRECTION('',(0.,-2.90573446562279E-16,1.));
#7774=DIRECTION('',(0.,-1.,0.));
#7775=DIRECTION('',(0.,0.,-1.));
#7776=DIRECTION('',(1.,0.,0.));
#7777=DIRECTION('',(0.,0.,-1.));
#7778=DIRECTION('',(1.,0.,0.));
#7779=DIRECTION('',(0.,1.,0.));
#7780=DIRECTION('',(0.,0.,1.));
#7781=DIRECTION('',(0.,-1.,0.));
#7782=DIRECTION('',(-1.,0.,0.));
#7783=DIRECTION('',(0.,1.,0.));
#7784=DIRECTION('',(1.,0.,0.));
#7785=DIRECTION('',(0.,0.,1.));
#7786=DIRECTION('',(1.,0.,0.));
#7787=DIRECTION('',(-1.,0.,0.));
#7788=DIRECTION('',(0.,-1.,-2.90573446562279E-16));
#7789=DIRECTION('',(0.,2.91433543964104E-16,-1.));
#7790=DIRECTION('',(0.245599354379008,-0.245599354379008,-0.937742989447124));
#7791=DIRECTION('',(0.245599354379008,0.245599354379008,0.937742989447124));
#7792=DIRECTION('',(0.,-0.967372223380245,0.253359391837683));
#7793=DIRECTION('',(-1.,0.,0.));
#7794=DIRECTION('',(0.245599354379008,-0.245599354379008,0.937742989447124));
#7795=DIRECTION('',(0.967372223380245,0.,-0.253359391837683));
#7796=DIRECTION('',(0.,-1.,0.));
#7797=DIRECTION('',(0.245599354379008,0.245599354379008,-0.937742989447124));
#7798=DIRECTION('',(0.967372223380245,0.,0.253359391837683));
#7799=DIRECTION('',(0.,1.,0.));
#7800=DIRECTION('',(0.,0.967372223380246,0.253359391837683));
#7801=DIRECTION('',(-1.,0.,0.));
#7802=DIRECTION('',(0.245599354379008,-0.937742989447124,0.245599354379009));
#7803=DIRECTION('',(0.245599354379008,0.937742989447124,-0.245599354379009));
#7804=DIRECTION('',(0.,0.253359391837683,0.967372223380245));
#7805=DIRECTION('',(-1.,0.,0.));
#7806=DIRECTION('',(0.245599354379008,0.937742989447124,0.245599354379009));
#7807=DIRECTION('',(0.967372223380245,-0.253359391837683,0.));
#7808=DIRECTION('',(0.,0.,1.));
#7809=DIRECTION('',(0.245599354379008,-0.937742989447124,-0.245599354379009));
#7810=DIRECTION('',(0.967372223380245,0.253359391837683,0.));
#7811=DIRECTION('',(0.,0.,-1.));
#7812=DIRECTION('',(0.,0.253359391837683,-0.967372223380245));
#7813=DIRECTION('',(-1.,0.,0.));
#7814=DIRECTION('',(0.,0.,1.));
#7815=DIRECTION('',(-1.,0.,0.));
#7816=DIRECTION('',(0.,0.,-1.));
#7817=DIRECTION('',(1.,0.,0.));
#7818=DIRECTION('',(0.,1.,0.));
#7819=DIRECTION('',(0.,0.,1.));
#7820=DIRECTION('',(0.,-1.,0.));
#7821=DIRECTION('',(0.,0.,-1.));
#7822=DIRECTION('',(0.,1.,-7.04027384730847E-17));
#7823=DIRECTION('',(1.,0.,0.));
#7824=DIRECTION('',(0.,0.,-1.));
#7825=DIRECTION('',(0.,1.,-7.04027384730847E-17));
#7826=DIRECTION('',(0.,0.,1.));
#7827=DIRECTION('',(0.,-1.,0.));
#7828=DIRECTION('',(1.,0.,0.));
#7829=DIRECTION('',(0.,0.,-1.));
#7830=DIRECTION('',(1.,0.,0.));
#7831=DIRECTION('',(0.,0.,-1.));
#7832=DIRECTION('',(-1.,0.,0.));
#7833=DIRECTION('',(-1.,0.,0.));
#7834=DIRECTION('',(0.,7.04027384730847E-17,1.));
#7835=DIRECTION('',(0.,-1.,7.04731412115578E-17));
#7836=DIRECTION('',(0.,0.,-1.));
#7837=DIRECTION('',(0.,1.,0.));
#7838=DIRECTION('',(0.,-2.90573446562279E-16,1.));
#7839=DIRECTION('',(1.,0.,0.));
#7840=DIRECTION('',(0.,0.,-1.));
#7841=DIRECTION('',(0.,-2.90573446562279E-16,1.));
#7842=DIRECTION('',(0.,-1.,0.));
#7843=DIRECTION('',(0.,0.,-1.));
#7844=DIRECTION('',(1.,0.,0.));
#7845=DIRECTION('',(0.,0.,-1.));
#7846=DIRECTION('',(1.,0.,0.));
#7847=DIRECTION('',(0.,1.,0.));
#7848=DIRECTION('',(0.,0.,1.));
#7849=DIRECTION('',(0.,-1.,0.));
#7850=DIRECTION('',(-1.,0.,0.));
#7851=DIRECTION('',(0.,1.,0.));
#7852=DIRECTION('',(1.,0.,0.));
#7853=DIRECTION('',(0.,0.,1.));
#7854=DIRECTION('',(1.,0.,0.));
#7855=DIRECTION('',(-1.,0.,0.));
#7856=DIRECTION('',(0.,-1.,-2.90573446562279E-16));
#7857=DIRECTION('',(0.,2.91433543964104E-16,-1.));
#7858=DIRECTION('',(0.24559935437901,-0.245599354379008,-0.937742989447123));
#7859=DIRECTION('',(0.24559935437901,0.245599354379008,0.937742989447123));
#7860=DIRECTION('',(0.,-0.967372223380245,0.253359391837683));
#7861=DIRECTION('',(-1.,0.,0.));
#7862=DIRECTION('',(0.24559935437901,-0.245599354379008,0.937742989447123));
#7863=DIRECTION('',(0.967372223380245,0.,-0.253359391837685));
#7864=DIRECTION('',(0.,-1.,0.));
#7865=DIRECTION('',(0.24559935437901,0.245599354379008,-0.937742989447123));
#7866=DIRECTION('',(0.967372223380245,0.,0.253359391837685));
#7867=DIRECTION('',(0.,1.,0.));
#7868=DIRECTION('',(0.,0.967372223380246,0.253359391837683));
#7869=DIRECTION('',(-1.,0.,0.));
#7870=DIRECTION('',(0.24559935437901,-0.937742989447123,0.245599354379008));
#7871=DIRECTION('',(0.24559935437901,0.937742989447123,-0.245599354379008));
#7872=DIRECTION('',(0.,0.253359391837683,0.967372223380245));
#7873=DIRECTION('',(-1.,0.,0.));
#7874=DIRECTION('',(0.24559935437901,0.937742989447123,0.245599354379008));
#7875=DIRECTION('',(0.967372223380245,-0.253359391837685,0.));
#7876=DIRECTION('',(0.,0.,1.));
#7877=DIRECTION('',(0.24559935437901,-0.937742989447123,-0.245599354379008));
#7878=DIRECTION('',(0.967372223380245,0.253359391837685,0.));
#7879=DIRECTION('',(0.,0.,-1.));
#7880=DIRECTION('',(0.,0.253359391837683,-0.967372223380245));
#7881=DIRECTION('',(-1.,0.,0.));
#7882=DIRECTION('',(0.,0.,1.));
#7883=DIRECTION('',(-1.08420217248551E-16,0.,-1.));
#7884=DIRECTION('',(-0.999999999999998,0.,0.));
#7885=DIRECTION('',(0.,0.,1.));
#7886=DIRECTION('',(0.,0.,1.));
#7887=DIRECTION('',(1.,0.,0.));
#7888=DIRECTION('',(1.,0.,0.));
#7889=DIRECTION('',(0.,0.,1.));
#7890=DIRECTION('',(-1.,0.,0.));
#7891=DIRECTION('',(0.,-1.,0.));
#7892=DIRECTION('',(0.,0.,-1.));
#7893=DIRECTION('',(1.,0.,0.));
#7894=DIRECTION('',(0.,0.,1.));
#7895=DIRECTION('',(-1.,0.,0.));
#7896=DIRECTION('',(1.21052813930718E-15,1.,0.));
#7897=DIRECTION('',(-1.,1.21040330536282E-15,0.));
#7898=DIRECTION('',(0.,0.,1.));
#7899=DIRECTION('',(1.,0.,0.));
#7900=DIRECTION('',(0.,0.,1.));
#7901=DIRECTION('',(0.,-1.,0.));
#7902=DIRECTION('',(0.,0.,-1.));
#7903=DIRECTION('',(0.,0.,1.));
#7904=DIRECTION('',(0.,0.,-1.));
#7905=DIRECTION('',(0.999999999999998,0.,0.));
#7906=DIRECTION('',(0.,0.,1.));
#7907=DIRECTION('',(0.999999999999998,0.,0.));
#7908=DIRECTION('',(0.,0.,1.));
#7909=DIRECTION('',(-1.,0.,0.));
#7910=DIRECTION('',(0.,1.,0.));
#7911=DIRECTION('',(0.,0.,1.));
#7912=DIRECTION('',(0.,0.,1.));
#7913=DIRECTION('',(-1.,0.,0.));
#7914=DIRECTION('',(0.,0.,-1.));
#7915=DIRECTION('',(-1.,0.,0.));
#7916=DIRECTION('',(0.,0.,1.));
#7917=DIRECTION('',(1.,0.,0.));
#7918=DIRECTION('',(0.,0.,1.));
#7919=DIRECTION('',(1.,0.,0.));
#7920=DIRECTION('',(0.,0.,-1.));
#7921=DIRECTION('',(1.,0.,0.));
#7922=DIRECTION('',(0.,0.,1.));
#7923=DIRECTION('',(1.,0.,0.));
#7924=DIRECTION('',(0.,0.,-1.));
#7925=DIRECTION('',(-1.,0.,0.));
#7926=DIRECTION('',(-1.08420217248551E-16,0.,-1.));
#7927=DIRECTION('',(-1.,0.,0.));
#7928=DIRECTION('',(0.,0.,1.));
#7929=DIRECTION('',(-1.,0.,-3.99824040340524E-18));
#7930=DIRECTION('',(1.,-6.25964416140485E-17,-1.08420217248551E-16));
#7931=DIRECTION('',(0.,0.866025403784439,-0.5));
#7932=DIRECTION('',(0.,0.5,0.866025403784439));
#7933=DIRECTION('',(-1.,-2.03433043317807E-15,1.08420217248551E-16));
#7934=DIRECTION('',(1.70757172619974E-15,-0.866025403784439,-0.5));
#7935=DIRECTION('',(0.,0.5,-0.866025403784439));
#7936=DIRECTION('',(-1.08420217248551E-16,0.,-1.));
#7937=DIRECTION('',(-1.,0.,1.0842021724855E-16));
#7938=CARTESIAN_POINT('',(0.,0.,0.));
#7939=CARTESIAN_POINT('',(14.85,4.11961524227067,-3.51));
#7940=CARTESIAN_POINT('',(14.85,4.29282032302755,-3.81));
#7941=CARTESIAN_POINT('',(14.85,3.6,-2.61));
#7942=CARTESIAN_POINT('',(14.85,3.6,-2.26));
#7943=CARTESIAN_POINT('',(14.85,3.6,-0.510000000000003));
#7944=CARTESIAN_POINT('',(14.85,8.06,-0.510000000000003));
#7945=CARTESIAN_POINT('',(14.85,1.6,-0.510000000000003));
#7946=CARTESIAN_POINT('',(14.85,1.6,7.7715611723761E-16));
#7947=CARTESIAN_POINT('',(14.85,1.6,7.7715611723761E-16));
#7948=CARTESIAN_POINT('',(14.85,8.06,7.7715611723761E-16));
#7949=CARTESIAN_POINT('',(14.85,8.06,1.21393113965481E-15));
#7950=CARTESIAN_POINT('',(14.85,8.06,7.7715611723761E-16));
#7951=CARTESIAN_POINT('',(14.85,8.06,-0.510000000000003));
#7952=CARTESIAN_POINT('',(14.85,8.06,-0.510000000000003));
#7953=CARTESIAN_POINT('',(14.85,5.6,-0.510000000000003));
#7954=CARTESIAN_POINT('',(14.85,5.6,-2.26));
#7955=CARTESIAN_POINT('',(14.85,5.6,-2.61));
#7956=CARTESIAN_POINT('',(14.85,5.6,-2.61));
#7957=CARTESIAN_POINT('',(14.85,4.90717967697245,-3.81));
#7958=CARTESIAN_POINT('',(14.85,3.6,-3.81));
#7959=CARTESIAN_POINT('',(14.85,3.6,-3.81));
#7960=CARTESIAN_POINT('',(15.5039,5.6,-2.61));
#7961=CARTESIAN_POINT('',(15.7297958971133,5.6,-2.61));
#7962=CARTESIAN_POINT('',(15.2893724619771,4.90717967697245,-3.81));
#7963=CARTESIAN_POINT('',(15.3306773777652,4.96415850140229,-3.71130978113196));
#7964=CARTESIAN_POINT('',(15.3699539931764,5.02147359812025,-3.61203712157573));
#7965=CARTESIAN_POINT('',(15.4462443675438,5.13647895093912,-3.41284200735108));
#7966=CARTESIAN_POINT('',(15.4832276440714,5.19417426072737,-3.3129107994394));
#7967=CARTESIAN_POINT('',(15.5919765298012,5.36762508497357,-3.01248515923028));
#7968=CARTESIAN_POINT('',(15.6615833088869,5.48371157572111,-2.81141745918316));
#7969=CARTESIAN_POINT('',(15.7297958971133,5.6,-2.61));
#7970=CARTESIAN_POINT('',(15.2893724619771,4.90717967697245,-3.81));
#7971=CARTESIAN_POINT('',(15.5039,4.90717967697245,-3.81));
#7972=CARTESIAN_POINT('',(15.5039,5.6,-2.61));
#7973=CARTESIAN_POINT('',(14.75,4.6,-2.61));
#7974=CARTESIAN_POINT('',(15.7297958971133,3.6,-2.61));
#7975=CARTESIAN_POINT('',(15.2893724619771,4.29282032302755,-3.81));
#7976=CARTESIAN_POINT('',(15.3306773777652,4.23584149859771,-3.71130978113196));
#7977=CARTESIAN_POINT('',(15.3699539931764,4.17852640187975,-3.61203712157573));
#7978=CARTESIAN_POINT('',(15.4462443675438,4.06352104906089,-3.41284200735108));
#7979=CARTESIAN_POINT('',(15.4832276440714,4.00582573927263,-3.3129107994394));
#7980=CARTESIAN_POINT('',(15.5919765298012,3.83237491502643,-3.01248515923028));
#7981=CARTESIAN_POINT('',(15.6615833088869,3.71628842427889,-2.81141745918316));
#7982=CARTESIAN_POINT('',(15.7297958971133,3.6,-2.61));
#7983=CARTESIAN_POINT('',(15.2893724619771,4.29282032302755,-3.81));
#7984=CARTESIAN_POINT('',(14.75,4.6,-3.81));
#7985=CARTESIAN_POINT('',(14.75,4.6,-2.61));
#7986=CARTESIAN_POINT('',(15.5039,3.6,-2.61));
#7987=CARTESIAN_POINT('',(15.5039,4.29282032302755,-3.81));
#7988=CARTESIAN_POINT('',(15.5039,3.6,-2.61));
#7989=CARTESIAN_POINT('',(14.75,4.6,-3.81));
#7990=CARTESIAN_POINT('',(15.2082575694956,3.6,-0.509999999999999));
#7991=CARTESIAN_POINT('',(15.2082575694956,3.6,-0.509999999999999));
#7992=CARTESIAN_POINT('',(14.75,4.6,-0.509999999999999));
#7993=CARTESIAN_POINT('',(15.85,4.6,-0.509999999999999));
#7994=CARTESIAN_POINT('',(15.85,8.06,-0.510000000000004));
#7995=CARTESIAN_POINT('',(15.85,1.6,-0.510000000000004));
#7996=CARTESIAN_POINT('',(14.85,1.6,-0.510000000000003));
#7997=CARTESIAN_POINT('',(14.85,8.06,-0.510000000000003));
#7998=CARTESIAN_POINT('',(-14.85,3.60000000000001,-0.509999999999999));
#7999=CARTESIAN_POINT('',(-14.85,3.60000000000001,-0.510000000000003));
#8000=CARTESIAN_POINT('',(-15.2082575694956,3.6,-0.509999999999997));
#8001=CARTESIAN_POINT('',(-14.85,8.06,-0.510000000000003));
#8002=CARTESIAN_POINT('',(-14.85,1.6,-0.510000000000003));
#8003=CARTESIAN_POINT('',(-15.85,1.6,-0.510000000000004));
#8004=CARTESIAN_POINT('',(-15.85,1.6,-0.510000000000004));
#8005=CARTESIAN_POINT('',(-15.85,8.06,-0.510000000000004));
#8006=CARTESIAN_POINT('',(-15.85,4.6,-0.509999999999997));
#8007=CARTESIAN_POINT('',(-14.75,4.6,-0.509999999999997));
#8008=CARTESIAN_POINT('',(-15.85,8.06,-0.510000000000004));
#8009=CARTESIAN_POINT('',(-16.18,9.9,1.21393113965481E-15));
#8010=CARTESIAN_POINT('',(-16.18,9.2,1.30104260698261E-15));
#8011=CARTESIAN_POINT('',(-16.18,8.56,1.30104260698261E-15));
#8012=CARTESIAN_POINT('',(-19.825,9.2,1.21393113965481E-15));
#8013=CARTESIAN_POINT('',(-16.82,9.2,1.30104260698261E-15));
#8014=CARTESIAN_POINT('',(-16.82,9.9,1.21393113965481E-15));
#8015=CARTESIAN_POINT('',(-16.82,8.56,1.21393113965481E-15));
#8016=CARTESIAN_POINT('',(-19.825,8.56,1.21393113965481E-15));
#8017=CARTESIAN_POINT('',(-13.18,9.9,1.21393113965481E-15));
#8018=CARTESIAN_POINT('',(-13.18,9.2,1.30104260698261E-15));
#8019=CARTESIAN_POINT('',(-13.18,8.56,1.30104260698261E-15));
#8020=CARTESIAN_POINT('',(-19.825,9.2,1.21393113965481E-15));
#8021=CARTESIAN_POINT('',(-13.82,9.2,1.30104260698261E-15));
#8022=CARTESIAN_POINT('',(-13.82,9.9,1.21393113965481E-15));
#8023=CARTESIAN_POINT('',(-13.82,8.56,1.21393113965481E-15));
#8024=CARTESIAN_POINT('',(-19.825,8.56,1.21393113965481E-15));
#8025=CARTESIAN_POINT('',(-10.18,9.9,1.21393113965481E-15));
#8026=CARTESIAN_POINT('',(-10.18,9.2,1.30104260698261E-15));
#8027=CARTESIAN_POINT('',(-10.18,8.56,1.30104260698261E-15));
#8028=CARTESIAN_POINT('',(-19.825,9.2,1.21393113965481E-15));
#8029=CARTESIAN_POINT('',(-10.82,9.2,1.30104260698261E-15));
#8030=CARTESIAN_POINT('',(-10.82,9.9,1.21393113965481E-15));
#8031=CARTESIAN_POINT('',(-10.82,8.56,1.21393113965481E-15));
#8032=CARTESIAN_POINT('',(-19.825,8.56,1.21393113965481E-15));
#8033=CARTESIAN_POINT('',(-7.18,9.9,1.21393113965481E-15));
#8034=CARTESIAN_POINT('',(-7.18,9.2,1.30104260698261E-15));
#8035=CARTESIAN_POINT('',(-7.18,8.56,1.30104260698261E-15));
#8036=CARTESIAN_POINT('',(-19.825,9.2,1.21393113965481E-15));
#8037=CARTESIAN_POINT('',(-7.82,9.2,1.30104260698261E-15));
#8038=CARTESIAN_POINT('',(-7.82,9.9,1.21393113965481E-15));
#8039=CARTESIAN_POINT('',(-7.82,8.56,1.21393113965481E-15));
#8040=CARTESIAN_POINT('',(-19.825,8.56,1.21393113965481E-15));
#8041=CARTESIAN_POINT('',(-4.18,9.9,1.21393113965481E-15));
#8042=CARTESIAN_POINT('',(-4.18,9.2,1.30104260698261E-15));
#8043=CARTESIAN_POINT('',(-4.18,8.56,1.30104260698261E-15));
#8044=CARTESIAN_POINT('',(-19.825,9.2,1.21393113965481E-15));
#8045=CARTESIAN_POINT('',(-4.82,9.2,1.30104260698261E-15));
#8046=CARTESIAN_POINT('',(-4.82,9.9,1.21393113965481E-15));
#8047=CARTESIAN_POINT('',(-4.82,8.56,1.21393113965481E-15));
#8048=CARTESIAN_POINT('',(-19.825,8.56,1.21393113965481E-15));
#8049=CARTESIAN_POINT('',(-1.18,9.9,1.21393113965481E-15));
#8050=CARTESIAN_POINT('',(-1.18,9.2,1.30104260698261E-15));
#8051=CARTESIAN_POINT('',(-1.18,8.56,1.30104260698261E-15));
#8052=CARTESIAN_POINT('',(-19.825,9.2,1.21393113965481E-15));
#8053=CARTESIAN_POINT('',(-1.82,9.2,1.30104260698261E-15));
#8054=CARTESIAN_POINT('',(-1.82,9.9,1.21393113965481E-15));
#8055=CARTESIAN_POINT('',(-1.82,8.56,1.21393113965481E-15));
#8056=CARTESIAN_POINT('',(-19.825,8.56,1.21393113965481E-15));
#8057=CARTESIAN_POINT('',(1.82,9.9,1.21393113965481E-15));
#8058=CARTESIAN_POINT('',(1.82,9.2,1.30104260698261E-15));
#8059=CARTESIAN_POINT('',(1.82,8.56,1.30104260698261E-15));
#8060=CARTESIAN_POINT('',(-19.825,9.2,1.21393113965481E-15));
#8061=CARTESIAN_POINT('',(1.18,9.2,1.30104260698261E-15));
#8062=CARTESIAN_POINT('',(1.18,9.9,1.21393113965481E-15));
#8063=CARTESIAN_POINT('',(1.18,8.56,1.21393113965481E-15));
#8064=CARTESIAN_POINT('',(-19.825,8.56,1.21393113965481E-15));
#8065=CARTESIAN_POINT('',(4.82,9.9,1.21393113965481E-15));
#8066=CARTESIAN_POINT('',(4.82,9.2,1.30104260698261E-15));
#8067=CARTESIAN_POINT('',(4.82,8.56,1.30104260698261E-15));
#8068=CARTESIAN_POINT('',(-19.825,9.2,1.21393113965481E-15));
#8069=CARTESIAN_POINT('',(4.18,9.2,1.30104260698261E-15));
#8070=CARTESIAN_POINT('',(4.18,9.9,1.21393113965481E-15));
#8071=CARTESIAN_POINT('',(4.18,8.56,1.21393113965481E-15));
#8072=CARTESIAN_POINT('',(-19.825,8.56,1.21393113965481E-15));
#8073=CARTESIAN_POINT('',(7.82,9.9,1.21393113965481E-15));
#8074=CARTESIAN_POINT('',(7.82,9.2,1.30104260698261E-15));
#8075=CARTESIAN_POINT('',(7.82,8.56,1.30104260698261E-15));
#8076=CARTESIAN_POINT('',(-19.825,9.2,1.21393113965481E-15));
#8077=CARTESIAN_POINT('',(7.18,9.2,1.30104260698261E-15));
#8078=CARTESIAN_POINT('',(7.18,9.9,1.21393113965481E-15));
#8079=CARTESIAN_POINT('',(7.18,8.56,1.21393113965481E-15));
#8080=CARTESIAN_POINT('',(-19.825,8.56,1.21393113965481E-15));
#8081=CARTESIAN_POINT('',(10.82,9.9,1.21393113965481E-15));
#8082=CARTESIAN_POINT('',(10.82,9.2,1.30104260698261E-15));
#8083=CARTESIAN_POINT('',(10.82,8.56,1.30104260698261E-15));
#8084=CARTESIAN_POINT('',(-19.825,9.2,1.21393113965481E-15));
#8085=CARTESIAN_POINT('',(10.18,9.2,1.30104260698261E-15));
#8086=CARTESIAN_POINT('',(10.18,9.9,1.21393113965481E-15));
#8087=CARTESIAN_POINT('',(10.18,8.56,1.21393113965481E-15));
#8088=CARTESIAN_POINT('',(-19.825,8.56,1.21393113965481E-15));
#8089=CARTESIAN_POINT('',(13.82,9.9,1.21393113965481E-15));
#8090=CARTESIAN_POINT('',(13.82,9.2,1.30104260698261E-15));
#8091=CARTESIAN_POINT('',(13.82,8.56,1.30104260698261E-15));
#8092=CARTESIAN_POINT('',(-19.825,9.2,1.21393113965481E-15));
#8093=CARTESIAN_POINT('',(13.18,9.2,1.30104260698261E-15));
#8094=CARTESIAN_POINT('',(13.18,9.9,1.21393113965481E-15));
#8095=CARTESIAN_POINT('',(13.18,8.56,1.21393113965481E-15));
#8096=CARTESIAN_POINT('',(-19.825,8.56,1.21393113965481E-15));
#8097=CARTESIAN_POINT('',(16.82,9.9,1.21393113965481E-15));
#8098=CARTESIAN_POINT('',(16.82,9.2,1.30104260698261E-15));
#8099=CARTESIAN_POINT('',(16.82,8.56,1.30104260698261E-15));
#8100=CARTESIAN_POINT('',(-19.825,9.2,1.21393113965481E-15));
#8101=CARTESIAN_POINT('',(16.18,9.2,1.30104260698261E-15));
#8102=CARTESIAN_POINT('',(16.18,9.9,1.21393113965481E-15));
#8103=CARTESIAN_POINT('',(16.18,8.56,1.21393113965481E-15));
#8104=CARTESIAN_POINT('',(-19.825,8.56,1.21393113965481E-15));
#8105=CARTESIAN_POINT('',(15.85,8.06,6.27212504056698E-16));
#8106=CARTESIAN_POINT('',(15.85,8.06,1.21393113965481E-15));
#8107=CARTESIAN_POINT('',(15.85,1.6,6.27212504056698E-16));
#8108=CARTESIAN_POINT('',(15.85,1.6,1.21393113965481E-15));
#8109=CARTESIAN_POINT('',(15.85,8.06,6.50521303491303E-16));
#8110=CARTESIAN_POINT('',(-14.85,8.06,7.26792429066994E-16));
#8111=CARTESIAN_POINT('',(-15.85,8.06,1.21393113965481E-15));
#8112=CARTESIAN_POINT('',(-14.85,8.06,1.21393113965481E-15));
#8113=CARTESIAN_POINT('',(-15.85,8.06,6.66133814775094E-16));
#8114=CARTESIAN_POINT('',(-15.85,1.6,6.66133814775094E-16));
#8115=CARTESIAN_POINT('',(-14.85,1.6,7.26792429066994E-16));
#8116=CARTESIAN_POINT('',(-14.85,1.6,1.21393113965481E-15));
#8117=CARTESIAN_POINT('',(-14.85,8.06,7.58941520739853E-16));
#8118=CARTESIAN_POINT('',(18.89,9.6,0.));
#8119=CARTESIAN_POINT('',(18.89,8.05,0.));
#8120=CARTESIAN_POINT('',(18.89,9.6,0.));
#8121=CARTESIAN_POINT('',(18.89,9.9,1.21393113965481E-15));
#8122=CARTESIAN_POINT('',(18.89,0.5541654205563,0.));
#8123=CARTESIAN_POINT('',(19.825,1.66845502963189,0.));
#8124=CARTESIAN_POINT('',(18.425,0.,0.));
#8125=CARTESIAN_POINT('',(-19.825,0.,1.21393113965481E-15));
#8126=CARTESIAN_POINT('',(-18.425,0.,1.21393113965481E-15));
#8127=CARTESIAN_POINT('',(-18.425,0.,0.));
#8128=CARTESIAN_POINT('',(-18.89,0.554165420556308,0.));
#8129=CARTESIAN_POINT('',(-18.89,9.9,1.21393113965481E-15));
#8130=CARTESIAN_POINT('',(-18.89,8.05,0.));
#8131=CARTESIAN_POINT('',(-18.89,9.6,0.));
#8132=CARTESIAN_POINT('',(-18.89,9.6,1.21393113965481E-15));
#8133=CARTESIAN_POINT('',(-19.19,9.9,0.));
#8134=CARTESIAN_POINT('',(-19.19,9.9,1.21393113965481E-15));
#8135=CARTESIAN_POINT('',(-19.825,9.9,1.21393113965481E-15));
#8136=CARTESIAN_POINT('',(19.19,9.9,0.));
#8137=CARTESIAN_POINT('',(19.19,9.9,0.));
#8138=CARTESIAN_POINT('',(-19.825,9.9,1.21393113965481E-15));
#8139=CARTESIAN_POINT('',(-19.825,1.66845502963189,38.214));
#8140=CARTESIAN_POINT('',(-19.825,1.66845502963189,3.85999999999999));
#8141=CARTESIAN_POINT('',(-19.825,1.66845502963189,3.22));
#8142=CARTESIAN_POINT('',(-19.825,1.66845502963189,3.22));
#8143=CARTESIAN_POINT('',(-18.425,-3.85185988877447E-31,3.22));
#8144=CARTESIAN_POINT('',(-18.425,-3.85185988877447E-31,38.214));
#8145=CARTESIAN_POINT('',(-18.425,-3.85185988877447E-31,3.85999999999999));
#8146=CARTESIAN_POINT('',(-18.425,-5.73571470437495E-15,3.85999999999999));
#8147=CARTESIAN_POINT('',(-18.425,0.,38.214));
#8148=CARTESIAN_POINT('',(18.425,0.,38.214));
#8149=CARTESIAN_POINT('',(18.425,0.,3.86));
#8150=CARTESIAN_POINT('',(18.425,0.,3.22));
#8151=CARTESIAN_POINT('',(18.425,0.,3.22));
#8152=CARTESIAN_POINT('',(19.825,1.66845502963189,3.22));
#8153=CARTESIAN_POINT('',(19.825,1.66845502963189,38.214));
#8154=CARTESIAN_POINT('',(19.825,1.66845502963189,3.86));
#8155=CARTESIAN_POINT('',(19.825,1.6684550296319,3.86));
#8156=CARTESIAN_POINT('',(19.825,1.66845502963189,38.214));
#8157=CARTESIAN_POINT('',(19.825,1.66845502963189,38.214));
#8158=CARTESIAN_POINT('',(19.825,1.66845502963189,1.15));
#8159=CARTESIAN_POINT('',(19.825,1.66845502963189,0.510000000000004));
#8160=CARTESIAN_POINT('',(19.825,9.9,0.510000000000001));
#8161=CARTESIAN_POINT('',(19.825,8.05,0.510000000000001));
#8162=CARTESIAN_POINT('',(19.825,8.05,-0.51));
#8163=CARTESIAN_POINT('',(19.825,8.05,-0.51));
#8164=CARTESIAN_POINT('',(19.825,8.05,-0.51));
#8165=CARTESIAN_POINT('',(19.825,9.9,-0.51));
#8166=CARTESIAN_POINT('',(19.825,9.9,1.33226762955019E-15));
#8167=CARTESIAN_POINT('',(19.825,9.9,3.86));
#8168=CARTESIAN_POINT('',(19.825,9.9,3.86));
#8169=CARTESIAN_POINT('',(19.825,1.66845502963189,3.22));
#8170=CARTESIAN_POINT('',(19.825,9.9,1.33226762955019E-15));
#8171=CARTESIAN_POINT('',(-17.77,0.,3.20000000000001));
#8172=CARTESIAN_POINT('',(-17.77,0.,3.20000000000001));
#8173=CARTESIAN_POINT('',(-17.77,0.,0.659999999999994));
#8174=CARTESIAN_POINT('',(-15.23,0.,3.20000000000001));
#8175=CARTESIAN_POINT('',(-15.23,0.,3.20000000000001));
#8176=CARTESIAN_POINT('',(-15.23,0.,1.31));
#8177=CARTESIAN_POINT('',(-15.23,0.,1.31));
#8178=CARTESIAN_POINT('',(-15.88,0.,0.659999999999994));
#8179=CARTESIAN_POINT('',(-15.88,0.,0.659999999999994));
#8180=CARTESIAN_POINT('',(-17.77,0.,0.659999999999994));
#8181=CARTESIAN_POINT('',(-14.77,0.,3.20000000000001));
#8182=CARTESIAN_POINT('',(-14.77,0.,3.20000000000001));
#8183=CARTESIAN_POINT('',(-14.77,0.,0.659999999999994));
#8184=CARTESIAN_POINT('',(-12.23,0.,3.20000000000001));
#8185=CARTESIAN_POINT('',(-12.23,0.,3.20000000000001));
#8186=CARTESIAN_POINT('',(-12.23,0.,1.31));
#8187=CARTESIAN_POINT('',(-12.23,0.,1.31));
#8188=CARTESIAN_POINT('',(-12.88,0.,0.659999999999994));
#8189=CARTESIAN_POINT('',(-12.88,0.,0.659999999999994));
#8190=CARTESIAN_POINT('',(-14.77,0.,0.659999999999994));
#8191=CARTESIAN_POINT('',(-11.77,0.,3.20000000000001));
#8192=CARTESIAN_POINT('',(-11.77,0.,3.20000000000001));
#8193=CARTESIAN_POINT('',(-11.77,0.,0.659999999999994));
#8194=CARTESIAN_POINT('',(-9.22999999999999,0.,3.20000000000001));
#8195=CARTESIAN_POINT('',(-9.22999999999999,0.,3.20000000000001));
#8196=CARTESIAN_POINT('',(-9.22999999999999,0.,0.659999999999994));
#8197=CARTESIAN_POINT('',(-9.22999999999999,0.,0.659999999999994));
#8198=CARTESIAN_POINT('',(-11.77,0.,0.659999999999994));
#8199=CARTESIAN_POINT('',(-8.77,0.,3.20000000000001));
#8200=CARTESIAN_POINT('',(-8.77,0.,3.20000000000001));
#8201=CARTESIAN_POINT('',(-8.77,0.,0.659999999999994));
#8202=CARTESIAN_POINT('',(-6.22999999999999,0.,3.20000000000001));
#8203=CARTESIAN_POINT('',(-6.22999999999999,0.,3.20000000000001));
#8204=CARTESIAN_POINT('',(-6.22999999999999,0.,1.31));
#8205=CARTESIAN_POINT('',(-6.22999999999999,0.,1.31));
#8206=CARTESIAN_POINT('',(-6.88,0.,0.659999999999994));
#8207=CARTESIAN_POINT('',(-6.88,0.,0.659999999999994));
#8208=CARTESIAN_POINT('',(-8.77,0.,0.659999999999994));
#8209=CARTESIAN_POINT('',(-5.77000000000001,0.,3.20000000000001));
#8210=CARTESIAN_POINT('',(-5.77000000000001,0.,3.20000000000001));
#8211=CARTESIAN_POINT('',(-5.77000000000001,0.,1.31));
#8212=CARTESIAN_POINT('',(-3.22999999999999,0.,3.20000000000001));
#8213=CARTESIAN_POINT('',(-3.22999999999999,0.,3.20000000000001));
#8214=CARTESIAN_POINT('',(-3.22999999999999,0.,0.659999999999994));
#8215=CARTESIAN_POINT('',(-3.22999999999999,0.,0.659999999999994));
#8216=CARTESIAN_POINT('',(-5.12,0.,0.659999999999991));
#8217=CARTESIAN_POINT('',(-5.12,0.,0.659999999999991));
#8218=CARTESIAN_POINT('',(-5.77000000000001,0.,1.31));
#8219=CARTESIAN_POINT('',(-2.77000000000001,0.,3.20000000000001));
#8220=CARTESIAN_POINT('',(-2.77000000000001,0.,3.20000000000001));
#8221=CARTESIAN_POINT('',(-2.77000000000001,0.,1.31));
#8222=CARTESIAN_POINT('',(-0.229999999999994,0.,3.20000000000001));
#8223=CARTESIAN_POINT('',(-0.229999999999994,0.,3.20000000000001));
#8224=CARTESIAN_POINT('',(-0.229999999999994,0.,0.659999999999994));
#8225=CARTESIAN_POINT('',(-0.229999999999994,0.,0.659999999999994));
#8226=CARTESIAN_POINT('',(-2.12,0.,0.659999999999991));
#8227=CARTESIAN_POINT('',(-2.12,0.,0.659999999999991));
#8228=CARTESIAN_POINT('',(-2.77000000000001,0.,1.31));
#8229=CARTESIAN_POINT('',(0.229999999999995,0.,3.20000000000001));
#8230=CARTESIAN_POINT('',(0.229999999999995,0.,3.20000000000001));
#8231=CARTESIAN_POINT('',(0.229999999999995,0.,0.659999999999994));
#8232=CARTESIAN_POINT('',(2.77000000000001,0.,3.20000000000001));
#8233=CARTESIAN_POINT('',(2.77000000000001,0.,3.20000000000001));
#8234=CARTESIAN_POINT('',(2.77000000000001,0.,1.31));
#8235=CARTESIAN_POINT('',(2.77000000000001,0.,1.31));
#8236=CARTESIAN_POINT('',(2.12,0.,0.659999999999994));
#8237=CARTESIAN_POINT('',(2.12,0.,0.659999999999994));
#8238=CARTESIAN_POINT('',(0.229999999999995,0.,0.659999999999994));
#8239=CARTESIAN_POINT('',(3.22999999999999,0.,3.20000000000001));
#8240=CARTESIAN_POINT('',(3.22999999999999,0.,3.20000000000001));
#8241=CARTESIAN_POINT('',(3.22999999999999,0.,1.31));
#8242=CARTESIAN_POINT('',(5.77000000000001,0.,3.20000000000001));
#8243=CARTESIAN_POINT('',(5.77000000000001,0.,3.20000000000001));
#8244=CARTESIAN_POINT('',(5.77000000000001,0.,0.659999999999994));
#8245=CARTESIAN_POINT('',(5.77000000000001,0.,0.659999999999994));
#8246=CARTESIAN_POINT('',(3.88,0.,0.659999999999991));
#8247=CARTESIAN_POINT('',(3.88,0.,0.659999999999991));
#8248=CARTESIAN_POINT('',(3.22999999999999,0.,1.31));
#8249=CARTESIAN_POINT('',(6.22999999999999,0.,3.20000000000001));
#8250=CARTESIAN_POINT('',(6.22999999999999,0.,3.20000000000001));
#8251=CARTESIAN_POINT('',(6.23,0.,0.659999999999994));
#8252=CARTESIAN_POINT('',(8.77000000000001,0.,3.20000000000001));
#8253=CARTESIAN_POINT('',(8.77000000000001,0.,3.20000000000001));
#8254=CARTESIAN_POINT('',(8.77000000000001,0.,1.31));
#8255=CARTESIAN_POINT('',(8.77000000000001,0.,1.31));
#8256=CARTESIAN_POINT('',(8.12,0.,0.659999999999994));
#8257=CARTESIAN_POINT('',(8.12,0.,0.659999999999994));
#8258=CARTESIAN_POINT('',(6.23,0.,0.659999999999994));
#8259=CARTESIAN_POINT('',(9.22999999999999,0.,3.20000000000001));
#8260=CARTESIAN_POINT('',(9.22999999999999,0.,3.20000000000001));
#8261=CARTESIAN_POINT('',(9.23,0.,0.659999999999994));
#8262=CARTESIAN_POINT('',(11.77,0.,3.20000000000001));
#8263=CARTESIAN_POINT('',(11.77,0.,3.20000000000001));
#8264=CARTESIAN_POINT('',(11.77,0.,1.31));
#8265=CARTESIAN_POINT('',(11.77,0.,1.31));
#8266=CARTESIAN_POINT('',(11.12,0.,0.659999999999994));
#8267=CARTESIAN_POINT('',(11.12,0.,0.659999999999994));
#8268=CARTESIAN_POINT('',(9.23,0.,0.659999999999994));
#8269=CARTESIAN_POINT('',(12.23,0.,3.20000000000001));
#8270=CARTESIAN_POINT('',(12.23,0.,3.20000000000001));
#8271=CARTESIAN_POINT('',(12.23,0.,0.659999999999994));
#8272=CARTESIAN_POINT('',(14.77,0.,3.20000000000001));
#8273=CARTESIAN_POINT('',(14.77,0.,3.20000000000001));
#8274=CARTESIAN_POINT('',(14.77,0.,0.659999999999994));
#8275=CARTESIAN_POINT('',(14.77,0.,0.659999999999994));
#8276=CARTESIAN_POINT('',(12.23,0.,0.659999999999994));
#8277=CARTESIAN_POINT('',(15.23,0.,3.20000000000001));
#8278=CARTESIAN_POINT('',(15.23,0.,3.20000000000001));
#8279=CARTESIAN_POINT('',(15.23,0.,0.659999999999994));
#8280=CARTESIAN_POINT('',(17.77,0.,3.20000000000001));
#8281=CARTESIAN_POINT('',(17.77,0.,3.20000000000001));
#8282=CARTESIAN_POINT('',(17.77,0.,1.31));
#8283=CARTESIAN_POINT('',(17.77,0.,1.31));
#8284=CARTESIAN_POINT('',(17.12,0.,0.659999999999994));
#8285=CARTESIAN_POINT('',(17.12,0.,0.659999999999994));
#8286=CARTESIAN_POINT('',(15.23,0.,0.659999999999994));
#8287=CARTESIAN_POINT('',(19.825,0.,3.86));
#8288=CARTESIAN_POINT('',(-18.425,-4.33680868994202E-16,3.22));
#8289=CARTESIAN_POINT('',(-18.425,-4.33680868994202E-16,1.15));
#8290=CARTESIAN_POINT('',(-18.425,-3.85185988877447E-31,38.214));
#8291=CARTESIAN_POINT('',(18.425,0.,38.214));
#8292=CARTESIAN_POINT('',(18.425,0.,1.15));
#8293=CARTESIAN_POINT('',(18.425,0.,3.22));
#8294=CARTESIAN_POINT('',(0.,0.,0.));
#8295=CARTESIAN_POINT('',(19.825,9.9,3.86));
#8296=CARTESIAN_POINT('',(-19.825,9.9,3.85999999999999));
#8297=CARTESIAN_POINT('',(-19.825,9.9,3.85999999999999));
#8298=CARTESIAN_POINT('',(1.3,0.54,3.85999999999998));
#8299=CARTESIAN_POINT('',(1.3,0.54,3.85999999999998));
#8300=CARTESIAN_POINT('',(-1.3,0.54,3.85999999999998));
#8301=CARTESIAN_POINT('',(-1.3,0.54,3.85999999999998));
#8302=CARTESIAN_POINT('',(-1.3,2.95,3.85999999999999));
#8303=CARTESIAN_POINT('',(1.3,2.95,3.85999999999999));
#8304=CARTESIAN_POINT('',(1.3,2.95,3.85999999999999));
#8305=CARTESIAN_POINT('',(1.3,0.54,3.85999999999998));
#8306=CARTESIAN_POINT('',(19.825,9.9,3.86));
#8307=CARTESIAN_POINT('',(-19.825,8.05,-0.509999999999999));
#8308=CARTESIAN_POINT('',(-19.825,8.05,0.510000000000001));
#8309=CARTESIAN_POINT('',(-19.825,8.05,-0.509999999999999));
#8310=CARTESIAN_POINT('',(-19.825,9.9,0.510000000000001));
#8311=CARTESIAN_POINT('',(-19.825,1.66845502963189,0.510000000000004));
#8312=CARTESIAN_POINT('',(-19.825,1.66845502963189,38.214));
#8313=CARTESIAN_POINT('',(-19.825,1.66845502963189,1.15));
#8314=CARTESIAN_POINT('',(-19.825,1.66845502963189,3.22));
#8315=CARTESIAN_POINT('',(-19.825,9.9,3.85999999999999));
#8316=CARTESIAN_POINT('',(-19.825,9.9,-0.509999999999999));
#8317=CARTESIAN_POINT('',(-19.825,8.05,-0.509999999999999));
#8318=CARTESIAN_POINT('',(-19.825,9.9,3.85999999999999));
#8319=CARTESIAN_POINT('',(19.825,9.9,-0.51));
#8320=CARTESIAN_POINT('',(19.19,9.9,-0.51));
#8321=CARTESIAN_POINT('',(19.19,9.9,-0.51));
#8322=CARTESIAN_POINT('',(-19.19,9.9,-0.509999999999999));
#8323=CARTESIAN_POINT('',(-19.19,9.9,-0.509999999999999));
#8324=CARTESIAN_POINT('',(-19.825,9.9,-0.509999999999999));
#8325=CARTESIAN_POINT('',(0.,9.9,0.));
#8326=CARTESIAN_POINT('',(-1.3,2.2,5.05999999999998));
#8327=CARTESIAN_POINT('',(-1.3,2.2,5.05999999999998));
#8328=CARTESIAN_POINT('',(1.3,2.2,5.05999999999998));
#8329=CARTESIAN_POINT('',(1.3,2.2,5.05999999999998));
#8330=CARTESIAN_POINT('',(1.3,2.2,5.05999999999998));
#8331=CARTESIAN_POINT('',(1.3,2.2,5.05999999999998));
#8332=CARTESIAN_POINT('',(-1.3,2.95,3.85999999999999));
#8333=CARTESIAN_POINT('',(-1.3,2.95,5.05999999999998));
#8334=CARTESIAN_POINT('',(1.3,2.95,5.05999999999998));
#8335=CARTESIAN_POINT('',(1.3,2.95,5.05999999999998));
#8336=CARTESIAN_POINT('',(1.3,2.95,3.85999999999999));
#8337=CARTESIAN_POINT('',(1.3,2.95,3.85999999999999));
#8338=CARTESIAN_POINT('',(-1.3,2.95,5.05999999999998));
#8339=CARTESIAN_POINT('',(1.3,2.95,5.05999999999998));
#8340=CARTESIAN_POINT('',(1.3,2.95,5.05999999999998));
#8341=CARTESIAN_POINT('',(1.3,0.,0.));
#8342=CARTESIAN_POINT('',(-1.3,0.,0.));
#8343=CARTESIAN_POINT('',(-26.1453503038104,9.2007552106518,3.95746380207839));
#8344=CARTESIAN_POINT('',(-19.825,1.66845502963189,1.15));
#8345=CARTESIAN_POINT('',(-18.425,0.,38.214));
#8346=CARTESIAN_POINT('',(27.3920905564146,10.6865623857247,4.63750393986248));
#8347=CARTESIAN_POINT('',(18.425,0.,1.15));
#8348=CARTESIAN_POINT('',(19.825,1.66845502963189,38.214));
#8349=CARTESIAN_POINT('',(18.425,1.66845502963189,1.15));
#8350=CARTESIAN_POINT('',(18.425,1.66845502963189,1.15));
#8351=CARTESIAN_POINT('',(18.425,1.66845502963189,3.22));
#8352=CARTESIAN_POINT('',(18.425,1.66845502963189,3.22));
#8353=CARTESIAN_POINT('',(18.425,1.66845502963189,3.22));
#8354=CARTESIAN_POINT('',(18.425,1.66845502963189,3.22));
#8355=CARTESIAN_POINT('',(19.825,1.66845502963189,1.15));
#8356=CARTESIAN_POINT('',(19.825,1.66845502963189,3.22));
#8357=CARTESIAN_POINT('',(19.825,1.66845502963189,3.22));
#8358=CARTESIAN_POINT('',(0.,0.,3.22));
#8359=CARTESIAN_POINT('',(0.,0.,1.15));
#8360=CARTESIAN_POINT('',(-18.425,0.,1.15));
#8361=CARTESIAN_POINT('',(-18.425,1.66845502963189,1.15));
#8362=CARTESIAN_POINT('',(-18.425,0.,3.22));
#8363=CARTESIAN_POINT('',(-18.425,1.66845502963189,3.22));
#8364=CARTESIAN_POINT('',(-18.425,1.66845502963189,3.22));
#8365=CARTESIAN_POINT('',(-18.425,0.,3.22));
#8366=CARTESIAN_POINT('',(-18.425,1.66845502963189,1.15));
#8367=CARTESIAN_POINT('',(-18.425,1.66845502963189,3.22));
#8368=CARTESIAN_POINT('',(-18.425,1.66845502963189,3.22));
#8369=CARTESIAN_POINT('',(0.,0.,3.22));
#8370=CARTESIAN_POINT('',(0.,0.,1.15));
#8371=CARTESIAN_POINT('',(18.89,9.6,-0.51));
#8372=CARTESIAN_POINT('',(18.89,9.6,-0.51));
#8373=CARTESIAN_POINT('',(18.89,9.6,-0.51));
#8374=CARTESIAN_POINT('',(18.89,8.05,-0.51));
#8375=CARTESIAN_POINT('',(18.89,8.05,-0.51));
#8376=CARTESIAN_POINT('',(18.89,9.6,-0.51));
#8377=CARTESIAN_POINT('',(18.89,8.05,1.21393113965481E-15));
#8378=CARTESIAN_POINT('',(18.89,8.05,-0.51));
#8379=CARTESIAN_POINT('',(18.89,8.05,-0.51));
#8380=CARTESIAN_POINT('',(19.19,9.9,-0.51));
#8381=CARTESIAN_POINT('',(19.19,9.9,-0.51));
#8382=CARTESIAN_POINT('',(0.,0.,-0.51));
#8383=CARTESIAN_POINT('',(-18.89,9.6,-0.51));
#8384=CARTESIAN_POINT('',(-18.89,9.6,-0.51));
#8385=CARTESIAN_POINT('',(-19.19,9.9,-0.51));
#8386=CARTESIAN_POINT('',(-19.19,9.9,-0.51));
#8387=CARTESIAN_POINT('',(-18.89,8.05,-0.51));
#8388=CARTESIAN_POINT('',(-18.89,8.05,-0.51));
#8389=CARTESIAN_POINT('',(-18.89,9.6,-0.51));
#8390=CARTESIAN_POINT('',(-18.89,9.6,-0.51));
#8391=CARTESIAN_POINT('',(-18.6756050955414,8.05,-0.116942675159235));
#8392=CARTESIAN_POINT('',(-18.89,8.05,-0.51));
#8393=CARTESIAN_POINT('',(-18.89,8.05,-0.51));
#8394=CARTESIAN_POINT('',(0.,0.,-0.509999999999999));
#8395=CARTESIAN_POINT('',(18.89,9.9,1.21393113965481E-15));
#8396=CARTESIAN_POINT('',(-19.825,9.9,0.510000000000001));
#8397=CARTESIAN_POINT('',(15.23,6.6,0.659999999999994));
#8398=CARTESIAN_POINT('',(15.23,6.6,0.659999999999994));
#8399=CARTESIAN_POINT('',(15.23,6.6,3.20000000000001));
#8400=CARTESIAN_POINT('',(15.23,6.6,3.20000000000001));
#8401=CARTESIAN_POINT('',(15.23,6.6,3.20000000000001));
#8402=CARTESIAN_POINT('',(15.23,6.6,3.20000000000001));
#8403=CARTESIAN_POINT('',(17.12,6.6,0.659999999999994));
#8404=CARTESIAN_POINT('',(17.12,6.6,0.659999999999994));
#8405=CARTESIAN_POINT('',(15.23,6.6,0.659999999999994));
#8406=CARTESIAN_POINT('',(15.23,6.6,0.659999999999994));
#8407=CARTESIAN_POINT('',(17.77,6.6,1.31));
#8408=CARTESIAN_POINT('',(17.77,6.6,1.31));
#8409=CARTESIAN_POINT('',(17.12,6.6,0.659999999999994));
#8410=CARTESIAN_POINT('',(17.12,6.6,0.659999999999994));
#8411=CARTESIAN_POINT('',(17.77,6.6,3.20000000000001));
#8412=CARTESIAN_POINT('',(17.77,6.6,3.20000000000001));
#8413=CARTESIAN_POINT('',(17.77,6.6,1.31));
#8414=CARTESIAN_POINT('',(17.77,6.6,1.31));
#8415=CARTESIAN_POINT('',(17.77,6.6,3.20000000000001));
#8416=CARTESIAN_POINT('',(17.77,6.6,3.20000000000001));
#8417=CARTESIAN_POINT('',(16.82,6.6,0.));
#8418=CARTESIAN_POINT('',(16.82,6.6,1.64));
#8419=CARTESIAN_POINT('',(16.82,6.6,2.28));
#8420=CARTESIAN_POINT('',(0.,6.6,1.64));
#8421=CARTESIAN_POINT('',(16.18,6.6,1.64));
#8422=CARTESIAN_POINT('',(16.18,6.6,0.));
#8423=CARTESIAN_POINT('',(16.18,6.6,2.28));
#8424=CARTESIAN_POINT('',(0.,6.6,2.28));
#8425=CARTESIAN_POINT('',(0.,6.6,0.));
#8426=CARTESIAN_POINT('',(12.23,6.6,0.659999999999994));
#8427=CARTESIAN_POINT('',(12.23,6.6,0.659999999999994));
#8428=CARTESIAN_POINT('',(12.23,6.6,3.20000000000001));
#8429=CARTESIAN_POINT('',(12.23,6.6,3.20000000000001));
#8430=CARTESIAN_POINT('',(12.23,6.6,3.20000000000001));
#8431=CARTESIAN_POINT('',(12.23,6.6,3.20000000000001));
#8432=CARTESIAN_POINT('',(14.77,6.6,0.659999999999994));
#8433=CARTESIAN_POINT('',(14.77,6.6,0.659999999999994));
#8434=CARTESIAN_POINT('',(12.23,6.6,0.659999999999994));
#8435=CARTESIAN_POINT('',(12.23,6.6,0.659999999999994));
#8436=CARTESIAN_POINT('',(14.77,6.6,3.20000000000001));
#8437=CARTESIAN_POINT('',(14.77,6.6,3.20000000000001));
#8438=CARTESIAN_POINT('',(14.77,6.6,0.659999999999994));
#8439=CARTESIAN_POINT('',(14.77,6.6,0.659999999999994));
#8440=CARTESIAN_POINT('',(14.77,6.6,3.20000000000001));
#8441=CARTESIAN_POINT('',(14.77,6.6,3.20000000000001));
#8442=CARTESIAN_POINT('',(13.82,6.6,0.));
#8443=CARTESIAN_POINT('',(13.82,6.6,1.64));
#8444=CARTESIAN_POINT('',(13.82,6.6,2.28));
#8445=CARTESIAN_POINT('',(0.,6.6,1.64));
#8446=CARTESIAN_POINT('',(13.18,6.6,1.64));
#8447=CARTESIAN_POINT('',(13.18,6.6,0.));
#8448=CARTESIAN_POINT('',(13.18,6.6,2.28));
#8449=CARTESIAN_POINT('',(0.,6.6,2.28));
#8450=CARTESIAN_POINT('',(0.,6.6,0.));
#8451=CARTESIAN_POINT('',(9.23,6.6,0.659999999999994));
#8452=CARTESIAN_POINT('',(9.23,6.6,0.659999999999994));
#8453=CARTESIAN_POINT('',(9.22999999999999,6.6,3.20000000000001));
#8454=CARTESIAN_POINT('',(9.22999999999999,6.6,3.20000000000001));
#8455=CARTESIAN_POINT('',(9.22999999999999,6.6,3.20000000000001));
#8456=CARTESIAN_POINT('',(9.22999999999999,6.6,3.20000000000001));
#8457=CARTESIAN_POINT('',(11.12,6.6,0.659999999999994));
#8458=CARTESIAN_POINT('',(11.12,6.6,0.659999999999994));
#8459=CARTESIAN_POINT('',(9.23,6.6,0.659999999999994));
#8460=CARTESIAN_POINT('',(9.23,6.6,0.659999999999994));
#8461=CARTESIAN_POINT('',(11.77,6.6,1.31));
#8462=CARTESIAN_POINT('',(11.77,6.6,1.31));
#8463=CARTESIAN_POINT('',(11.12,6.6,0.659999999999994));
#8464=CARTESIAN_POINT('',(11.12,6.6,0.659999999999994));
#8465=CARTESIAN_POINT('',(11.77,6.6,3.20000000000001));
#8466=CARTESIAN_POINT('',(11.77,6.6,3.20000000000001));
#8467=CARTESIAN_POINT('',(11.77,6.6,1.31));
#8468=CARTESIAN_POINT('',(11.77,6.6,1.31));
#8469=CARTESIAN_POINT('',(11.77,6.6,3.20000000000001));
#8470=CARTESIAN_POINT('',(11.77,6.6,3.20000000000001));
#8471=CARTESIAN_POINT('',(10.82,6.6,0.));
#8472=CARTESIAN_POINT('',(10.82,6.6,1.64));
#8473=CARTESIAN_POINT('',(10.82,6.6,2.28));
#8474=CARTESIAN_POINT('',(0.,6.6,1.64));
#8475=CARTESIAN_POINT('',(10.18,6.6,1.64));
#8476=CARTESIAN_POINT('',(10.18,6.6,0.));
#8477=CARTESIAN_POINT('',(10.18,6.6,2.28));
#8478=CARTESIAN_POINT('',(0.,6.6,2.28));
#8479=CARTESIAN_POINT('',(0.,6.6,0.));
#8480=CARTESIAN_POINT('',(6.23,6.6,0.659999999999994));
#8481=CARTESIAN_POINT('',(6.23,6.6,0.659999999999994));
#8482=CARTESIAN_POINT('',(6.22999999999999,6.6,3.20000000000001));
#8483=CARTESIAN_POINT('',(6.22999999999999,6.6,3.20000000000001));
#8484=CARTESIAN_POINT('',(6.22999999999999,6.6,3.20000000000001));
#8485=CARTESIAN_POINT('',(6.22999999999999,6.6,3.20000000000001));
#8486=CARTESIAN_POINT('',(8.12,6.6,0.659999999999994));
#8487=CARTESIAN_POINT('',(8.12,6.6,0.659999999999994));
#8488=CARTESIAN_POINT('',(6.23,6.6,0.659999999999994));
#8489=CARTESIAN_POINT('',(6.23,6.6,0.659999999999994));
#8490=CARTESIAN_POINT('',(8.77000000000001,6.6,1.31));
#8491=CARTESIAN_POINT('',(8.77000000000001,6.6,1.31));
#8492=CARTESIAN_POINT('',(8.12,6.6,0.659999999999994));
#8493=CARTESIAN_POINT('',(8.12,6.6,0.659999999999994));
#8494=CARTESIAN_POINT('',(8.77000000000001,6.6,3.20000000000001));
#8495=CARTESIAN_POINT('',(8.77000000000001,6.6,3.20000000000001));
#8496=CARTESIAN_POINT('',(8.77000000000001,6.6,1.31));
#8497=CARTESIAN_POINT('',(8.77000000000001,6.6,1.31));
#8498=CARTESIAN_POINT('',(8.77000000000001,6.6,3.20000000000001));
#8499=CARTESIAN_POINT('',(8.77000000000001,6.6,3.20000000000001));
#8500=CARTESIAN_POINT('',(7.82,6.6,0.));
#8501=CARTESIAN_POINT('',(7.82,6.6,1.64));
#8502=CARTESIAN_POINT('',(7.82,6.6,2.28));
#8503=CARTESIAN_POINT('',(0.,6.6,1.64));
#8504=CARTESIAN_POINT('',(7.18,6.6,1.64));
#8505=CARTESIAN_POINT('',(7.18,6.6,0.));
#8506=CARTESIAN_POINT('',(7.18,6.6,2.28));
#8507=CARTESIAN_POINT('',(0.,6.6,2.28));
#8508=CARTESIAN_POINT('',(0.,6.6,0.));
#8509=CARTESIAN_POINT('',(3.22999999999999,6.6,1.31));
#8510=CARTESIAN_POINT('',(3.22999999999999,6.6,1.31));
#8511=CARTESIAN_POINT('',(3.22999999999999,6.6,3.20000000000001));
#8512=CARTESIAN_POINT('',(3.22999999999999,6.6,3.20000000000001));
#8513=CARTESIAN_POINT('',(3.22999999999999,6.6,3.20000000000001));
#8514=CARTESIAN_POINT('',(3.22999999999999,6.6,3.20000000000001));
#8515=CARTESIAN_POINT('',(3.88,6.6,0.659999999999991));
#8516=CARTESIAN_POINT('',(3.88,6.6,0.659999999999991));
#8517=CARTESIAN_POINT('',(3.22999999999999,6.6,1.31));
#8518=CARTESIAN_POINT('',(3.22999999999999,6.6,1.31));
#8519=CARTESIAN_POINT('',(5.77000000000001,6.6,0.659999999999994));
#8520=CARTESIAN_POINT('',(5.77000000000001,6.6,0.659999999999994));
#8521=CARTESIAN_POINT('',(3.88,6.6,0.659999999999991));
#8522=CARTESIAN_POINT('',(3.88,6.6,0.659999999999991));
#8523=CARTESIAN_POINT('',(5.77000000000001,6.6,3.20000000000001));
#8524=CARTESIAN_POINT('',(5.77000000000001,6.6,3.20000000000001));
#8525=CARTESIAN_POINT('',(5.77000000000001,6.6,0.659999999999994));
#8526=CARTESIAN_POINT('',(5.77000000000001,6.6,0.659999999999994));
#8527=CARTESIAN_POINT('',(5.77000000000001,6.6,3.20000000000001));
#8528=CARTESIAN_POINT('',(5.77000000000001,6.6,3.20000000000001));
#8529=CARTESIAN_POINT('',(4.82,6.6,0.));
#8530=CARTESIAN_POINT('',(4.82,6.6,1.64));
#8531=CARTESIAN_POINT('',(4.82,6.6,2.28));
#8532=CARTESIAN_POINT('',(0.,6.6,1.64));
#8533=CARTESIAN_POINT('',(4.18,6.6,1.64));
#8534=CARTESIAN_POINT('',(4.18,6.6,0.));
#8535=CARTESIAN_POINT('',(4.18,6.6,2.28));
#8536=CARTESIAN_POINT('',(0.,6.6,2.28));
#8537=CARTESIAN_POINT('',(0.,6.6,0.));
#8538=CARTESIAN_POINT('',(0.229999999999995,6.6,0.659999999999994));
#8539=CARTESIAN_POINT('',(0.229999999999995,6.6,0.659999999999994));
#8540=CARTESIAN_POINT('',(0.229999999999995,6.6,3.20000000000001));
#8541=CARTESIAN_POINT('',(0.229999999999995,6.6,3.20000000000001));
#8542=CARTESIAN_POINT('',(0.229999999999995,6.6,3.20000000000001));
#8543=CARTESIAN_POINT('',(0.229999999999995,6.6,3.20000000000001));
#8544=CARTESIAN_POINT('',(2.12,6.6,0.659999999999994));
#8545=CARTESIAN_POINT('',(2.12,6.6,0.659999999999994));
#8546=CARTESIAN_POINT('',(0.229999999999995,6.6,0.659999999999994));
#8547=CARTESIAN_POINT('',(0.229999999999995,6.6,0.659999999999994));
#8548=CARTESIAN_POINT('',(2.77000000000001,6.6,1.31));
#8549=CARTESIAN_POINT('',(2.77000000000001,6.6,1.31));
#8550=CARTESIAN_POINT('',(2.12,6.6,0.659999999999994));
#8551=CARTESIAN_POINT('',(2.12,6.6,0.659999999999994));
#8552=CARTESIAN_POINT('',(2.77000000000001,6.6,3.20000000000001));
#8553=CARTESIAN_POINT('',(2.77000000000001,6.6,3.20000000000001));
#8554=CARTESIAN_POINT('',(2.77000000000001,6.6,1.31));
#8555=CARTESIAN_POINT('',(2.77000000000001,6.6,1.31));
#8556=CARTESIAN_POINT('',(2.77000000000001,6.6,3.20000000000001));
#8557=CARTESIAN_POINT('',(2.77000000000001,6.6,3.20000000000001));
#8558=CARTESIAN_POINT('',(1.82,6.6,0.));
#8559=CARTESIAN_POINT('',(1.82,6.6,1.64));
#8560=CARTESIAN_POINT('',(1.82,6.6,2.28));
#8561=CARTESIAN_POINT('',(0.,6.6,1.64));
#8562=CARTESIAN_POINT('',(1.18,6.6,1.64));
#8563=CARTESIAN_POINT('',(1.18,6.6,0.));
#8564=CARTESIAN_POINT('',(1.18,6.6,2.28));
#8565=CARTESIAN_POINT('',(0.,6.6,2.28));
#8566=CARTESIAN_POINT('',(0.,6.6,0.));
#8567=CARTESIAN_POINT('',(-2.77000000000001,6.6,1.31));
#8568=CARTESIAN_POINT('',(-2.77000000000001,6.6,1.31));
#8569=CARTESIAN_POINT('',(-2.77000000000001,6.6,3.20000000000001));
#8570=CARTESIAN_POINT('',(-2.77000000000001,6.6,3.20000000000001));
#8571=CARTESIAN_POINT('',(-2.77000000000001,6.6,3.20000000000001));
#8572=CARTESIAN_POINT('',(-2.77000000000001,6.6,3.20000000000001));
#8573=CARTESIAN_POINT('',(-2.12,6.6,0.659999999999991));
#8574=CARTESIAN_POINT('',(-2.12,6.6,0.659999999999991));
#8575=CARTESIAN_POINT('',(-2.77000000000001,6.6,1.31));
#8576=CARTESIAN_POINT('',(-2.77000000000001,6.6,1.31));
#8577=CARTESIAN_POINT('',(-0.229999999999994,6.6,0.659999999999994));
#8578=CARTESIAN_POINT('',(-0.229999999999994,6.6,0.659999999999994));
#8579=CARTESIAN_POINT('',(-2.12,6.6,0.659999999999991));
#8580=CARTESIAN_POINT('',(-2.12,6.6,0.659999999999991));
#8581=CARTESIAN_POINT('',(-0.229999999999994,6.6,3.20000000000001));
#8582=CARTESIAN_POINT('',(-0.229999999999994,6.6,3.20000000000001));
#8583=CARTESIAN_POINT('',(-0.229999999999994,6.6,0.659999999999994));
#8584=CARTESIAN_POINT('',(-0.229999999999994,6.6,0.659999999999994));
#8585=CARTESIAN_POINT('',(-0.229999999999994,6.6,3.20000000000001));
#8586=CARTESIAN_POINT('',(-0.229999999999994,6.6,3.20000000000001));
#8587=CARTESIAN_POINT('',(-1.18,6.6,0.));
#8588=CARTESIAN_POINT('',(-1.18,6.6,1.64));
#8589=CARTESIAN_POINT('',(-1.18,6.6,2.28));
#8590=CARTESIAN_POINT('',(0.,6.6,1.64));
#8591=CARTESIAN_POINT('',(-1.82,6.6,1.64));
#8592=CARTESIAN_POINT('',(-1.82,6.6,0.));
#8593=CARTESIAN_POINT('',(-1.82,6.6,2.28));
#8594=CARTESIAN_POINT('',(0.,6.6,2.28));
#8595=CARTESIAN_POINT('',(0.,6.6,0.));
#8596=CARTESIAN_POINT('',(-5.77000000000001,6.6,1.31));
#8597=CARTESIAN_POINT('',(-5.77000000000001,6.6,1.31));
#8598=CARTESIAN_POINT('',(-5.77000000000001,6.6,3.20000000000001));
#8599=CARTESIAN_POINT('',(-5.77000000000001,6.6,3.20000000000001));
#8600=CARTESIAN_POINT('',(-5.77000000000001,6.6,3.20000000000001));
#8601=CARTESIAN_POINT('',(-5.77000000000001,6.6,3.20000000000001));
#8602=CARTESIAN_POINT('',(-5.12,6.6,0.659999999999991));
#8603=CARTESIAN_POINT('',(-5.12,6.6,0.659999999999991));
#8604=CARTESIAN_POINT('',(-5.77000000000001,6.6,1.31));
#8605=CARTESIAN_POINT('',(-5.77000000000001,6.6,1.31));
#8606=CARTESIAN_POINT('',(-3.22999999999999,6.6,0.659999999999994));
#8607=CARTESIAN_POINT('',(-3.22999999999999,6.6,0.659999999999994));
#8608=CARTESIAN_POINT('',(-5.12,6.6,0.659999999999991));
#8609=CARTESIAN_POINT('',(-5.12,6.6,0.659999999999991));
#8610=CARTESIAN_POINT('',(-3.22999999999999,6.6,3.20000000000001));
#8611=CARTESIAN_POINT('',(-3.22999999999999,6.6,3.20000000000001));
#8612=CARTESIAN_POINT('',(-3.22999999999999,6.6,0.659999999999994));
#8613=CARTESIAN_POINT('',(-3.22999999999999,6.6,0.659999999999994));
#8614=CARTESIAN_POINT('',(-3.22999999999999,6.6,3.20000000000001));
#8615=CARTESIAN_POINT('',(-3.22999999999999,6.6,3.20000000000001));
#8616=CARTESIAN_POINT('',(-4.18,6.6,0.));
#8617=CARTESIAN_POINT('',(-4.18,6.6,1.64));
#8618=CARTESIAN_POINT('',(-4.18,6.6,2.28));
#8619=CARTESIAN_POINT('',(0.,6.6,1.64));
#8620=CARTESIAN_POINT('',(-4.82,6.6,1.64));
#8621=CARTESIAN_POINT('',(-4.82,6.6,0.));
#8622=CARTESIAN_POINT('',(-4.82,6.6,2.28));
#8623=CARTESIAN_POINT('',(0.,6.6,2.28));
#8624=CARTESIAN_POINT('',(0.,6.6,0.));
#8625=CARTESIAN_POINT('',(-8.77,6.6,0.659999999999994));
#8626=CARTESIAN_POINT('',(-8.77,6.6,0.659999999999994));
#8627=CARTESIAN_POINT('',(-8.77,6.6,3.20000000000001));
#8628=CARTESIAN_POINT('',(-8.77,6.6,3.20000000000001));
#8629=CARTESIAN_POINT('',(-8.77,6.6,3.20000000000001));
#8630=CARTESIAN_POINT('',(-8.77,6.6,3.20000000000001));
#8631=CARTESIAN_POINT('',(-6.88,6.6,0.659999999999994));
#8632=CARTESIAN_POINT('',(-6.88,6.6,0.659999999999994));
#8633=CARTESIAN_POINT('',(-8.77,6.6,0.659999999999994));
#8634=CARTESIAN_POINT('',(-8.77,6.6,0.659999999999994));
#8635=CARTESIAN_POINT('',(-6.22999999999999,6.6,1.31));
#8636=CARTESIAN_POINT('',(-6.22999999999999,6.6,1.31));
#8637=CARTESIAN_POINT('',(-6.88,6.6,0.659999999999994));
#8638=CARTESIAN_POINT('',(-6.88,6.6,0.659999999999994));
#8639=CARTESIAN_POINT('',(-6.22999999999999,6.6,3.20000000000001));
#8640=CARTESIAN_POINT('',(-6.22999999999999,6.6,3.20000000000001));
#8641=CARTESIAN_POINT('',(-6.22999999999999,6.6,1.31));
#8642=CARTESIAN_POINT('',(-6.22999999999999,6.6,1.31));
#8643=CARTESIAN_POINT('',(-6.22999999999999,6.6,3.20000000000001));
#8644=CARTESIAN_POINT('',(-6.22999999999999,6.6,3.20000000000001));
#8645=CARTESIAN_POINT('',(-7.18,6.6,0.));
#8646=CARTESIAN_POINT('',(-7.18,6.6,1.64));
#8647=CARTESIAN_POINT('',(-7.18,6.6,2.28));
#8648=CARTESIAN_POINT('',(0.,6.6,1.64));
#8649=CARTESIAN_POINT('',(-7.82,6.6,1.64));
#8650=CARTESIAN_POINT('',(-7.82,6.6,0.));
#8651=CARTESIAN_POINT('',(-7.82,6.6,2.28));
#8652=CARTESIAN_POINT('',(0.,6.6,2.28));
#8653=CARTESIAN_POINT('',(0.,6.6,0.));
#8654=CARTESIAN_POINT('',(-11.77,6.6,0.659999999999994));
#8655=CARTESIAN_POINT('',(-11.77,6.6,0.659999999999994));
#8656=CARTESIAN_POINT('',(-11.77,6.6,3.20000000000001));
#8657=CARTESIAN_POINT('',(-11.77,6.6,3.20000000000001));
#8658=CARTESIAN_POINT('',(-11.77,6.6,3.20000000000001));
#8659=CARTESIAN_POINT('',(-11.77,6.6,3.20000000000001));
#8660=CARTESIAN_POINT('',(-9.22999999999999,6.6,0.659999999999994));
#8661=CARTESIAN_POINT('',(-9.22999999999999,6.6,0.659999999999994));
#8662=CARTESIAN_POINT('',(-11.77,6.6,0.659999999999994));
#8663=CARTESIAN_POINT('',(-11.77,6.6,0.659999999999994));
#8664=CARTESIAN_POINT('',(-9.22999999999999,6.6,3.20000000000001));
#8665=CARTESIAN_POINT('',(-9.22999999999999,6.6,3.20000000000001));
#8666=CARTESIAN_POINT('',(-9.22999999999999,6.6,0.659999999999994));
#8667=CARTESIAN_POINT('',(-9.22999999999999,6.6,0.659999999999994));
#8668=CARTESIAN_POINT('',(-9.22999999999999,6.6,3.20000000000001));
#8669=CARTESIAN_POINT('',(-9.22999999999999,6.6,3.20000000000001));
#8670=CARTESIAN_POINT('',(-10.18,6.6,0.));
#8671=CARTESIAN_POINT('',(-10.18,6.6,1.64));
#8672=CARTESIAN_POINT('',(-10.18,6.6,2.28));
#8673=CARTESIAN_POINT('',(0.,6.6,1.64));
#8674=CARTESIAN_POINT('',(-10.82,6.6,1.64));
#8675=CARTESIAN_POINT('',(-10.82,6.6,0.));
#8676=CARTESIAN_POINT('',(-10.82,6.6,2.28));
#8677=CARTESIAN_POINT('',(0.,6.6,2.28));
#8678=CARTESIAN_POINT('',(0.,6.6,0.));
#8679=CARTESIAN_POINT('',(-14.77,6.6,0.659999999999994));
#8680=CARTESIAN_POINT('',(-14.77,6.6,0.659999999999994));
#8681=CARTESIAN_POINT('',(-14.77,6.6,3.20000000000001));
#8682=CARTESIAN_POINT('',(-14.77,6.6,3.20000000000001));
#8683=CARTESIAN_POINT('',(-14.77,6.6,3.20000000000001));
#8684=CARTESIAN_POINT('',(-14.77,6.6,3.20000000000001));
#8685=CARTESIAN_POINT('',(-12.88,6.6,0.659999999999994));
#8686=CARTESIAN_POINT('',(-12.88,6.6,0.659999999999994));
#8687=CARTESIAN_POINT('',(-14.77,6.6,0.659999999999994));
#8688=CARTESIAN_POINT('',(-14.77,6.6,0.659999999999994));
#8689=CARTESIAN_POINT('',(-12.23,6.6,1.31));
#8690=CARTESIAN_POINT('',(-12.23,6.6,1.31));
#8691=CARTESIAN_POINT('',(-12.88,6.6,0.659999999999994));
#8692=CARTESIAN_POINT('',(-12.88,6.6,0.659999999999994));
#8693=CARTESIAN_POINT('',(-12.23,6.6,3.20000000000001));
#8694=CARTESIAN_POINT('',(-12.23,6.6,3.20000000000001));
#8695=CARTESIAN_POINT('',(-12.23,6.6,1.31));
#8696=CARTESIAN_POINT('',(-12.23,6.6,1.31));
#8697=CARTESIAN_POINT('',(-12.23,6.6,3.20000000000001));
#8698=CARTESIAN_POINT('',(-12.23,6.6,3.20000000000001));
#8699=CARTESIAN_POINT('',(-13.18,6.6,0.));
#8700=CARTESIAN_POINT('',(-13.18,6.6,1.64));
#8701=CARTESIAN_POINT('',(-13.18,6.6,2.28));
#8702=CARTESIAN_POINT('',(0.,6.6,1.64));
#8703=CARTESIAN_POINT('',(-13.82,6.6,1.64));
#8704=CARTESIAN_POINT('',(-13.82,6.6,0.));
#8705=CARTESIAN_POINT('',(-13.82,6.6,2.28));
#8706=CARTESIAN_POINT('',(0.,6.6,2.28));
#8707=CARTESIAN_POINT('',(0.,6.6,0.));
#8708=CARTESIAN_POINT('',(-17.77,6.6,0.659999999999994));
#8709=CARTESIAN_POINT('',(-17.77,6.6,0.659999999999994));
#8710=CARTESIAN_POINT('',(-17.77,6.6,3.20000000000001));
#8711=CARTESIAN_POINT('',(-17.77,6.6,3.20000000000001));
#8712=CARTESIAN_POINT('',(-17.77,6.6,3.20000000000001));
#8713=CARTESIAN_POINT('',(-17.77,6.6,3.20000000000001));
#8714=CARTESIAN_POINT('',(-15.88,6.6,0.659999999999994));
#8715=CARTESIAN_POINT('',(-15.88,6.6,0.659999999999994));
#8716=CARTESIAN_POINT('',(-17.77,6.6,0.659999999999994));
#8717=CARTESIAN_POINT('',(-17.77,6.6,0.659999999999994));
#8718=CARTESIAN_POINT('',(-15.23,6.6,1.31));
#8719=CARTESIAN_POINT('',(-15.23,6.6,1.31));
#8720=CARTESIAN_POINT('',(-15.88,6.6,0.659999999999994));
#8721=CARTESIAN_POINT('',(-15.88,6.6,0.659999999999994));
#8722=CARTESIAN_POINT('',(-15.23,6.6,3.20000000000001));
#8723=CARTESIAN_POINT('',(-15.23,6.6,3.20000000000001));
#8724=CARTESIAN_POINT('',(-15.23,6.6,1.31));
#8725=CARTESIAN_POINT('',(-15.23,6.6,1.31));
#8726=CARTESIAN_POINT('',(-15.23,6.6,3.20000000000001));
#8727=CARTESIAN_POINT('',(-15.23,6.6,3.20000000000001));
#8728=CARTESIAN_POINT('',(-16.18,6.6,0.));
#8729=CARTESIAN_POINT('',(-16.18,6.6,1.64));
#8730=CARTESIAN_POINT('',(-16.18,6.6,2.28));
#8731=CARTESIAN_POINT('',(0.,6.6,1.64));
#8732=CARTESIAN_POINT('',(-16.82,6.6,1.64));
#8733=CARTESIAN_POINT('',(-16.82,6.6,0.));
#8734=CARTESIAN_POINT('',(-16.82,6.6,2.28));
#8735=CARTESIAN_POINT('',(0.,6.6,2.28));
#8736=CARTESIAN_POINT('',(0.,6.6,0.));
#8737=CARTESIAN_POINT('',(-15.85,1.6,6.66133814775094E-16));
#8738=CARTESIAN_POINT('',(-15.85,8.06,6.66133814775094E-16));
#8739=CARTESIAN_POINT('',(-15.85,8.06,-0.510000000000004));
#8740=CARTESIAN_POINT('',(-15.85,8.06,-0.510000000000004));
#8741=CARTESIAN_POINT('',(-15.85,8.06,6.66133814775094E-16));
#8742=CARTESIAN_POINT('',(-14.75,4.6,-0.509999999999997));
#8743=CARTESIAN_POINT('',(-15.2082575694956,5.6,-0.509999999999997));
#8744=CARTESIAN_POINT('',(-15.85,8.06,-0.510000000000004));
#8745=CARTESIAN_POINT('',(-14.85,8.06,-0.510000000000003));
#8746=CARTESIAN_POINT('',(-14.85,8.06,-0.510000000000003));
#8747=CARTESIAN_POINT('',(-14.85,5.6,-0.509999999999999));
#8748=CARTESIAN_POINT('',(-15.2082575694956,5.6,-0.509999999999999));
#8749=CARTESIAN_POINT('',(-15.85,8.06,-0.510000000000004));
#8750=CARTESIAN_POINT('',(-14.85,1.6,-0.510000000000003));
#8751=CARTESIAN_POINT('',(-14.85,3.60000000000001,-2.26));
#8752=CARTESIAN_POINT('',(-14.85,3.6,-2.61));
#8753=CARTESIAN_POINT('',(-14.85,3.60000000000002,-2.61000000000002));
#8754=CARTESIAN_POINT('',(-14.85,4.29282032302755,-3.81));
#8755=CARTESIAN_POINT('',(-14.85,5.6,-3.81));
#8756=CARTESIAN_POINT('',(-14.85,4.90717967697245,-3.81));
#8757=CARTESIAN_POINT('',(-14.85,5.08038475772934,-3.51));
#8758=CARTESIAN_POINT('',(-14.85,5.6,-2.61));
#8759=CARTESIAN_POINT('',(-14.85,5.6,-2.26));
#8760=CARTESIAN_POINT('',(-14.85,8.06,-0.510000000000003));
#8761=CARTESIAN_POINT('',(-14.85,8.06,-0.510000000000003));
#8762=CARTESIAN_POINT('',(0.,8.06,0.));
#8763=CARTESIAN_POINT('',(0.,1.6,0.));
#8764=CARTESIAN_POINT('',(14.75,4.6,-0.509999999999999));
#8765=CARTESIAN_POINT('',(15.2082575694956,5.6,-0.509999999999999));
#8766=CARTESIAN_POINT('',(14.85,5.6,-0.509999999999999));
#8767=CARTESIAN_POINT('',(14.85,8.06,-0.510000000000003));
#8768=CARTESIAN_POINT('',(15.85,8.06,-0.510000000000004));
#8769=CARTESIAN_POINT('',(15.85,8.06,-0.510000000000004));
#8770=CARTESIAN_POINT('',(14.85,8.06,-0.510000000000003));
#8771=CARTESIAN_POINT('',(15.85,1.6,-0.510000000000004));
#8772=CARTESIAN_POINT('',(15.85,8.06,-0.510000000000004));
#8773=CARTESIAN_POINT('',(15.85,8.06,-0.510000000000004));
#8774=CARTESIAN_POINT('',(0.,8.06,0.));
#8775=CARTESIAN_POINT('',(0.,1.6,0.));
#8776=CARTESIAN_POINT('',(16.6,2.4,2.28));
#8777=CARTESIAN_POINT('',(16.6,2.4,1.86));
#8778=CARTESIAN_POINT('',(16.6,2.4,2.06));
#8779=CARTESIAN_POINT('',(16.82,2.4,2.06));
#8780=CARTESIAN_POINT('',(16.4,2.4,2.06));
#8781=CARTESIAN_POINT('',(16.4,2.4,2.28));
#8782=CARTESIAN_POINT('',(16.4,2.4,1.86));
#8783=CARTESIAN_POINT('',(16.82,2.4,1.86));
#8784=CARTESIAN_POINT('',(16.82,2.4,2.28));
#8785=CARTESIAN_POINT('',(16.82,9.2,2.28));
#8786=CARTESIAN_POINT('',(16.82,3.24,2.28));
#8787=CARTESIAN_POINT('',(16.82,3.24,1.64));
#8788=CARTESIAN_POINT('',(16.82,3.24,1.64));
#8789=CARTESIAN_POINT('',(16.82,2.4,1.64));
#8790=CARTESIAN_POINT('',(16.82,0.,0.));
#8791=CARTESIAN_POINT('',(16.18,2.4,1.64));
#8792=CARTESIAN_POINT('',(16.18,3.24,1.64));
#8793=CARTESIAN_POINT('',(16.18,3.24,0.));
#8794=CARTESIAN_POINT('',(16.18,3.24,2.28));
#8795=CARTESIAN_POINT('',(16.18,9.2,2.28));
#8796=CARTESIAN_POINT('',(16.18,0.,0.));
#8797=CARTESIAN_POINT('',(16.82,3.24,2.28));
#8798=CARTESIAN_POINT('',(16.82,9.2,2.28));
#8799=CARTESIAN_POINT('',(16.82,3.24,1.64));
#8800=CARTESIAN_POINT('',(16.82,2.4,1.64));
#8801=CARTESIAN_POINT('',(16.82,8.56,1.64));
#8802=CARTESIAN_POINT('',(16.82,8.56,-2.85));
#8803=CARTESIAN_POINT('',(16.82,9.2,-2.85));
#8804=CARTESIAN_POINT('',(16.82,9.2,-2.85));
#8805=CARTESIAN_POINT('',(16.82,9.2,-3.69));
#8806=CARTESIAN_POINT('',(16.82,0.,0.));
#8807=CARTESIAN_POINT('',(16.18,9.2,-3.69));
#8808=CARTESIAN_POINT('',(16.18,9.2,-2.85));
#8809=CARTESIAN_POINT('',(16.18,0.,-2.85));
#8810=CARTESIAN_POINT('',(16.18,8.56,-2.85));
#8811=CARTESIAN_POINT('',(16.18,8.56,1.64));
#8812=CARTESIAN_POINT('',(16.18,0.,0.));
#8813=CARTESIAN_POINT('',(16.82,8.56,-2.85));
#8814=CARTESIAN_POINT('',(16.82,8.56,1.64));
#8815=CARTESIAN_POINT('',(16.6,8.56,-3.69));
#8816=CARTESIAN_POINT('',(16.6,8.98,-3.69));
#8817=CARTESIAN_POINT('',(16.6,8.78,-3.69));
#8818=CARTESIAN_POINT('',(16.82,8.78,-3.69));
#8819=CARTESIAN_POINT('',(16.4,8.78,-3.69));
#8820=CARTESIAN_POINT('',(16.4,8.56,-3.69));
#8821=CARTESIAN_POINT('',(16.4,8.98,-3.69));
#8822=CARTESIAN_POINT('',(16.82,8.98,-3.69));
#8823=CARTESIAN_POINT('',(16.82,8.56,-3.69));
#8824=CARTESIAN_POINT('',(16.82,9.2,-2.85));
#8825=CARTESIAN_POINT('',(16.82,9.2,-3.69));
#8826=CARTESIAN_POINT('',(16.425333998006,8.95466600199402,-3.7867298105683));
#8827=CARTESIAN_POINT('',(16.82,9.2,-2.85));
#8828=CARTESIAN_POINT('',(16.82,9.2,-2.85));
#8829=CARTESIAN_POINT('',(17.3363310069791,8.04366899302094,-0.878554336989038));
#8830=CARTESIAN_POINT('',(16.82,0.,-2.85));
#8831=CARTESIAN_POINT('',(16.3867298105683,8.7667298105683,-3.63933200398804));
#8832=CARTESIAN_POINT('',(16.4,8.56,-3.69));
#8833=CARTESIAN_POINT('',(16.82,8.78,-3.69));
#8834=CARTESIAN_POINT('',(16.425333998006,2.3032701894317,1.88533399800598));
#8835=CARTESIAN_POINT('',(16.82,3.24,1.64));
#8836=CARTESIAN_POINT('',(16.82,3.24,1.64));
#8837=CARTESIAN_POINT('',(16.6824725822532,2.71489531405783,2.14247258225324));
#8838=CARTESIAN_POINT('',(16.82,3.24,0.));
#8839=CARTESIAN_POINT('',(16.3867298105683,2.45066799601196,2.0732701894317));
#8840=CARTESIAN_POINT('',(16.4,2.4,2.28));
#8841=CARTESIAN_POINT('',(16.82,2.4,2.06));
#8842=CARTESIAN_POINT('',(13.6,2.4,2.28));
#8843=CARTESIAN_POINT('',(13.6,2.4,1.86));
#8844=CARTESIAN_POINT('',(13.6,2.4,2.06));
#8845=CARTESIAN_POINT('',(13.82,2.4,2.06));
#8846=CARTESIAN_POINT('',(13.4,2.4,2.06));
#8847=CARTESIAN_POINT('',(13.4,2.4,2.28));
#8848=CARTESIAN_POINT('',(13.4,2.4,1.86));
#8849=CARTESIAN_POINT('',(13.82,2.4,1.86));
#8850=CARTESIAN_POINT('',(13.82,2.4,2.28));
#8851=CARTESIAN_POINT('',(13.82,9.2,2.28));
#8852=CARTESIAN_POINT('',(13.82,3.24,2.28));
#8853=CARTESIAN_POINT('',(13.82,3.24,1.64));
#8854=CARTESIAN_POINT('',(13.82,3.24,1.64));
#8855=CARTESIAN_POINT('',(13.82,2.4,1.64));
#8856=CARTESIAN_POINT('',(13.82,0.,0.));
#8857=CARTESIAN_POINT('',(13.18,2.4,1.64));
#8858=CARTESIAN_POINT('',(13.18,3.24,1.64));
#8859=CARTESIAN_POINT('',(13.18,3.24,0.));
#8860=CARTESIAN_POINT('',(13.18,3.24,2.28));
#8861=CARTESIAN_POINT('',(13.18,9.2,2.28));
#8862=CARTESIAN_POINT('',(13.18,0.,0.));
#8863=CARTESIAN_POINT('',(13.82,3.24,2.28));
#8864=CARTESIAN_POINT('',(13.82,9.2,2.28));
#8865=CARTESIAN_POINT('',(13.82,3.24,1.64));
#8866=CARTESIAN_POINT('',(13.82,2.4,1.64));
#8867=CARTESIAN_POINT('',(13.82,8.56,1.64));
#8868=CARTESIAN_POINT('',(13.82,8.56,-2.85));
#8869=CARTESIAN_POINT('',(13.82,9.2,-2.85));
#8870=CARTESIAN_POINT('',(13.82,9.2,-2.85));
#8871=CARTESIAN_POINT('',(13.82,9.2,-3.69));
#8872=CARTESIAN_POINT('',(13.82,0.,0.));
#8873=CARTESIAN_POINT('',(13.18,9.2,-3.69));
#8874=CARTESIAN_POINT('',(13.18,9.2,-2.85));
#8875=CARTESIAN_POINT('',(13.18,0.,-2.85));
#8876=CARTESIAN_POINT('',(13.18,8.56,-2.85));
#8877=CARTESIAN_POINT('',(13.18,8.56,1.64));
#8878=CARTESIAN_POINT('',(13.18,0.,0.));
#8879=CARTESIAN_POINT('',(13.82,8.56,-2.85));
#8880=CARTESIAN_POINT('',(13.82,8.56,1.64));
#8881=CARTESIAN_POINT('',(13.6,8.56,-3.69));
#8882=CARTESIAN_POINT('',(13.6,8.98,-3.69));
#8883=CARTESIAN_POINT('',(13.6,8.78,-3.69));
#8884=CARTESIAN_POINT('',(13.82,8.78,-3.69));
#8885=CARTESIAN_POINT('',(13.4,8.78,-3.69));
#8886=CARTESIAN_POINT('',(13.4,8.56,-3.69));
#8887=CARTESIAN_POINT('',(13.4,8.98,-3.69));
#8888=CARTESIAN_POINT('',(13.82,8.98,-3.69));
#8889=CARTESIAN_POINT('',(13.82,8.56,-3.69));
#8890=CARTESIAN_POINT('',(13.82,9.2,-2.85));
#8891=CARTESIAN_POINT('',(13.82,9.2,-3.69));
#8892=CARTESIAN_POINT('',(13.425333998006,8.95466600199402,-3.7867298105683));
#8893=CARTESIAN_POINT('',(13.82,9.2,-2.85));
#8894=CARTESIAN_POINT('',(13.82,9.2,-2.85));
#8895=CARTESIAN_POINT('',(14.3363310069791,8.04366899302094,-0.878554336989037));
#8896=CARTESIAN_POINT('',(13.82,0.,-2.85));
#8897=CARTESIAN_POINT('',(13.3867298105683,8.7667298105683,-3.63933200398804));
#8898=CARTESIAN_POINT('',(13.4,8.56,-3.69));
#8899=CARTESIAN_POINT('',(13.82,8.78,-3.69));
#8900=CARTESIAN_POINT('',(13.425333998006,2.3032701894317,1.88533399800598));
#8901=CARTESIAN_POINT('',(13.82,3.24,1.64));
#8902=CARTESIAN_POINT('',(13.82,3.24,1.64));
#8903=CARTESIAN_POINT('',(13.6824725822532,2.71489531405783,2.14247258225324));
#8904=CARTESIAN_POINT('',(13.82,3.24,0.));
#8905=CARTESIAN_POINT('',(13.3867298105683,2.45066799601196,2.0732701894317));
#8906=CARTESIAN_POINT('',(13.4,2.4,2.28));
#8907=CARTESIAN_POINT('',(13.82,2.4,2.06));
#8908=CARTESIAN_POINT('',(10.6,2.4,2.28));
#8909=CARTESIAN_POINT('',(10.6,2.4,1.86));
#8910=CARTESIAN_POINT('',(10.6,2.4,2.06));
#8911=CARTESIAN_POINT('',(10.82,2.4,2.06));
#8912=CARTESIAN_POINT('',(10.4,2.4,2.06));
#8913=CARTESIAN_POINT('',(10.4,2.4,2.28));
#8914=CARTESIAN_POINT('',(10.4,2.4,1.86));
#8915=CARTESIAN_POINT('',(10.82,2.4,1.86));
#8916=CARTESIAN_POINT('',(10.82,2.4,2.28));
#8917=CARTESIAN_POINT('',(10.82,9.2,2.28));
#8918=CARTESIAN_POINT('',(10.82,3.24,2.28));
#8919=CARTESIAN_POINT('',(10.82,3.24,1.64));
#8920=CARTESIAN_POINT('',(10.82,3.24,1.64));
#8921=CARTESIAN_POINT('',(10.82,2.4,1.64));
#8922=CARTESIAN_POINT('',(10.82,0.,0.));
#8923=CARTESIAN_POINT('',(10.18,2.4,1.64));
#8924=CARTESIAN_POINT('',(10.18,3.24,1.64));
#8925=CARTESIAN_POINT('',(10.18,3.24,0.));
#8926=CARTESIAN_POINT('',(10.18,3.24,2.28));
#8927=CARTESIAN_POINT('',(10.18,9.2,2.28));
#8928=CARTESIAN_POINT('',(10.18,0.,0.));
#8929=CARTESIAN_POINT('',(10.82,3.24,2.28));
#8930=CARTESIAN_POINT('',(10.82,9.2,2.28));
#8931=CARTESIAN_POINT('',(10.82,3.24,1.64));
#8932=CARTESIAN_POINT('',(10.82,2.4,1.64));
#8933=CARTESIAN_POINT('',(10.82,8.56,1.64));
#8934=CARTESIAN_POINT('',(10.82,8.56,-2.85));
#8935=CARTESIAN_POINT('',(10.82,9.2,-2.85));
#8936=CARTESIAN_POINT('',(10.82,9.2,-2.85));
#8937=CARTESIAN_POINT('',(10.82,9.2,-3.69));
#8938=CARTESIAN_POINT('',(10.82,0.,0.));
#8939=CARTESIAN_POINT('',(10.18,9.2,-3.69));
#8940=CARTESIAN_POINT('',(10.18,9.2,-2.85));
#8941=CARTESIAN_POINT('',(10.18,0.,-2.85));
#8942=CARTESIAN_POINT('',(10.18,8.56,-2.85));
#8943=CARTESIAN_POINT('',(10.18,8.56,1.64));
#8944=CARTESIAN_POINT('',(10.18,0.,0.));
#8945=CARTESIAN_POINT('',(10.82,8.56,-2.85));
#8946=CARTESIAN_POINT('',(10.82,8.56,1.64));
#8947=CARTESIAN_POINT('',(10.6,8.56,-3.69));
#8948=CARTESIAN_POINT('',(10.6,8.98,-3.69));
#8949=CARTESIAN_POINT('',(10.6,8.78,-3.69));
#8950=CARTESIAN_POINT('',(10.82,8.78,-3.69));
#8951=CARTESIAN_POINT('',(10.4,8.78,-3.69));
#8952=CARTESIAN_POINT('',(10.4,8.56,-3.69));
#8953=CARTESIAN_POINT('',(10.4,8.98,-3.69));
#8954=CARTESIAN_POINT('',(10.82,8.98,-3.69));
#8955=CARTESIAN_POINT('',(10.82,8.56,-3.69));
#8956=CARTESIAN_POINT('',(10.82,9.2,-2.85));
#8957=CARTESIAN_POINT('',(10.82,9.2,-3.69));
#8958=CARTESIAN_POINT('',(10.425333998006,8.95466600199402,-3.7867298105683));
#8959=CARTESIAN_POINT('',(10.82,9.2,-2.85));
#8960=CARTESIAN_POINT('',(10.82,9.2,-2.85));
#8961=CARTESIAN_POINT('',(11.3363310069791,8.04366899302094,-0.878554336989037));
#8962=CARTESIAN_POINT('',(10.82,0.,-2.85));
#8963=CARTESIAN_POINT('',(10.3867298105683,8.7667298105683,-3.63933200398804));
#8964=CARTESIAN_POINT('',(10.4,8.56,-3.69));
#8965=CARTESIAN_POINT('',(10.82,8.78,-3.69));
#8966=CARTESIAN_POINT('',(10.425333998006,2.3032701894317,1.88533399800598));
#8967=CARTESIAN_POINT('',(10.82,3.24,1.64));
#8968=CARTESIAN_POINT('',(10.82,3.24,1.64));
#8969=CARTESIAN_POINT('',(10.6824725822532,2.71489531405783,2.14247258225324));
#8970=CARTESIAN_POINT('',(10.82,3.24,0.));
#8971=CARTESIAN_POINT('',(10.3867298105683,2.45066799601196,2.0732701894317));
#8972=CARTESIAN_POINT('',(10.4,2.4,2.28));
#8973=CARTESIAN_POINT('',(10.82,2.4,2.06));
#8974=CARTESIAN_POINT('',(7.6,2.4,2.28));
#8975=CARTESIAN_POINT('',(7.6,2.4,1.86));
#8976=CARTESIAN_POINT('',(7.6,2.4,2.06));
#8977=CARTESIAN_POINT('',(7.82,2.4,2.06));
#8978=CARTESIAN_POINT('',(7.4,2.4,2.06));
#8979=CARTESIAN_POINT('',(7.4,2.4,2.28));
#8980=CARTESIAN_POINT('',(7.4,2.4,1.86));
#8981=CARTESIAN_POINT('',(7.82,2.4,1.86));
#8982=CARTESIAN_POINT('',(7.82,2.4,2.28));
#8983=CARTESIAN_POINT('',(7.82,9.2,2.28));
#8984=CARTESIAN_POINT('',(7.82,3.24,2.28));
#8985=CARTESIAN_POINT('',(7.82,3.24,1.64));
#8986=CARTESIAN_POINT('',(7.82,3.24,1.64));
#8987=CARTESIAN_POINT('',(7.82,2.4,1.64));
#8988=CARTESIAN_POINT('',(7.82,0.,0.));
#8989=CARTESIAN_POINT('',(7.18,2.4,1.64));
#8990=CARTESIAN_POINT('',(7.18,3.24,1.64));
#8991=CARTESIAN_POINT('',(7.18,3.24,0.));
#8992=CARTESIAN_POINT('',(7.18,3.24,2.28));
#8993=CARTESIAN_POINT('',(7.18,9.2,2.28));
#8994=CARTESIAN_POINT('',(7.18,0.,0.));
#8995=CARTESIAN_POINT('',(7.82,3.24,2.28));
#8996=CARTESIAN_POINT('',(7.82,9.2,2.28));
#8997=CARTESIAN_POINT('',(7.82,3.24,1.64));
#8998=CARTESIAN_POINT('',(7.82,2.4,1.64));
#8999=CARTESIAN_POINT('',(7.82,8.56,1.64));
#9000=CARTESIAN_POINT('',(7.82,8.56,-2.85));
#9001=CARTESIAN_POINT('',(7.82,9.2,-2.85));
#9002=CARTESIAN_POINT('',(7.82,9.2,-2.85));
#9003=CARTESIAN_POINT('',(7.82,9.2,-3.69));
#9004=CARTESIAN_POINT('',(7.82,0.,0.));
#9005=CARTESIAN_POINT('',(7.18,9.2,-3.69));
#9006=CARTESIAN_POINT('',(7.18,9.2,-2.85));
#9007=CARTESIAN_POINT('',(7.18,0.,-2.85));
#9008=CARTESIAN_POINT('',(7.18,8.56,-2.85));
#9009=CARTESIAN_POINT('',(7.18,8.56,1.64));
#9010=CARTESIAN_POINT('',(7.18,0.,0.));
#9011=CARTESIAN_POINT('',(7.82,8.56,-2.85));
#9012=CARTESIAN_POINT('',(7.82,8.56,1.64));
#9013=CARTESIAN_POINT('',(7.6,8.56,-3.69));
#9014=CARTESIAN_POINT('',(7.6,8.98,-3.69));
#9015=CARTESIAN_POINT('',(7.6,8.78,-3.69));
#9016=CARTESIAN_POINT('',(7.82,8.78,-3.69));
#9017=CARTESIAN_POINT('',(7.4,8.78,-3.69));
#9018=CARTESIAN_POINT('',(7.4,8.56,-3.69));
#9019=CARTESIAN_POINT('',(7.4,8.98,-3.69));
#9020=CARTESIAN_POINT('',(7.82,8.98,-3.69));
#9021=CARTESIAN_POINT('',(7.82,8.56,-3.69));
#9022=CARTESIAN_POINT('',(7.82,9.2,-2.85));
#9023=CARTESIAN_POINT('',(7.82,9.2,-3.69));
#9024=CARTESIAN_POINT('',(7.42533399800598,8.95466600199402,-3.7867298105683));
#9025=CARTESIAN_POINT('',(7.82,9.2,-2.85));
#9026=CARTESIAN_POINT('',(7.82,9.2,-2.85));
#9027=CARTESIAN_POINT('',(8.33633100697906,8.04366899302094,-0.878554336989037));
#9028=CARTESIAN_POINT('',(7.82,0.,-2.85));
#9029=CARTESIAN_POINT('',(7.3867298105683,8.7667298105683,-3.63933200398804));
#9030=CARTESIAN_POINT('',(7.4,8.56,-3.69));
#9031=CARTESIAN_POINT('',(7.82,8.78,-3.69));
#9032=CARTESIAN_POINT('',(7.42533399800598,2.3032701894317,1.88533399800598));
#9033=CARTESIAN_POINT('',(7.82,3.24,1.64));
#9034=CARTESIAN_POINT('',(7.82,3.24,1.64));
#9035=CARTESIAN_POINT('',(7.68247258225324,2.71489531405783,2.14247258225324));
#9036=CARTESIAN_POINT('',(7.82,3.24,0.));
#9037=CARTESIAN_POINT('',(7.3867298105683,2.45066799601196,2.0732701894317));
#9038=CARTESIAN_POINT('',(7.4,2.4,2.28));
#9039=CARTESIAN_POINT('',(7.82,2.4,2.06));
#9040=CARTESIAN_POINT('',(4.6,2.4,2.28));
#9041=CARTESIAN_POINT('',(4.6,2.4,1.86));
#9042=CARTESIAN_POINT('',(4.6,2.4,2.06));
#9043=CARTESIAN_POINT('',(4.82,2.4,2.06));
#9044=CARTESIAN_POINT('',(4.4,2.4,2.06));
#9045=CARTESIAN_POINT('',(4.4,2.4,2.28));
#9046=CARTESIAN_POINT('',(4.4,2.4,1.86));
#9047=CARTESIAN_POINT('',(4.82,2.4,1.86));
#9048=CARTESIAN_POINT('',(4.82,2.4,2.28));
#9049=CARTESIAN_POINT('',(4.82,9.2,2.28));
#9050=CARTESIAN_POINT('',(4.82,3.24,2.28));
#9051=CARTESIAN_POINT('',(4.82,3.24,1.64));
#9052=CARTESIAN_POINT('',(4.82,3.24,1.64));
#9053=CARTESIAN_POINT('',(4.82,2.4,1.64));
#9054=CARTESIAN_POINT('',(4.82,0.,0.));
#9055=CARTESIAN_POINT('',(4.18,2.4,1.64));
#9056=CARTESIAN_POINT('',(4.18,3.24,1.64));
#9057=CARTESIAN_POINT('',(4.18,3.24,0.));
#9058=CARTESIAN_POINT('',(4.18,3.24,2.28));
#9059=CARTESIAN_POINT('',(4.18,9.2,2.28));
#9060=CARTESIAN_POINT('',(4.18,0.,0.));
#9061=CARTESIAN_POINT('',(4.82,3.24,2.28));
#9062=CARTESIAN_POINT('',(4.82,9.2,2.28));
#9063=CARTESIAN_POINT('',(4.82,3.24,1.64));
#9064=CARTESIAN_POINT('',(4.82,2.4,1.64));
#9065=CARTESIAN_POINT('',(4.82,8.56,1.64));
#9066=CARTESIAN_POINT('',(4.82,8.56,-2.85));
#9067=CARTESIAN_POINT('',(4.82,9.2,-2.85));
#9068=CARTESIAN_POINT('',(4.82,9.2,-2.85));
#9069=CARTESIAN_POINT('',(4.82,9.2,-3.69));
#9070=CARTESIAN_POINT('',(4.82,0.,0.));
#9071=CARTESIAN_POINT('',(4.18,9.2,-3.69));
#9072=CARTESIAN_POINT('',(4.18,9.2,-2.85));
#9073=CARTESIAN_POINT('',(4.18,0.,-2.85));
#9074=CARTESIAN_POINT('',(4.18,8.56,-2.85));
#9075=CARTESIAN_POINT('',(4.18,8.56,1.64));
#9076=CARTESIAN_POINT('',(4.18,0.,0.));
#9077=CARTESIAN_POINT('',(4.82,8.56,-2.85));
#9078=CARTESIAN_POINT('',(4.82,8.56,1.64));
#9079=CARTESIAN_POINT('',(4.6,8.56,-3.69));
#9080=CARTESIAN_POINT('',(4.6,8.98,-3.69));
#9081=CARTESIAN_POINT('',(4.6,8.78,-3.69));
#9082=CARTESIAN_POINT('',(4.82,8.78,-3.69));
#9083=CARTESIAN_POINT('',(4.4,8.78,-3.69));
#9084=CARTESIAN_POINT('',(4.4,8.56,-3.69));
#9085=CARTESIAN_POINT('',(4.4,8.98,-3.69));
#9086=CARTESIAN_POINT('',(4.82,8.98,-3.69));
#9087=CARTESIAN_POINT('',(4.82,8.56,-3.69));
#9088=CARTESIAN_POINT('',(4.82,9.2,-2.85));
#9089=CARTESIAN_POINT('',(4.82,9.2,-3.69));
#9090=CARTESIAN_POINT('',(4.42533399800598,8.95466600199402,-3.7867298105683));
#9091=CARTESIAN_POINT('',(4.82,9.2,-2.85));
#9092=CARTESIAN_POINT('',(4.82,9.2,-2.85));
#9093=CARTESIAN_POINT('',(5.33633100697906,8.04366899302094,-0.878554336989037));
#9094=CARTESIAN_POINT('',(4.82,0.,-2.85));
#9095=CARTESIAN_POINT('',(4.3867298105683,8.7667298105683,-3.63933200398804));
#9096=CARTESIAN_POINT('',(4.4,8.56,-3.69));
#9097=CARTESIAN_POINT('',(4.82,8.78,-3.69));
#9098=CARTESIAN_POINT('',(4.42533399800598,2.3032701894317,1.88533399800598));
#9099=CARTESIAN_POINT('',(4.82,3.24,1.64));
#9100=CARTESIAN_POINT('',(4.82,3.24,1.64));
#9101=CARTESIAN_POINT('',(4.68247258225324,2.71489531405783,2.14247258225324));
#9102=CARTESIAN_POINT('',(4.82,3.24,0.));
#9103=CARTESIAN_POINT('',(4.3867298105683,2.45066799601196,2.0732701894317));
#9104=CARTESIAN_POINT('',(4.4,2.4,2.28));
#9105=CARTESIAN_POINT('',(4.82,2.4,2.06));
#9106=CARTESIAN_POINT('',(1.6,2.4,2.28));
#9107=CARTESIAN_POINT('',(1.6,2.4,1.86));
#9108=CARTESIAN_POINT('',(1.6,2.4,2.06));
#9109=CARTESIAN_POINT('',(1.82,2.4,2.06));
#9110=CARTESIAN_POINT('',(1.4,2.4,2.06));
#9111=CARTESIAN_POINT('',(1.4,2.4,2.28));
#9112=CARTESIAN_POINT('',(1.4,2.4,1.86));
#9113=CARTESIAN_POINT('',(1.82,2.4,1.86));
#9114=CARTESIAN_POINT('',(1.82,2.4,2.28));
#9115=CARTESIAN_POINT('',(1.82,9.2,2.28));
#9116=CARTESIAN_POINT('',(1.82,3.24,2.28));
#9117=CARTESIAN_POINT('',(1.82,3.24,1.64));
#9118=CARTESIAN_POINT('',(1.82,3.24,1.64));
#9119=CARTESIAN_POINT('',(1.82,2.4,1.64));
#9120=CARTESIAN_POINT('',(1.82,0.,0.));
#9121=CARTESIAN_POINT('',(1.18,2.4,1.64));
#9122=CARTESIAN_POINT('',(1.18,3.24,1.64));
#9123=CARTESIAN_POINT('',(1.18,3.24,0.));
#9124=CARTESIAN_POINT('',(1.18,3.24,2.28));
#9125=CARTESIAN_POINT('',(1.18,9.2,2.28));
#9126=CARTESIAN_POINT('',(1.18,0.,0.));
#9127=CARTESIAN_POINT('',(1.82,3.24,2.28));
#9128=CARTESIAN_POINT('',(1.82,9.2,2.28));
#9129=CARTESIAN_POINT('',(1.82,3.24,1.64));
#9130=CARTESIAN_POINT('',(1.82,2.4,1.64));
#9131=CARTESIAN_POINT('',(1.82,8.56,1.64));
#9132=CARTESIAN_POINT('',(1.82,8.56,-2.85));
#9133=CARTESIAN_POINT('',(1.82,9.2,-2.85));
#9134=CARTESIAN_POINT('',(1.82,9.2,-2.85));
#9135=CARTESIAN_POINT('',(1.82,9.2,-3.69));
#9136=CARTESIAN_POINT('',(1.82,0.,0.));
#9137=CARTESIAN_POINT('',(1.18,9.2,-3.69));
#9138=CARTESIAN_POINT('',(1.18,9.2,-2.85));
#9139=CARTESIAN_POINT('',(1.18,0.,-2.85));
#9140=CARTESIAN_POINT('',(1.18,8.56,-2.85));
#9141=CARTESIAN_POINT('',(1.18,8.56,1.64));
#9142=CARTESIAN_POINT('',(1.18,0.,0.));
#9143=CARTESIAN_POINT('',(1.82,8.56,-2.85));
#9144=CARTESIAN_POINT('',(1.82,8.56,1.64));
#9145=CARTESIAN_POINT('',(1.6,8.56,-3.69));
#9146=CARTESIAN_POINT('',(1.6,8.98,-3.69));
#9147=CARTESIAN_POINT('',(1.6,8.78,-3.69));
#9148=CARTESIAN_POINT('',(1.82,8.78,-3.69));
#9149=CARTESIAN_POINT('',(1.4,8.78,-3.69));
#9150=CARTESIAN_POINT('',(1.4,8.56,-3.69));
#9151=CARTESIAN_POINT('',(1.4,8.98,-3.69));
#9152=CARTESIAN_POINT('',(1.82,8.98,-3.69));
#9153=CARTESIAN_POINT('',(1.82,8.56,-3.69));
#9154=CARTESIAN_POINT('',(1.82,9.2,-2.85));
#9155=CARTESIAN_POINT('',(1.82,9.2,-3.69));
#9156=CARTESIAN_POINT('',(1.42533399800598,8.95466600199402,-3.7867298105683));
#9157=CARTESIAN_POINT('',(1.82,9.2,-2.85));
#9158=CARTESIAN_POINT('',(1.82,9.2,-2.85));
#9159=CARTESIAN_POINT('',(2.33633100697906,8.04366899302094,-0.878554336989037));
#9160=CARTESIAN_POINT('',(1.82,0.,-2.85));
#9161=CARTESIAN_POINT('',(1.3867298105683,8.76672981056829,-3.63933200398804));
#9162=CARTESIAN_POINT('',(1.4,8.56,-3.69));
#9163=CARTESIAN_POINT('',(1.82,8.78,-3.69));
#9164=CARTESIAN_POINT('',(1.42533399800598,2.3032701894317,1.88533399800598));
#9165=CARTESIAN_POINT('',(1.82,3.24,1.64));
#9166=CARTESIAN_POINT('',(1.82,3.24,1.64));
#9167=CARTESIAN_POINT('',(1.68247258225324,2.71489531405783,2.14247258225324));
#9168=CARTESIAN_POINT('',(1.82,3.24,0.));
#9169=CARTESIAN_POINT('',(1.3867298105683,2.45066799601196,2.0732701894317));
#9170=CARTESIAN_POINT('',(1.4,2.4,2.28));
#9171=CARTESIAN_POINT('',(1.82,2.4,2.06));
#9172=CARTESIAN_POINT('',(-1.4,2.4,2.28));
#9173=CARTESIAN_POINT('',(-1.4,2.4,1.86));
#9174=CARTESIAN_POINT('',(-1.4,2.4,2.06));
#9175=CARTESIAN_POINT('',(-1.18,2.4,2.06));
#9176=CARTESIAN_POINT('',(-1.6,2.4,2.06));
#9177=CARTESIAN_POINT('',(-1.6,2.4,2.28));
#9178=CARTESIAN_POINT('',(-1.6,2.4,1.86));
#9179=CARTESIAN_POINT('',(-1.18,2.4,1.86));
#9180=CARTESIAN_POINT('',(-1.18,2.4,2.28));
#9181=CARTESIAN_POINT('',(-1.18,9.2,2.28));
#9182=CARTESIAN_POINT('',(-1.18,3.24,2.28));
#9183=CARTESIAN_POINT('',(-1.18,3.24,1.64));
#9184=CARTESIAN_POINT('',(-1.18,3.24,1.64));
#9185=CARTESIAN_POINT('',(-1.18,2.4,1.64));
#9186=CARTESIAN_POINT('',(-1.18,0.,0.));
#9187=CARTESIAN_POINT('',(-1.82,2.4,1.64));
#9188=CARTESIAN_POINT('',(-1.82,3.24,1.64));
#9189=CARTESIAN_POINT('',(-1.82,3.24,0.));
#9190=CARTESIAN_POINT('',(-1.82,3.24,2.28));
#9191=CARTESIAN_POINT('',(-1.82,9.2,2.28));
#9192=CARTESIAN_POINT('',(-1.82,0.,0.));
#9193=CARTESIAN_POINT('',(-1.18,3.24,2.28));
#9194=CARTESIAN_POINT('',(-1.18,9.2,2.28));
#9195=CARTESIAN_POINT('',(-1.18,3.24,1.64));
#9196=CARTESIAN_POINT('',(-1.18,2.4,1.64));
#9197=CARTESIAN_POINT('',(-1.18,8.56,1.64));
#9198=CARTESIAN_POINT('',(-1.18,8.56,-2.85));
#9199=CARTESIAN_POINT('',(-1.18,9.2,-2.85));
#9200=CARTESIAN_POINT('',(-1.18,9.2,-2.85));
#9201=CARTESIAN_POINT('',(-1.18,9.2,-3.69));
#9202=CARTESIAN_POINT('',(-1.18,0.,0.));
#9203=CARTESIAN_POINT('',(-1.82,9.2,-3.69));
#9204=CARTESIAN_POINT('',(-1.82,9.2,-2.85));
#9205=CARTESIAN_POINT('',(-1.82,0.,-2.85));
#9206=CARTESIAN_POINT('',(-1.82,8.56,-2.85));
#9207=CARTESIAN_POINT('',(-1.82,8.56,1.64));
#9208=CARTESIAN_POINT('',(-1.82,0.,0.));
#9209=CARTESIAN_POINT('',(-1.18,8.56,-2.85));
#9210=CARTESIAN_POINT('',(-1.18,8.56,1.64));
#9211=CARTESIAN_POINT('',(-1.4,8.56,-3.69));
#9212=CARTESIAN_POINT('',(-1.4,8.98,-3.69));
#9213=CARTESIAN_POINT('',(-1.4,8.78,-3.69));
#9214=CARTESIAN_POINT('',(-1.18,8.78,-3.69));
#9215=CARTESIAN_POINT('',(-1.6,8.78,-3.69));
#9216=CARTESIAN_POINT('',(-1.6,8.56,-3.69));
#9217=CARTESIAN_POINT('',(-1.6,8.98,-3.69));
#9218=CARTESIAN_POINT('',(-1.18,8.98,-3.69));
#9219=CARTESIAN_POINT('',(-1.18,8.56,-3.69));
#9220=CARTESIAN_POINT('',(-1.18,9.2,-2.85));
#9221=CARTESIAN_POINT('',(-1.18,9.2,-3.69));
#9222=CARTESIAN_POINT('',(-1.57466600199402,8.95466600199402,-3.7867298105683));
#9223=CARTESIAN_POINT('',(-1.18,9.2,-2.85));
#9224=CARTESIAN_POINT('',(-1.18,9.2,-2.85));
#9225=CARTESIAN_POINT('',(-0.663668993020938,8.04366899302094,-0.878554336989037));
#9226=CARTESIAN_POINT('',(-1.18,0.,-2.85));
#9227=CARTESIAN_POINT('',(-1.6132701894317,8.76672981056829,-3.63933200398804));
#9228=CARTESIAN_POINT('',(-1.6,8.56,-3.69));
#9229=CARTESIAN_POINT('',(-1.18,8.78,-3.69));
#9230=CARTESIAN_POINT('',(-1.57466600199402,2.3032701894317,1.88533399800598));
#9231=CARTESIAN_POINT('',(-1.18,3.24,1.64));
#9232=CARTESIAN_POINT('',(-1.18,3.24,1.64));
#9233=CARTESIAN_POINT('',(-1.31752741774676,2.71489531405783,2.14247258225324));
#9234=CARTESIAN_POINT('',(-1.18,3.24,0.));
#9235=CARTESIAN_POINT('',(-1.61327018943171,2.45066799601196,2.0732701894317));
#9236=CARTESIAN_POINT('',(-1.6,2.4,2.28));
#9237=CARTESIAN_POINT('',(-1.18,2.4,2.06));
#9238=CARTESIAN_POINT('',(-4.4,2.4,2.28));
#9239=CARTESIAN_POINT('',(-4.4,2.4,1.86));
#9240=CARTESIAN_POINT('',(-4.4,2.4,2.06));
#9241=CARTESIAN_POINT('',(-4.18,2.4,2.06));
#9242=CARTESIAN_POINT('',(-4.6,2.4,2.06));
#9243=CARTESIAN_POINT('',(-4.6,2.4,2.28));
#9244=CARTESIAN_POINT('',(-4.6,2.4,1.86));
#9245=CARTESIAN_POINT('',(-4.18,2.4,1.86));
#9246=CARTESIAN_POINT('',(-4.18,2.4,2.28));
#9247=CARTESIAN_POINT('',(-4.18,9.2,2.28));
#9248=CARTESIAN_POINT('',(-4.18,3.24,2.28));
#9249=CARTESIAN_POINT('',(-4.18,3.24,1.64));
#9250=CARTESIAN_POINT('',(-4.18,3.24,1.64));
#9251=CARTESIAN_POINT('',(-4.18,2.4,1.64));
#9252=CARTESIAN_POINT('',(-4.18,0.,0.));
#9253=CARTESIAN_POINT('',(-4.82,2.4,1.64));
#9254=CARTESIAN_POINT('',(-4.82,3.24,1.64));
#9255=CARTESIAN_POINT('',(-4.82,3.24,0.));
#9256=CARTESIAN_POINT('',(-4.82,3.24,2.28));
#9257=CARTESIAN_POINT('',(-4.82,9.2,2.28));
#9258=CARTESIAN_POINT('',(-4.82,0.,0.));
#9259=CARTESIAN_POINT('',(-4.18,3.24,2.28));
#9260=CARTESIAN_POINT('',(-4.18,9.2,2.28));
#9261=CARTESIAN_POINT('',(-4.18,3.24,1.64));
#9262=CARTESIAN_POINT('',(-4.18,2.4,1.64));
#9263=CARTESIAN_POINT('',(-4.18,8.56,1.64));
#9264=CARTESIAN_POINT('',(-4.18,8.56,-2.85));
#9265=CARTESIAN_POINT('',(-4.18,9.2,-2.85));
#9266=CARTESIAN_POINT('',(-4.18,9.2,-2.85));
#9267=CARTESIAN_POINT('',(-4.18,9.2,-3.69));
#9268=CARTESIAN_POINT('',(-4.18,0.,0.));
#9269=CARTESIAN_POINT('',(-4.82,9.2,-3.69));
#9270=CARTESIAN_POINT('',(-4.82,9.2,-2.85));
#9271=CARTESIAN_POINT('',(-4.82,0.,-2.85));
#9272=CARTESIAN_POINT('',(-4.82,8.56,-2.85));
#9273=CARTESIAN_POINT('',(-4.82,8.56,1.64));
#9274=CARTESIAN_POINT('',(-4.82,0.,0.));
#9275=CARTESIAN_POINT('',(-4.18,8.56,-2.85));
#9276=CARTESIAN_POINT('',(-4.18,8.56,1.64));
#9277=CARTESIAN_POINT('',(-4.4,8.56,-3.69));
#9278=CARTESIAN_POINT('',(-4.4,8.98,-3.69));
#9279=CARTESIAN_POINT('',(-4.4,8.78,-3.69));
#9280=CARTESIAN_POINT('',(-4.18,8.78,-3.69));
#9281=CARTESIAN_POINT('',(-4.6,8.78,-3.69));
#9282=CARTESIAN_POINT('',(-4.6,8.56,-3.69));
#9283=CARTESIAN_POINT('',(-4.6,8.98,-3.69));
#9284=CARTESIAN_POINT('',(-4.18,8.98,-3.69));
#9285=CARTESIAN_POINT('',(-4.18,8.56,-3.69));
#9286=CARTESIAN_POINT('',(-4.18,9.2,-2.85));
#9287=CARTESIAN_POINT('',(-4.18,9.2,-3.69));
#9288=CARTESIAN_POINT('',(-4.57466600199402,8.95466600199402,-3.7867298105683));
#9289=CARTESIAN_POINT('',(-4.18,9.2,-2.85));
#9290=CARTESIAN_POINT('',(-4.18,9.2,-2.85));
#9291=CARTESIAN_POINT('',(-3.66366899302094,8.04366899302094,-0.878554336989037));
#9292=CARTESIAN_POINT('',(-4.18,0.,-2.85));
#9293=CARTESIAN_POINT('',(-4.61327018943171,8.7667298105683,-3.63933200398804));
#9294=CARTESIAN_POINT('',(-4.6,8.56,-3.69));
#9295=CARTESIAN_POINT('',(-4.18,8.78,-3.69));
#9296=CARTESIAN_POINT('',(-4.57466600199402,2.3032701894317,1.88533399800598));
#9297=CARTESIAN_POINT('',(-4.18,3.24,1.64));
#9298=CARTESIAN_POINT('',(-4.18,3.24,1.64));
#9299=CARTESIAN_POINT('',(-4.31752741774676,2.71489531405783,2.14247258225324));
#9300=CARTESIAN_POINT('',(-4.18,3.24,0.));
#9301=CARTESIAN_POINT('',(-4.61327018943171,2.45066799601196,2.0732701894317));
#9302=CARTESIAN_POINT('',(-4.6,2.4,2.28));
#9303=CARTESIAN_POINT('',(-4.18,2.4,2.06));
#9304=CARTESIAN_POINT('',(-7.4,2.4,2.28));
#9305=CARTESIAN_POINT('',(-7.4,2.4,1.86));
#9306=CARTESIAN_POINT('',(-7.4,2.4,2.06));
#9307=CARTESIAN_POINT('',(-7.18,2.4,2.06));
#9308=CARTESIAN_POINT('',(-7.6,2.4,2.06));
#9309=CARTESIAN_POINT('',(-7.6,2.4,2.28));
#9310=CARTESIAN_POINT('',(-7.6,2.4,1.86));
#9311=CARTESIAN_POINT('',(-7.18,2.4,1.86));
#9312=CARTESIAN_POINT('',(-7.18,2.4,2.28));
#9313=CARTESIAN_POINT('',(-7.18,9.2,2.28));
#9314=CARTESIAN_POINT('',(-7.18,3.24,2.28));
#9315=CARTESIAN_POINT('',(-7.18,3.24,1.64));
#9316=CARTESIAN_POINT('',(-7.18,3.24,1.64));
#9317=CARTESIAN_POINT('',(-7.18,2.4,1.64));
#9318=CARTESIAN_POINT('',(-7.18,0.,0.));
#9319=CARTESIAN_POINT('',(-7.82,2.4,1.64));
#9320=CARTESIAN_POINT('',(-7.82,3.24,1.64));
#9321=CARTESIAN_POINT('',(-7.82,3.24,0.));
#9322=CARTESIAN_POINT('',(-7.82,3.24,2.28));
#9323=CARTESIAN_POINT('',(-7.82,9.2,2.28));
#9324=CARTESIAN_POINT('',(-7.82,0.,0.));
#9325=CARTESIAN_POINT('',(-7.18,3.24,2.28));
#9326=CARTESIAN_POINT('',(-7.18,9.2,2.28));
#9327=CARTESIAN_POINT('',(-7.18,3.24,1.64));
#9328=CARTESIAN_POINT('',(-7.18,2.4,1.64));
#9329=CARTESIAN_POINT('',(-7.18,8.56,1.64));
#9330=CARTESIAN_POINT('',(-7.18,8.56,-2.85));
#9331=CARTESIAN_POINT('',(-7.18,9.2,-2.85));
#9332=CARTESIAN_POINT('',(-7.18,9.2,-2.85));
#9333=CARTESIAN_POINT('',(-7.18,9.2,-3.69));
#9334=CARTESIAN_POINT('',(-7.18,0.,0.));
#9335=CARTESIAN_POINT('',(-7.82,9.2,-3.69));
#9336=CARTESIAN_POINT('',(-7.82,9.2,-2.85));
#9337=CARTESIAN_POINT('',(-7.82,0.,-2.85));
#9338=CARTESIAN_POINT('',(-7.82,8.56,-2.85));
#9339=CARTESIAN_POINT('',(-7.82,8.56,1.64));
#9340=CARTESIAN_POINT('',(-7.82,0.,0.));
#9341=CARTESIAN_POINT('',(-7.18,8.56,-2.85));
#9342=CARTESIAN_POINT('',(-7.18,8.56,1.64));
#9343=CARTESIAN_POINT('',(-7.4,8.56,-3.69));
#9344=CARTESIAN_POINT('',(-7.4,8.98,-3.69));
#9345=CARTESIAN_POINT('',(-7.4,8.78,-3.69));
#9346=CARTESIAN_POINT('',(-7.18,8.78,-3.69));
#9347=CARTESIAN_POINT('',(-7.6,8.78,-3.69));
#9348=CARTESIAN_POINT('',(-7.6,8.56,-3.69));
#9349=CARTESIAN_POINT('',(-7.6,8.98,-3.69));
#9350=CARTESIAN_POINT('',(-7.18,8.98,-3.69));
#9351=CARTESIAN_POINT('',(-7.18,8.56,-3.69));
#9352=CARTESIAN_POINT('',(-7.18,9.2,-2.85));
#9353=CARTESIAN_POINT('',(-7.18,9.2,-3.69));
#9354=CARTESIAN_POINT('',(-7.57466600199402,8.95466600199402,-3.7867298105683));
#9355=CARTESIAN_POINT('',(-7.18,9.2,-2.85));
#9356=CARTESIAN_POINT('',(-7.18,9.2,-2.85));
#9357=CARTESIAN_POINT('',(-6.66366899302094,8.04366899302094,-0.878554336989037));
#9358=CARTESIAN_POINT('',(-7.18,0.,-2.85));
#9359=CARTESIAN_POINT('',(-7.61327018943171,8.7667298105683,-3.63933200398804));
#9360=CARTESIAN_POINT('',(-7.6,8.56,-3.69));
#9361=CARTESIAN_POINT('',(-7.18,8.78,-3.69));
#9362=CARTESIAN_POINT('',(-7.57466600199402,2.3032701894317,1.88533399800598));
#9363=CARTESIAN_POINT('',(-7.18,3.24,1.64));
#9364=CARTESIAN_POINT('',(-7.18,3.24,1.64));
#9365=CARTESIAN_POINT('',(-7.31752741774676,2.71489531405783,2.14247258225324));
#9366=CARTESIAN_POINT('',(-7.18,3.24,0.));
#9367=CARTESIAN_POINT('',(-7.61327018943171,2.45066799601196,2.0732701894317));
#9368=CARTESIAN_POINT('',(-7.6,2.4,2.28));
#9369=CARTESIAN_POINT('',(-7.18,2.4,2.06));
#9370=CARTESIAN_POINT('',(-10.4,2.4,2.28));
#9371=CARTESIAN_POINT('',(-10.4,2.4,1.86));
#9372=CARTESIAN_POINT('',(-10.4,2.4,2.06));
#9373=CARTESIAN_POINT('',(-10.18,2.4,2.06));
#9374=CARTESIAN_POINT('',(-10.6,2.4,2.06));
#9375=CARTESIAN_POINT('',(-10.6,2.4,2.28));
#9376=CARTESIAN_POINT('',(-10.6,2.4,1.86));
#9377=CARTESIAN_POINT('',(-10.18,2.4,1.86));
#9378=CARTESIAN_POINT('',(-10.18,2.4,2.28));
#9379=CARTESIAN_POINT('',(-10.18,9.2,2.28));
#9380=CARTESIAN_POINT('',(-10.18,3.24,2.28));
#9381=CARTESIAN_POINT('',(-10.18,3.24,1.64));
#9382=CARTESIAN_POINT('',(-10.18,3.24,1.64));
#9383=CARTESIAN_POINT('',(-10.18,2.4,1.64));
#9384=CARTESIAN_POINT('',(-10.18,0.,0.));
#9385=CARTESIAN_POINT('',(-10.82,2.4,1.64));
#9386=CARTESIAN_POINT('',(-10.82,3.24,1.64));
#9387=CARTESIAN_POINT('',(-10.82,3.24,0.));
#9388=CARTESIAN_POINT('',(-10.82,3.24,2.28));
#9389=CARTESIAN_POINT('',(-10.82,9.2,2.28));
#9390=CARTESIAN_POINT('',(-10.82,0.,0.));
#9391=CARTESIAN_POINT('',(-10.18,3.24,2.28));
#9392=CARTESIAN_POINT('',(-10.18,9.2,2.28));
#9393=CARTESIAN_POINT('',(-10.18,3.24,1.64));
#9394=CARTESIAN_POINT('',(-10.18,2.4,1.64));
#9395=CARTESIAN_POINT('',(-10.18,8.56,1.64));
#9396=CARTESIAN_POINT('',(-10.18,8.56,-2.85));
#9397=CARTESIAN_POINT('',(-10.18,9.2,-2.85));
#9398=CARTESIAN_POINT('',(-10.18,9.2,-2.85));
#9399=CARTESIAN_POINT('',(-10.18,9.2,-3.69));
#9400=CARTESIAN_POINT('',(-10.18,0.,0.));
#9401=CARTESIAN_POINT('',(-10.82,9.2,-3.69));
#9402=CARTESIAN_POINT('',(-10.82,9.2,-2.85));
#9403=CARTESIAN_POINT('',(-10.82,0.,-2.85));
#9404=CARTESIAN_POINT('',(-10.82,8.56,-2.85));
#9405=CARTESIAN_POINT('',(-10.82,8.56,1.64));
#9406=CARTESIAN_POINT('',(-10.82,0.,0.));
#9407=CARTESIAN_POINT('',(-10.18,8.56,-2.85));
#9408=CARTESIAN_POINT('',(-10.18,8.56,1.64));
#9409=CARTESIAN_POINT('',(-10.4,8.56,-3.69));
#9410=CARTESIAN_POINT('',(-10.4,8.98,-3.69));
#9411=CARTESIAN_POINT('',(-10.4,8.78,-3.69));
#9412=CARTESIAN_POINT('',(-10.18,8.78,-3.69));
#9413=CARTESIAN_POINT('',(-10.6,8.78,-3.69));
#9414=CARTESIAN_POINT('',(-10.6,8.56,-3.69));
#9415=CARTESIAN_POINT('',(-10.6,8.98,-3.69));
#9416=CARTESIAN_POINT('',(-10.18,8.98,-3.69));
#9417=CARTESIAN_POINT('',(-10.18,8.56,-3.69));
#9418=CARTESIAN_POINT('',(-10.18,9.2,-2.85));
#9419=CARTESIAN_POINT('',(-10.18,9.2,-3.69));
#9420=CARTESIAN_POINT('',(-10.574666001994,8.95466600199402,-3.7867298105683));
#9421=CARTESIAN_POINT('',(-10.18,9.2,-2.85));
#9422=CARTESIAN_POINT('',(-10.18,9.2,-2.85));
#9423=CARTESIAN_POINT('',(-9.66366899302094,8.04366899302094,-0.878554336989037));
#9424=CARTESIAN_POINT('',(-10.18,0.,-2.85));
#9425=CARTESIAN_POINT('',(-10.6132701894317,8.7667298105683,-3.63933200398804));
#9426=CARTESIAN_POINT('',(-10.6,8.56,-3.69));
#9427=CARTESIAN_POINT('',(-10.18,8.78,-3.69));
#9428=CARTESIAN_POINT('',(-10.574666001994,2.3032701894317,1.88533399800598));
#9429=CARTESIAN_POINT('',(-10.18,3.24,1.64));
#9430=CARTESIAN_POINT('',(-10.18,3.24,1.64));
#9431=CARTESIAN_POINT('',(-10.3175274177468,2.71489531405783,2.14247258225324));
#9432=CARTESIAN_POINT('',(-10.18,3.24,0.));
#9433=CARTESIAN_POINT('',(-10.6132701894317,2.45066799601196,2.0732701894317));
#9434=CARTESIAN_POINT('',(-10.6,2.4,2.28));
#9435=CARTESIAN_POINT('',(-10.18,2.4,2.06));
#9436=CARTESIAN_POINT('',(-13.4,2.4,2.28));
#9437=CARTESIAN_POINT('',(-13.4,2.4,1.86));
#9438=CARTESIAN_POINT('',(-13.4,2.4,2.06));
#9439=CARTESIAN_POINT('',(-13.18,2.4,2.06));
#9440=CARTESIAN_POINT('',(-13.6,2.4,2.06));
#9441=CARTESIAN_POINT('',(-13.6,2.4,2.28));
#9442=CARTESIAN_POINT('',(-13.6,2.4,1.86));
#9443=CARTESIAN_POINT('',(-13.18,2.4,1.86));
#9444=CARTESIAN_POINT('',(-13.18,2.4,2.28));
#9445=CARTESIAN_POINT('',(-13.18,9.2,2.28));
#9446=CARTESIAN_POINT('',(-13.18,3.24,2.28));
#9447=CARTESIAN_POINT('',(-13.18,3.24,1.64));
#9448=CARTESIAN_POINT('',(-13.18,3.24,1.64));
#9449=CARTESIAN_POINT('',(-13.18,2.4,1.64));
#9450=CARTESIAN_POINT('',(-13.18,0.,0.));
#9451=CARTESIAN_POINT('',(-13.82,2.4,1.64));
#9452=CARTESIAN_POINT('',(-13.82,3.24,1.64));
#9453=CARTESIAN_POINT('',(-13.82,3.24,0.));
#9454=CARTESIAN_POINT('',(-13.82,3.24,2.28));
#9455=CARTESIAN_POINT('',(-13.82,9.2,2.28));
#9456=CARTESIAN_POINT('',(-13.82,0.,0.));
#9457=CARTESIAN_POINT('',(-13.18,3.24,2.28));
#9458=CARTESIAN_POINT('',(-13.18,9.2,2.28));
#9459=CARTESIAN_POINT('',(-13.18,3.24,1.64));
#9460=CARTESIAN_POINT('',(-13.18,2.4,1.64));
#9461=CARTESIAN_POINT('',(-13.18,8.56,1.64));
#9462=CARTESIAN_POINT('',(-13.18,8.56,-2.85));
#9463=CARTESIAN_POINT('',(-13.18,9.2,-2.85));
#9464=CARTESIAN_POINT('',(-13.18,9.2,-2.85));
#9465=CARTESIAN_POINT('',(-13.18,9.2,-3.69));
#9466=CARTESIAN_POINT('',(-13.18,0.,0.));
#9467=CARTESIAN_POINT('',(-13.82,9.2,-3.69));
#9468=CARTESIAN_POINT('',(-13.82,9.2,-2.85));
#9469=CARTESIAN_POINT('',(-13.82,0.,-2.85));
#9470=CARTESIAN_POINT('',(-13.82,8.56,-2.85));
#9471=CARTESIAN_POINT('',(-13.82,8.56,1.64));
#9472=CARTESIAN_POINT('',(-13.82,0.,0.));
#9473=CARTESIAN_POINT('',(-13.18,8.56,-2.85));
#9474=CARTESIAN_POINT('',(-13.18,8.56,1.64));
#9475=CARTESIAN_POINT('',(-13.4,8.56,-3.69));
#9476=CARTESIAN_POINT('',(-13.4,8.98,-3.69));
#9477=CARTESIAN_POINT('',(-13.4,8.78,-3.69));
#9478=CARTESIAN_POINT('',(-13.18,8.78,-3.69));
#9479=CARTESIAN_POINT('',(-13.6,8.78,-3.69));
#9480=CARTESIAN_POINT('',(-13.6,8.56,-3.69));
#9481=CARTESIAN_POINT('',(-13.6,8.98,-3.69));
#9482=CARTESIAN_POINT('',(-13.18,8.98,-3.69));
#9483=CARTESIAN_POINT('',(-13.18,8.56,-3.69));
#9484=CARTESIAN_POINT('',(-13.18,9.2,-2.85));
#9485=CARTESIAN_POINT('',(-13.18,9.2,-3.69));
#9486=CARTESIAN_POINT('',(-13.574666001994,8.95466600199402,-3.7867298105683));
#9487=CARTESIAN_POINT('',(-13.18,9.2,-2.85));
#9488=CARTESIAN_POINT('',(-13.18,9.2,-2.85));
#9489=CARTESIAN_POINT('',(-12.6636689930209,8.04366899302094,-0.878554336989037));
#9490=CARTESIAN_POINT('',(-13.18,0.,-2.85));
#9491=CARTESIAN_POINT('',(-13.6132701894317,8.7667298105683,-3.63933200398804));
#9492=CARTESIAN_POINT('',(-13.6,8.56,-3.69));
#9493=CARTESIAN_POINT('',(-13.18,8.78,-3.69));
#9494=CARTESIAN_POINT('',(-13.574666001994,2.3032701894317,1.88533399800598));
#9495=CARTESIAN_POINT('',(-13.18,3.24,1.64));
#9496=CARTESIAN_POINT('',(-13.18,3.24,1.64));
#9497=CARTESIAN_POINT('',(-13.3175274177468,2.71489531405783,2.14247258225324));
#9498=CARTESIAN_POINT('',(-13.18,3.24,0.));
#9499=CARTESIAN_POINT('',(-13.6132701894317,2.45066799601196,2.0732701894317));
#9500=CARTESIAN_POINT('',(-13.6,2.4,2.28));
#9501=CARTESIAN_POINT('',(-13.18,2.4,2.06));
#9502=CARTESIAN_POINT('',(-16.4,2.4,2.28));
#9503=CARTESIAN_POINT('',(-16.4,2.4,1.86));
#9504=CARTESIAN_POINT('',(-16.4,2.4,2.06));
#9505=CARTESIAN_POINT('',(-16.18,2.4,2.06));
#9506=CARTESIAN_POINT('',(-16.6,2.4,2.06));
#9507=CARTESIAN_POINT('',(-16.6,2.4,2.28));
#9508=CARTESIAN_POINT('',(-16.6,2.4,1.86));
#9509=CARTESIAN_POINT('',(-16.18,2.4,1.86));
#9510=CARTESIAN_POINT('',(-16.18,2.4,2.28));
#9511=CARTESIAN_POINT('',(-16.18,9.2,2.28));
#9512=CARTESIAN_POINT('',(-16.18,3.24,2.28));
#9513=CARTESIAN_POINT('',(-16.18,3.24,1.64));
#9514=CARTESIAN_POINT('',(-16.18,3.24,1.64));
#9515=CARTESIAN_POINT('',(-16.18,2.4,1.64));
#9516=CARTESIAN_POINT('',(-16.18,0.,0.));
#9517=CARTESIAN_POINT('',(-16.82,2.4,1.64));
#9518=CARTESIAN_POINT('',(-16.82,3.24,1.64));
#9519=CARTESIAN_POINT('',(-16.82,3.24,0.));
#9520=CARTESIAN_POINT('',(-16.82,3.24,2.28));
#9521=CARTESIAN_POINT('',(-16.82,9.2,2.28));
#9522=CARTESIAN_POINT('',(-16.82,0.,0.));
#9523=CARTESIAN_POINT('',(-16.18,3.24,2.28));
#9524=CARTESIAN_POINT('',(-16.18,9.2,2.28));
#9525=CARTESIAN_POINT('',(-16.18,3.24,1.64));
#9526=CARTESIAN_POINT('',(-16.18,2.4,1.64));
#9527=CARTESIAN_POINT('',(-16.18,8.56,1.64));
#9528=CARTESIAN_POINT('',(-16.18,8.56,-2.85));
#9529=CARTESIAN_POINT('',(-16.18,9.2,-2.85));
#9530=CARTESIAN_POINT('',(-16.18,9.2,-2.85));
#9531=CARTESIAN_POINT('',(-16.18,9.2,-3.69));
#9532=CARTESIAN_POINT('',(-16.18,0.,0.));
#9533=CARTESIAN_POINT('',(-16.82,9.2,-3.69));
#9534=CARTESIAN_POINT('',(-16.82,9.2,-2.85));
#9535=CARTESIAN_POINT('',(-16.82,0.,-2.85));
#9536=CARTESIAN_POINT('',(-16.82,8.56,-2.85));
#9537=CARTESIAN_POINT('',(-16.82,8.56,1.64));
#9538=CARTESIAN_POINT('',(-16.82,0.,0.));
#9539=CARTESIAN_POINT('',(-16.18,8.56,-2.85));
#9540=CARTESIAN_POINT('',(-16.18,8.56,1.64));
#9541=CARTESIAN_POINT('',(-16.4,8.56,-3.69));
#9542=CARTESIAN_POINT('',(-16.4,8.98,-3.69));
#9543=CARTESIAN_POINT('',(-16.4,8.78,-3.69));
#9544=CARTESIAN_POINT('',(-16.18,8.78,-3.69));
#9545=CARTESIAN_POINT('',(-16.6,8.78,-3.69));
#9546=CARTESIAN_POINT('',(-16.6,8.56,-3.69));
#9547=CARTESIAN_POINT('',(-16.6,8.98,-3.69));
#9548=CARTESIAN_POINT('',(-16.18,8.98,-3.69));
#9549=CARTESIAN_POINT('',(-16.18,8.56,-3.69));
#9550=CARTESIAN_POINT('',(-16.18,9.2,-2.85));
#9551=CARTESIAN_POINT('',(-16.18,9.2,-3.69));
#9552=CARTESIAN_POINT('',(-16.574666001994,8.95466600199402,-3.7867298105683));
#9553=CARTESIAN_POINT('',(-16.18,9.2,-2.85));
#9554=CARTESIAN_POINT('',(-16.18,9.2,-2.85));
#9555=CARTESIAN_POINT('',(-15.6636689930209,8.04366899302094,-0.878554336989038));
#9556=CARTESIAN_POINT('',(-16.18,0.,-2.85));
#9557=CARTESIAN_POINT('',(-16.6132701894317,8.7667298105683,-3.63933200398804));
#9558=CARTESIAN_POINT('',(-16.6,8.56,-3.69));
#9559=CARTESIAN_POINT('',(-16.18,8.78,-3.69));
#9560=CARTESIAN_POINT('',(-16.574666001994,2.3032701894317,1.88533399800598));
#9561=CARTESIAN_POINT('',(-16.18,3.24,1.64));
#9562=CARTESIAN_POINT('',(-16.18,3.24,1.64));
#9563=CARTESIAN_POINT('',(-16.3175274177468,2.71489531405783,2.14247258225324));
#9564=CARTESIAN_POINT('',(-16.18,3.24,0.));
#9565=CARTESIAN_POINT('',(-16.6132701894317,2.45066799601196,2.0732701894317));
#9566=CARTESIAN_POINT('',(-16.6,2.4,2.28));
#9567=CARTESIAN_POINT('',(-16.18,2.4,2.06));
#9568=CARTESIAN_POINT('',(-15.2082575694956,5.6,-2.26));
#9569=CARTESIAN_POINT('',(-15.2082575694956,5.6,-2.26));
#9570=CARTESIAN_POINT('',(-14.75,4.6,-2.26));
#9571=CARTESIAN_POINT('',(-15.2082575694956,3.6,-2.26));
#9572=CARTESIAN_POINT('',(-15.2082575694956,3.6,-2.26));
#9573=CARTESIAN_POINT('',(-14.75,4.6,-2.26));
#9574=CARTESIAN_POINT('',(-14.85,5.6,-2.61));
#9575=CARTESIAN_POINT('',(-15.7297958971133,5.6,-2.61));
#9576=CARTESIAN_POINT('',(-15.7297958971133,5.6,-2.61));
#9577=CARTESIAN_POINT('',(-15.7297958971133,5.6,-2.26));
#9578=CARTESIAN_POINT('',(-14.85,5.6,-2.26));
#9579=CARTESIAN_POINT('',(-15.2082575694956,5.6,-2.26));
#9580=CARTESIAN_POINT('',(-15.7297958971133,3.6,-2.26));
#9581=CARTESIAN_POINT('',(-15.7297958971133,3.6,-2.26));
#9582=CARTESIAN_POINT('',(-15.7297958971133,3.6,-2.61));
#9583=CARTESIAN_POINT('',(-15.7297958971133,3.6,-2.61));
#9584=CARTESIAN_POINT('',(-15.7297958971133,3.6,-2.61));
#9585=CARTESIAN_POINT('',(-14.85,3.60000000000001,-2.26));
#9586=CARTESIAN_POINT('',(15.2082575694956,5.6,-2.26));
#9587=CARTESIAN_POINT('',(15.2082575694956,5.6,-2.26));
#9588=CARTESIAN_POINT('',(14.85,5.6,-2.26));
#9589=CARTESIAN_POINT('',(15.7297958971133,5.6,-2.26));
#9590=CARTESIAN_POINT('',(15.7297958971133,5.6,-2.61));
#9591=CARTESIAN_POINT('',(14.85,5.6,-2.26));
#9592=CARTESIAN_POINT('',(15.2082575694956,3.6,-2.26));
#9593=CARTESIAN_POINT('',(15.2082575694956,3.6,-2.26));
#9594=CARTESIAN_POINT('',(14.75,4.6,-2.26));
#9595=CARTESIAN_POINT('',(14.75,4.6,-2.26));
#9596=CARTESIAN_POINT('',(15.7297958971133,3.6,-2.61));
#9597=CARTESIAN_POINT('',(15.7297958971133,3.6,-2.26));
#9598=CARTESIAN_POINT('',(15.7297958971133,3.6,-2.26));
#9599=CARTESIAN_POINT('',(15.2082575694956,3.6,-2.26));
#9600=CARTESIAN_POINT('',(-14.75,4.6,-2.26));
#9601=CARTESIAN_POINT('',(-14.75,4.6,-2.61));
#9602=CARTESIAN_POINT('',(-14.75,4.6,-2.61));
#9603=CARTESIAN_POINT('',(-14.75,4.6,-2.26));
#9604=CARTESIAN_POINT('',(14.75,4.6,-2.26));
#9605=CARTESIAN_POINT('',(14.75,4.6,-2.61));
#9606=CARTESIAN_POINT('',(14.75,4.6,-2.26));
#9607=CARTESIAN_POINT('',(-15.2893724619771,4.90717967697245,-3.81));
#9608=CARTESIAN_POINT('',(-15.3306773777652,4.9641585014023,-3.71130978113196));
#9609=CARTESIAN_POINT('',(-15.3699539931764,5.02147359812025,-3.61203712157573));
#9610=CARTESIAN_POINT('',(-15.4462443675438,5.13647895093912,-3.41284200735108));
#9611=CARTESIAN_POINT('',(-15.4832276440714,5.19417426072737,-3.3129107994394));
#9612=CARTESIAN_POINT('',(-15.5919765298012,5.36762508497357,-3.01248515923028));
#9613=CARTESIAN_POINT('',(-15.6615833088869,5.48371157572111,-2.81141745918316));
#9614=CARTESIAN_POINT('',(-15.7297958971133,5.6,-2.61));
#9615=CARTESIAN_POINT('',(-15.2893724619771,4.90717967697245,-3.81));
#9616=CARTESIAN_POINT('',(-14.75,4.6,-3.81));
#9617=CARTESIAN_POINT('',(-15.2893724619771,4.29282032302755,-3.81));
#9618=CARTESIAN_POINT('',(-15.2893724619771,4.29282032302755,-3.81));
#9619=CARTESIAN_POINT('',(-15.3306773777652,4.23584149859771,-3.71130978113196));
#9620=CARTESIAN_POINT('',(-15.3699539931764,4.17852640187975,-3.61203712157573));
#9621=CARTESIAN_POINT('',(-15.4462443675438,4.06352104906088,-3.41284200735108));
#9622=CARTESIAN_POINT('',(-15.4832276440714,4.00582573927263,-3.3129107994394));
#9623=CARTESIAN_POINT('',(-15.5919765298012,3.83237491502643,-3.01248515923028));
#9624=CARTESIAN_POINT('',(-15.6615833088869,3.71628842427888,-2.81141745918315));
#9625=CARTESIAN_POINT('',(-15.7297958971133,3.6,-2.61));
#9626=CARTESIAN_POINT('',(-14.75,4.6,-2.61));
#9627=CARTESIAN_POINT('',(15.5039,4.90717967697245,-3.81));
#9628=CARTESIAN_POINT('',(15.5039,5.6,-2.61));
#9629=CARTESIAN_POINT('',(15.5039,4.29282032302761,-3.81));
#9630=CARTESIAN_POINT('',(15.5039,3.60000000000006,-2.61));
#9631=CARTESIAN_POINT('',(-14.75,4.6,-3.81));
#9632=MECHANICAL_DESIGN_GEOMETRIC_PRESENTATION_REPRESENTATION('',(#24),
#9633);
#9633=(
GEOMETRIC_REPRESENTATION_CONTEXT(3)
GLOBAL_UNCERTAINTY_ASSIGNED_CONTEXT((#9634))
GLOBAL_UNIT_ASSIGNED_CONTEXT((#9640,#9636,#9635))
REPRESENTATION_CONTEXT('436501200wbm000_01_214',
'TOP_LEVEL_ASSEMBLY_PART')
);
#9634=UNCERTAINTY_MEASURE_WITH_UNIT(LENGTH_MEASURE(0.0002),#9640,
'DISTANCE_ACCURACY_VALUE','Maximum Tolerance applied to model');
#9635=(
NAMED_UNIT(*)
SI_UNIT($,.STERADIAN.)
SOLID_ANGLE_UNIT()
);
#9636=(
CONVERSION_BASED_UNIT('DEGREE',#9638)
NAMED_UNIT(#9637)
PLANE_ANGLE_UNIT()
);
#9637=DIMENSIONAL_EXPONENTS(0.,0.,0.,0.,0.,0.,0.);
#9638=PLANE_ANGLE_MEASURE_WITH_UNIT(PLANE_ANGLE_MEASURE(0.0174532925),#9639);
#9639=(
NAMED_UNIT(*)
PLANE_ANGLE_UNIT()
SI_UNIT($,.RADIAN.)
);
#9640=(
LENGTH_UNIT()
NAMED_UNIT(*)
SI_UNIT(.MILLI.,.METRE.)
);
ENDSEC;
END-ISO-10303-21;
