ISO-10303-21;
HEADER;
/* Generated by software containing ST-Developer
 * from STEP Tools, Inc. (www.steptools.com) 
 */
/* OPTION: using custom schema-name function */

FILE_DESCRIPTION(
/* description */ (''),
/* implementation_level */ '2;1');

FILE_NAME(
/* name */ '436500218wbm000_01_214.stp',
/* time_stamp */ '2022-06-14T09:47:00+05:00',
/* author */ (''),
/* organization */ (''),
/* preprocessor_version */ 'ST-DEVELOPER v16.7',
/* originating_system */ 'SIEMENS PLM Software NX 1919',
/* authorisation */ '');

FILE_SCHEMA (('AUTOMOTIVE_DESIGN { 1 0 10303 214 3 1 1 1 }'));
ENDSEC;

DATA;
#10=SHAPE_REPRESENTATION_RELATIONSHIP('None',
'relationship between 436500218wbm000_01-None and 436500218wbm000_01-N
one',#22,#11);
#11=ADVANCED_BREP_SHAPE_REPRESENTATION('436500218wbm000_01-None',(#32),
#3902);
#12=SHAPE_DEFINITION_REPRESENTATION(#13,#22);
#13=PRODUCT_DEFINITION_SHAPE('','',#14);
#14=PRODUCT_DEFINITION(' ','',#16,#15);
#15=PRODUCT_DEFINITION_CONTEXT('part definition',#21,'design');
#16=PRODUCT_DEFINITION_FORMATION_WITH_SPECIFIED_SOURCE(' ',' ',#18,
 .NOT_KNOWN.);
#17=PRODUCT_RELATED_PRODUCT_CATEGORY('part','',(#18));
#18=PRODUCT('436500218wbm000_01','436500218wbm000_01',' ',(#19));
#19=PRODUCT_CONTEXT(' ',#21,'mechanical');
#20=APPLICATION_PROTOCOL_DEFINITION('international standard',
'automotive_design',2010,#21);
#21=APPLICATION_CONTEXT(
'core data for automotive mechanical design processes');
#22=SHAPE_REPRESENTATION('436500218wbm000_01-None',(#2439),#3902);
#23=PRESENTATION_LAYER_ASSIGNMENT('1','Layer 1',(#32));
#24=STYLED_ITEM('',(#25),#32);
#25=PRESENTATION_STYLE_ASSIGNMENT((#26));
#26=SURFACE_STYLE_USAGE(.BOTH.,#27);
#27=SURFACE_SIDE_STYLE('',(#28));
#28=SURFACE_STYLE_FILL_AREA(#29);
#29=FILL_AREA_STYLE('',(#30));
#30=FILL_AREA_STYLE_COLOUR('',#31);
#31=COLOUR_RGB('Medium Steel',0.596063172350652,0.666666666666667,0.686259250782025);
#32=MANIFOLD_SOLID_BREP('',#33);
#33=CLOSED_SHELL('',(#89,#90,#91,#92,#93,#94,#95,#96,#97,#98,#99,#100,#101,
#102,#103,#104,#105,#106,#107,#108,#109,#110,#111,#112,#113,#114,#115,#116,
#117,#118,#119,#120,#121,#122,#123,#124,#125,#126,#127,#128,#129,#130,#131,
#132,#133,#134,#135,#136,#137,#138,#139,#140,#141,#142,#143,#144,#145,#146,
#147,#148,#149,#150,#151,#152,#153,#154,#155,#156,#157,#158,#159,#160,#161,
#162,#163,#164,#165,#166,#167,#168,#169,#170,#171,#172,#173,#174,#175,#176,
#177,#178,#179,#180,#181,#182,#183,#184,#185,#186,#187,#188,#189,#190,#191,
#192,#193,#194,#195,#196,#197,#198,#199,#200,#201,#202,#203,#204,#205,#206,
#207,#208,#209,#210,#211,#212,#213,#214,#215,#216,#217,#218,#219,#220,#221,
#222));
#34=CYLINDRICAL_SURFACE('',#2534,0.64);
#35=CYLINDRICAL_SURFACE('',#2535,1.52);
#36=CYLINDRICAL_SURFACE('',#2536,0.639999999999999);
#37=CYLINDRICAL_SURFACE('',#2539,0.640000000000009);
#38=CYLINDRICAL_SURFACE('',#2540,0.88);
#39=CYLINDRICAL_SURFACE('',#2541,1.28);
#40=CYLINDRICAL_SURFACE('',#2554,1.28);
#41=CYLINDRICAL_SURFACE('',#2555,0.88);
#42=CYLINDRICAL_SURFACE('',#2556,1.26141965408795);
#43=CYLINDRICAL_SURFACE('',#2559,0.64);
#44=CYLINDRICAL_SURFACE('',#2560,1.52);
#45=CYLINDRICAL_SURFACE('',#2561,0.64);
#46=FACE_BOUND('',#481,.T.);
#47=FACE_BOUND('',#482,.T.);
#48=FACE_BOUND('',#483,.T.);
#49=FACE_BOUND('',#484,.T.);
#50=FACE_BOUND('',#485,.T.);
#51=FACE_BOUND('',#486,.T.);
#52=FACE_BOUND('',#487,.T.);
#53=FACE_BOUND('',#488,.T.);
#54=FACE_BOUND('',#489,.T.);
#55=FACE_BOUND('',#490,.T.);
#56=FACE_BOUND('',#491,.T.);
#57=FACE_BOUND('',#492,.T.);
#58=FACE_BOUND('',#496,.T.);
#59=FACE_BOUND('',#497,.T.);
#60=FACE_BOUND('',#498,.T.);
#61=FACE_BOUND('',#499,.T.);
#62=FACE_BOUND('',#500,.T.);
#63=FACE_BOUND('',#532,.T.);
#64=FACE_BOUND('',#533,.T.);
#65=CIRCLE('',#2441,1.26141965408795);
#66=CIRCLE('',#2442,0.64);
#67=CIRCLE('',#2443,1.52);
#68=CIRCLE('',#2444,0.64);
#69=CIRCLE('',#2445,1.28);
#70=CIRCLE('',#2446,0.88);
#71=CIRCLE('',#2448,1.26141965408795);
#72=CIRCLE('',#2449,0.88);
#73=CIRCLE('',#2450,1.28);
#74=CIRCLE('',#2451,0.64);
#75=CIRCLE('',#2452,1.52);
#76=CIRCLE('',#2453,0.64);
#77=CIRCLE('',#2457,0.640000000000009);
#78=CIRCLE('',#2458,0.88);
#79=CIRCLE('',#2459,1.28);
#80=CIRCLE('',#2460,0.64);
#81=CIRCLE('',#2461,1.52);
#82=CIRCLE('',#2462,0.639999999999999);
#83=CIRCLE('',#2464,0.640000000000009);
#84=CIRCLE('',#2465,0.639999999999999);
#85=CIRCLE('',#2466,1.52);
#86=CIRCLE('',#2467,0.64);
#87=CIRCLE('',#2468,1.28);
#88=CIRCLE('',#2469,0.88);
#89=ADVANCED_FACE('',(#345),#223,.F.);
#90=ADVANCED_FACE('',(#346),#224,.T.);
#91=ADVANCED_FACE('',(#347),#225,.F.);
#92=ADVANCED_FACE('',(#348),#226,.F.);
#93=ADVANCED_FACE('',(#349),#227,.F.);
#94=ADVANCED_FACE('',(#350),#228,.F.);
#95=ADVANCED_FACE('',(#351),#229,.T.);
#96=ADVANCED_FACE('',(#352),#230,.F.);
#97=ADVANCED_FACE('',(#46,#47,#48,#49,#50,#51,#52),#231,.F.);
#98=ADVANCED_FACE('',(#53,#54),#232,.T.);
#99=ADVANCED_FACE('',(#55,#56,#57),#233,.T.);
#100=ADVANCED_FACE('',(#353),#234,.T.);
#101=ADVANCED_FACE('',(#354),#235,.T.);
#102=ADVANCED_FACE('',(#355),#236,.T.);
#103=ADVANCED_FACE('',(#58,#59,#60),#237,.T.);
#104=ADVANCED_FACE('',(#61,#62),#238,.T.);
#105=ADVANCED_FACE('',(#356),#239,.T.);
#106=ADVANCED_FACE('',(#357),#240,.F.);
#107=ADVANCED_FACE('',(#358),#241,.F.);
#108=ADVANCED_FACE('',(#359),#242,.F.);
#109=ADVANCED_FACE('',(#360),#243,.F.);
#110=ADVANCED_FACE('',(#361),#244,.T.);
#111=ADVANCED_FACE('',(#362),#245,.T.);
#112=ADVANCED_FACE('',(#363),#246,.T.);
#113=ADVANCED_FACE('',(#364),#247,.T.);
#114=ADVANCED_FACE('',(#365),#248,.T.);
#115=ADVANCED_FACE('',(#366),#249,.T.);
#116=ADVANCED_FACE('',(#367),#250,.F.);
#117=ADVANCED_FACE('',(#368),#251,.T.);
#118=ADVANCED_FACE('',(#369),#252,.T.);
#119=ADVANCED_FACE('',(#370),#253,.T.);
#120=ADVANCED_FACE('',(#371),#254,.F.);
#121=ADVANCED_FACE('',(#372),#255,.T.);
#122=ADVANCED_FACE('',(#373),#256,.T.);
#123=ADVANCED_FACE('',(#374),#257,.T.);
#124=ADVANCED_FACE('',(#375),#258,.F.);
#125=ADVANCED_FACE('',(#376),#259,.F.);
#126=ADVANCED_FACE('',(#377),#260,.F.);
#127=ADVANCED_FACE('',(#378),#261,.F.);
#128=ADVANCED_FACE('',(#379),#262,.T.);
#129=ADVANCED_FACE('',(#380),#263,.F.);
#130=ADVANCED_FACE('',(#381),#264,.F.);
#131=ADVANCED_FACE('',(#382),#265,.F.);
#132=ADVANCED_FACE('',(#383),#266,.F.);
#133=ADVANCED_FACE('',(#384),#267,.F.);
#134=ADVANCED_FACE('',(#385),#268,.F.);
#135=ADVANCED_FACE('',(#386),#269,.F.);
#136=ADVANCED_FACE('',(#63,#64),#270,.T.);
#137=ADVANCED_FACE('',(#387),#271,.F.);
#138=ADVANCED_FACE('',(#388),#272,.F.);
#139=ADVANCED_FACE('',(#389),#273,.F.);
#140=ADVANCED_FACE('',(#390),#274,.F.);
#141=ADVANCED_FACE('',(#391),#275,.T.);
#142=ADVANCED_FACE('',(#392),#276,.T.);
#143=ADVANCED_FACE('',(#393),#277,.T.);
#144=ADVANCED_FACE('',(#394),#278,.F.);
#145=ADVANCED_FACE('',(#395),#279,.T.);
#146=ADVANCED_FACE('',(#396),#280,.T.);
#147=ADVANCED_FACE('',(#397),#281,.T.);
#148=ADVANCED_FACE('',(#398),#282,.T.);
#149=ADVANCED_FACE('',(#399),#283,.F.);
#150=ADVANCED_FACE('',(#400),#284,.T.);
#151=ADVANCED_FACE('',(#401),#285,.F.);
#152=ADVANCED_FACE('',(#402),#286,.F.);
#153=ADVANCED_FACE('',(#403),#287,.F.);
#154=ADVANCED_FACE('',(#404),#288,.T.);
#155=ADVANCED_FACE('',(#405),#289,.F.);
#156=ADVANCED_FACE('',(#406),#290,.F.);
#157=ADVANCED_FACE('',(#407),#291,.F.);
#158=ADVANCED_FACE('',(#408),#292,.F.);
#159=ADVANCED_FACE('',(#409),#34,.F.);
#160=ADVANCED_FACE('',(#410),#35,.T.);
#161=ADVANCED_FACE('',(#411),#36,.F.);
#162=ADVANCED_FACE('',(#412),#293,.F.);
#163=ADVANCED_FACE('',(#413),#294,.F.);
#164=ADVANCED_FACE('',(#414),#37,.T.);
#165=ADVANCED_FACE('',(#415),#38,.F.);
#166=ADVANCED_FACE('',(#416),#39,.T.);
#167=ADVANCED_FACE('',(#417),#295,.F.);
#168=ADVANCED_FACE('',(#418),#296,.F.);
#169=ADVANCED_FACE('',(#419),#297,.F.);
#170=ADVANCED_FACE('',(#420),#298,.F.);
#171=ADVANCED_FACE('',(#421),#299,.F.);
#172=ADVANCED_FACE('',(#422),#300,.F.);
#173=ADVANCED_FACE('',(#423),#301,.T.);
#174=ADVANCED_FACE('',(#424),#302,.F.);
#175=ADVANCED_FACE('',(#425),#303,.F.);
#176=ADVANCED_FACE('',(#426),#304,.F.);
#177=ADVANCED_FACE('',(#427),#305,.F.);
#178=ADVANCED_FACE('',(#428),#306,.F.);
#179=ADVANCED_FACE('',(#429),#40,.T.);
#180=ADVANCED_FACE('',(#430),#41,.F.);
#181=ADVANCED_FACE('',(#431),#42,.T.);
#182=ADVANCED_FACE('',(#432),#307,.F.);
#183=ADVANCED_FACE('',(#433),#308,.F.);
#184=ADVANCED_FACE('',(#434),#43,.F.);
#185=ADVANCED_FACE('',(#435),#44,.T.);
#186=ADVANCED_FACE('',(#436),#45,.F.);
#187=ADVANCED_FACE('',(#437),#309,.F.);
#188=ADVANCED_FACE('',(#438),#310,.F.);
#189=ADVANCED_FACE('',(#439),#311,.F.);
#190=ADVANCED_FACE('',(#440),#312,.F.);
#191=ADVANCED_FACE('',(#441),#313,.F.);
#192=ADVANCED_FACE('',(#442),#314,.F.);
#193=ADVANCED_FACE('',(#443),#315,.F.);
#194=ADVANCED_FACE('',(#444),#316,.F.);
#195=ADVANCED_FACE('',(#445),#317,.T.);
#196=ADVANCED_FACE('',(#446),#318,.F.);
#197=ADVANCED_FACE('',(#447),#319,.F.);
#198=ADVANCED_FACE('',(#448),#320,.F.);
#199=ADVANCED_FACE('',(#449),#321,.F.);
#200=ADVANCED_FACE('',(#450),#322,.T.);
#201=ADVANCED_FACE('',(#451),#323,.F.);
#202=ADVANCED_FACE('',(#452),#324,.F.);
#203=ADVANCED_FACE('',(#453),#325,.F.);
#204=ADVANCED_FACE('',(#454),#326,.F.);
#205=ADVANCED_FACE('',(#455),#327,.F.);
#206=ADVANCED_FACE('',(#456),#328,.F.);
#207=ADVANCED_FACE('',(#457),#329,.T.);
#208=ADVANCED_FACE('',(#458),#330,.T.);
#209=ADVANCED_FACE('',(#459),#331,.T.);
#210=ADVANCED_FACE('',(#460),#332,.T.);
#211=ADVANCED_FACE('',(#461),#333,.F.);
#212=ADVANCED_FACE('',(#462),#334,.T.);
#213=ADVANCED_FACE('',(#463),#335,.T.);
#214=ADVANCED_FACE('',(#464),#336,.T.);
#215=ADVANCED_FACE('',(#465),#337,.T.);
#216=ADVANCED_FACE('',(#466),#338,.F.);
#217=ADVANCED_FACE('',(#467),#339,.T.);
#218=ADVANCED_FACE('',(#468),#340,.T.);
#219=ADVANCED_FACE('',(#469),#341,.T.);
#220=ADVANCED_FACE('',(#470),#342,.T.);
#221=ADVANCED_FACE('',(#471),#343,.T.);
#222=ADVANCED_FACE('',(#472),#344,.T.);
#223=PLANE('',#2440);
#224=PLANE('',#2447);
#225=PLANE('',#2454);
#226=PLANE('',#2455);
#227=PLANE('',#2456);
#228=PLANE('',#2463);
#229=PLANE('',#2470);
#230=PLANE('',#2471);
#231=PLANE('',#2472);
#232=PLANE('',#2473);
#233=PLANE('',#2474);
#234=PLANE('',#2475);
#235=PLANE('',#2476);
#236=PLANE('',#2477);
#237=PLANE('',#2478);
#238=PLANE('',#2479);
#239=PLANE('',#2480);
#240=PLANE('',#2481);
#241=PLANE('',#2482);
#242=PLANE('',#2483);
#243=PLANE('',#2484);
#244=PLANE('',#2485);
#245=PLANE('',#2486);
#246=PLANE('',#2487);
#247=PLANE('',#2488);
#248=PLANE('',#2489);
#249=PLANE('',#2490);
#250=PLANE('',#2491);
#251=PLANE('',#2492);
#252=PLANE('',#2493);
#253=PLANE('',#2494);
#254=PLANE('',#2495);
#255=PLANE('',#2496);
#256=PLANE('',#2497);
#257=PLANE('',#2498);
#258=PLANE('',#2499);
#259=PLANE('',#2500);
#260=PLANE('',#2501);
#261=PLANE('',#2502);
#262=PLANE('',#2503);
#263=PLANE('',#2504);
#264=PLANE('',#2505);
#265=PLANE('',#2506);
#266=PLANE('',#2507);
#267=PLANE('',#2508);
#268=PLANE('',#2509);
#269=PLANE('',#2510);
#270=PLANE('',#2511);
#271=PLANE('',#2512);
#272=PLANE('',#2513);
#273=PLANE('',#2514);
#274=PLANE('',#2515);
#275=PLANE('',#2516);
#276=PLANE('',#2517);
#277=PLANE('',#2518);
#278=PLANE('',#2519);
#279=PLANE('',#2520);
#280=PLANE('',#2521);
#281=PLANE('',#2522);
#282=PLANE('',#2523);
#283=PLANE('',#2524);
#284=PLANE('',#2525);
#285=PLANE('',#2526);
#286=PLANE('',#2527);
#287=PLANE('',#2528);
#288=PLANE('',#2529);
#289=PLANE('',#2530);
#290=PLANE('',#2531);
#291=PLANE('',#2532);
#292=PLANE('',#2533);
#293=PLANE('',#2537);
#294=PLANE('',#2538);
#295=PLANE('',#2542);
#296=PLANE('',#2543);
#297=PLANE('',#2544);
#298=PLANE('',#2545);
#299=PLANE('',#2546);
#300=PLANE('',#2547);
#301=PLANE('',#2548);
#302=PLANE('',#2549);
#303=PLANE('',#2550);
#304=PLANE('',#2551);
#305=PLANE('',#2552);
#306=PLANE('',#2553);
#307=PLANE('',#2557);
#308=PLANE('',#2558);
#309=PLANE('',#2562);
#310=PLANE('',#2563);
#311=PLANE('',#2564);
#312=PLANE('',#2565);
#313=PLANE('',#2566);
#314=PLANE('',#2567);
#315=PLANE('',#2568);
#316=PLANE('',#2569);
#317=PLANE('',#2570);
#318=PLANE('',#2571);
#319=PLANE('',#2572);
#320=PLANE('',#2573);
#321=PLANE('',#2574);
#322=PLANE('',#2575);
#323=PLANE('',#2576);
#324=PLANE('',#2577);
#325=PLANE('',#2578);
#326=PLANE('',#2579);
#327=PLANE('',#2580);
#328=PLANE('',#2581);
#329=PLANE('',#2582);
#330=PLANE('',#2583);
#331=PLANE('',#2584);
#332=PLANE('',#2585);
#333=PLANE('',#2586);
#334=PLANE('',#2587);
#335=PLANE('',#2588);
#336=PLANE('',#2589);
#337=PLANE('',#2590);
#338=PLANE('',#2591);
#339=PLANE('',#2592);
#340=PLANE('',#2593);
#341=PLANE('',#2594);
#342=PLANE('',#2595);
#343=PLANE('',#2596);
#344=PLANE('',#2597);
#345=FACE_OUTER_BOUND('',#473,.T.);
#346=FACE_OUTER_BOUND('',#474,.T.);
#347=FACE_OUTER_BOUND('',#475,.T.);
#348=FACE_OUTER_BOUND('',#476,.T.);
#349=FACE_OUTER_BOUND('',#477,.T.);
#350=FACE_OUTER_BOUND('',#478,.T.);
#351=FACE_OUTER_BOUND('',#479,.T.);
#352=FACE_OUTER_BOUND('',#480,.T.);
#353=FACE_OUTER_BOUND('',#493,.T.);
#354=FACE_OUTER_BOUND('',#494,.T.);
#355=FACE_OUTER_BOUND('',#495,.T.);
#356=FACE_OUTER_BOUND('',#501,.T.);
#357=FACE_OUTER_BOUND('',#502,.T.);
#358=FACE_OUTER_BOUND('',#503,.T.);
#359=FACE_OUTER_BOUND('',#504,.T.);
#360=FACE_OUTER_BOUND('',#505,.T.);
#361=FACE_OUTER_BOUND('',#506,.T.);
#362=FACE_OUTER_BOUND('',#507,.T.);
#363=FACE_OUTER_BOUND('',#508,.T.);
#364=FACE_OUTER_BOUND('',#509,.T.);
#365=FACE_OUTER_BOUND('',#510,.T.);
#366=FACE_OUTER_BOUND('',#511,.T.);
#367=FACE_OUTER_BOUND('',#512,.T.);
#368=FACE_OUTER_BOUND('',#513,.T.);
#369=FACE_OUTER_BOUND('',#514,.T.);
#370=FACE_OUTER_BOUND('',#515,.T.);
#371=FACE_OUTER_BOUND('',#516,.T.);
#372=FACE_OUTER_BOUND('',#517,.T.);
#373=FACE_OUTER_BOUND('',#518,.T.);
#374=FACE_OUTER_BOUND('',#519,.T.);
#375=FACE_OUTER_BOUND('',#520,.T.);
#376=FACE_OUTER_BOUND('',#521,.T.);
#377=FACE_OUTER_BOUND('',#522,.T.);
#378=FACE_OUTER_BOUND('',#523,.T.);
#379=FACE_OUTER_BOUND('',#524,.T.);
#380=FACE_OUTER_BOUND('',#525,.T.);
#381=FACE_OUTER_BOUND('',#526,.T.);
#382=FACE_OUTER_BOUND('',#527,.T.);
#383=FACE_OUTER_BOUND('',#528,.T.);
#384=FACE_OUTER_BOUND('',#529,.T.);
#385=FACE_OUTER_BOUND('',#530,.T.);
#386=FACE_OUTER_BOUND('',#531,.T.);
#387=FACE_OUTER_BOUND('',#534,.T.);
#388=FACE_OUTER_BOUND('',#535,.T.);
#389=FACE_OUTER_BOUND('',#536,.T.);
#390=FACE_OUTER_BOUND('',#537,.T.);
#391=FACE_OUTER_BOUND('',#538,.T.);
#392=FACE_OUTER_BOUND('',#539,.T.);
#393=FACE_OUTER_BOUND('',#540,.T.);
#394=FACE_OUTER_BOUND('',#541,.T.);
#395=FACE_OUTER_BOUND('',#542,.T.);
#396=FACE_OUTER_BOUND('',#543,.T.);
#397=FACE_OUTER_BOUND('',#544,.T.);
#398=FACE_OUTER_BOUND('',#545,.T.);
#399=FACE_OUTER_BOUND('',#546,.T.);
#400=FACE_OUTER_BOUND('',#547,.T.);
#401=FACE_OUTER_BOUND('',#548,.T.);
#402=FACE_OUTER_BOUND('',#549,.T.);
#403=FACE_OUTER_BOUND('',#550,.T.);
#404=FACE_OUTER_BOUND('',#551,.T.);
#405=FACE_OUTER_BOUND('',#552,.T.);
#406=FACE_OUTER_BOUND('',#553,.T.);
#407=FACE_OUTER_BOUND('',#554,.T.);
#408=FACE_OUTER_BOUND('',#555,.T.);
#409=FACE_OUTER_BOUND('',#556,.T.);
#410=FACE_OUTER_BOUND('',#557,.T.);
#411=FACE_OUTER_BOUND('',#558,.T.);
#412=FACE_OUTER_BOUND('',#559,.T.);
#413=FACE_OUTER_BOUND('',#560,.T.);
#414=FACE_OUTER_BOUND('',#561,.T.);
#415=FACE_OUTER_BOUND('',#562,.T.);
#416=FACE_OUTER_BOUND('',#563,.T.);
#417=FACE_OUTER_BOUND('',#564,.T.);
#418=FACE_OUTER_BOUND('',#565,.T.);
#419=FACE_OUTER_BOUND('',#566,.T.);
#420=FACE_OUTER_BOUND('',#567,.T.);
#421=FACE_OUTER_BOUND('',#568,.T.);
#422=FACE_OUTER_BOUND('',#569,.T.);
#423=FACE_OUTER_BOUND('',#570,.T.);
#424=FACE_OUTER_BOUND('',#571,.T.);
#425=FACE_OUTER_BOUND('',#572,.T.);
#426=FACE_OUTER_BOUND('',#573,.T.);
#427=FACE_OUTER_BOUND('',#574,.T.);
#428=FACE_OUTER_BOUND('',#575,.T.);
#429=FACE_OUTER_BOUND('',#576,.T.);
#430=FACE_OUTER_BOUND('',#577,.T.);
#431=FACE_OUTER_BOUND('',#578,.T.);
#432=FACE_OUTER_BOUND('',#579,.T.);
#433=FACE_OUTER_BOUND('',#580,.T.);
#434=FACE_OUTER_BOUND('',#581,.T.);
#435=FACE_OUTER_BOUND('',#582,.T.);
#436=FACE_OUTER_BOUND('',#583,.T.);
#437=FACE_OUTER_BOUND('',#584,.T.);
#438=FACE_OUTER_BOUND('',#585,.T.);
#439=FACE_OUTER_BOUND('',#586,.T.);
#440=FACE_OUTER_BOUND('',#587,.T.);
#441=FACE_OUTER_BOUND('',#588,.T.);
#442=FACE_OUTER_BOUND('',#589,.T.);
#443=FACE_OUTER_BOUND('',#590,.T.);
#444=FACE_OUTER_BOUND('',#591,.T.);
#445=FACE_OUTER_BOUND('',#592,.T.);
#446=FACE_OUTER_BOUND('',#593,.T.);
#447=FACE_OUTER_BOUND('',#594,.T.);
#448=FACE_OUTER_BOUND('',#595,.T.);
#449=FACE_OUTER_BOUND('',#596,.T.);
#450=FACE_OUTER_BOUND('',#597,.T.);
#451=FACE_OUTER_BOUND('',#598,.T.);
#452=FACE_OUTER_BOUND('',#599,.T.);
#453=FACE_OUTER_BOUND('',#600,.T.);
#454=FACE_OUTER_BOUND('',#601,.T.);
#455=FACE_OUTER_BOUND('',#602,.T.);
#456=FACE_OUTER_BOUND('',#603,.T.);
#457=FACE_OUTER_BOUND('',#604,.T.);
#458=FACE_OUTER_BOUND('',#605,.T.);
#459=FACE_OUTER_BOUND('',#606,.T.);
#460=FACE_OUTER_BOUND('',#607,.T.);
#461=FACE_OUTER_BOUND('',#608,.T.);
#462=FACE_OUTER_BOUND('',#609,.T.);
#463=FACE_OUTER_BOUND('',#610,.T.);
#464=FACE_OUTER_BOUND('',#611,.T.);
#465=FACE_OUTER_BOUND('',#612,.T.);
#466=FACE_OUTER_BOUND('',#613,.T.);
#467=FACE_OUTER_BOUND('',#614,.T.);
#468=FACE_OUTER_BOUND('',#615,.T.);
#469=FACE_OUTER_BOUND('',#616,.T.);
#470=FACE_OUTER_BOUND('',#617,.T.);
#471=FACE_OUTER_BOUND('',#618,.T.);
#472=FACE_OUTER_BOUND('',#619,.T.);
#473=EDGE_LOOP('',(#620,#621,#622,#623));
#474=EDGE_LOOP('',(#624,#625,#626,#627,#628,#629,#630,#631,#632,#633));
#475=EDGE_LOOP('',(#634,#635,#636,#637,#638,#639,#640,#641,#642,#643));
#476=EDGE_LOOP('',(#644,#645,#646,#647));
#477=EDGE_LOOP('',(#648,#649,#650,#651));
#478=EDGE_LOOP('',(#652,#653,#654,#655,#656,#657,#658,#659,#660,#661));
#479=EDGE_LOOP('',(#662,#663,#664,#665,#666,#667,#668,#669,#670,#671));
#480=EDGE_LOOP('',(#672,#673,#674,#675));
#481=EDGE_LOOP('',(#676,#677,#678,#679));
#482=EDGE_LOOP('',(#680,#681,#682,#683));
#483=EDGE_LOOP('',(#684,#685,#686,#687));
#484=EDGE_LOOP('',(#688,#689,#690,#691,#692,#693,#694,#695));
#485=EDGE_LOOP('',(#696,#697,#698,#699));
#486=EDGE_LOOP('',(#700,#701,#702,#703));
#487=EDGE_LOOP('',(#704,#705,#706,#707));
#488=EDGE_LOOP('',(#708,#709,#710,#711));
#489=EDGE_LOOP('',(#712,#713,#714,#715));
#490=EDGE_LOOP('',(#716,#717,#718,#719));
#491=EDGE_LOOP('',(#720,#721,#722,#723));
#492=EDGE_LOOP('',(#724,#725,#726,#727,#728,#729,#730,#731,#732,#733));
#493=EDGE_LOOP('',(#734,#735,#736,#737));
#494=EDGE_LOOP('',(#738,#739,#740,#741));
#495=EDGE_LOOP('',(#742,#743,#744,#745,#746,#747,#748,#749));
#496=EDGE_LOOP('',(#750,#751,#752,#753));
#497=EDGE_LOOP('',(#754,#755,#756,#757,#758));
#498=EDGE_LOOP('',(#759,#760,#761,#762,#763,#764,#765,#766));
#499=EDGE_LOOP('',(#767,#768,#769,#770,#771,#772));
#500=EDGE_LOOP('',(#773,#774,#775,#776));
#501=EDGE_LOOP('',(#777,#778,#779,#780,#781,#782,#783,#784));
#502=EDGE_LOOP('',(#785,#786,#787,#788));
#503=EDGE_LOOP('',(#789,#790,#791,#792));
#504=EDGE_LOOP('',(#793,#794,#795,#796));
#505=EDGE_LOOP('',(#797,#798,#799,#800));
#506=EDGE_LOOP('',(#801,#802,#803,#804));
#507=EDGE_LOOP('',(#805,#806,#807,#808,#809));
#508=EDGE_LOOP('',(#810,#811,#812,#813,#814));
#509=EDGE_LOOP('',(#815,#816,#817,#818));
#510=EDGE_LOOP('',(#819,#820,#821,#822));
#511=EDGE_LOOP('',(#823,#824,#825));
#512=EDGE_LOOP('',(#826,#827,#828));
#513=EDGE_LOOP('',(#829,#830,#831,#832));
#514=EDGE_LOOP('',(#833,#834,#835,#836));
#515=EDGE_LOOP('',(#837,#838,#839));
#516=EDGE_LOOP('',(#840,#841,#842));
#517=EDGE_LOOP('',(#843,#844,#845,#846));
#518=EDGE_LOOP('',(#847,#848,#849,#850));
#519=EDGE_LOOP('',(#851,#852,#853,#854));
#520=EDGE_LOOP('',(#855,#856,#857,#858,#859));
#521=EDGE_LOOP('',(#860,#861,#862,#863));
#522=EDGE_LOOP('',(#864,#865,#866,#867));
#523=EDGE_LOOP('',(#868,#869,#870,#871));
#524=EDGE_LOOP('',(#872,#873,#874,#875,#876));
#525=EDGE_LOOP('',(#877,#878,#879,#880));
#526=EDGE_LOOP('',(#881,#882,#883,#884));
#527=EDGE_LOOP('',(#885,#886,#887,#888));
#528=EDGE_LOOP('',(#889,#890,#891,#892));
#529=EDGE_LOOP('',(#893,#894,#895,#896));
#530=EDGE_LOOP('',(#897,#898,#899,#900));
#531=EDGE_LOOP('',(#901,#902,#903,#904));
#532=EDGE_LOOP('',(#905,#906,#907,#908));
#533=EDGE_LOOP('',(#909,#910,#911,#912,#913));
#534=EDGE_LOOP('',(#914,#915,#916,#917));
#535=EDGE_LOOP('',(#918,#919,#920,#921));
#536=EDGE_LOOP('',(#922,#923,#924,#925));
#537=EDGE_LOOP('',(#926,#927,#928,#929));
#538=EDGE_LOOP('',(#930,#931,#932,#933));
#539=EDGE_LOOP('',(#934,#935,#936,#937));
#540=EDGE_LOOP('',(#938,#939,#940,#941));
#541=EDGE_LOOP('',(#942,#943,#944,#945));
#542=EDGE_LOOP('',(#946,#947,#948,#949));
#543=EDGE_LOOP('',(#950,#951,#952,#953));
#544=EDGE_LOOP('',(#954,#955,#956,#957));
#545=EDGE_LOOP('',(#958,#959,#960,#961));
#546=EDGE_LOOP('',(#962,#963,#964,#965));
#547=EDGE_LOOP('',(#966,#967,#968,#969));
#548=EDGE_LOOP('',(#970,#971,#972,#973));
#549=EDGE_LOOP('',(#974,#975,#976,#977));
#550=EDGE_LOOP('',(#978,#979,#980,#981));
#551=EDGE_LOOP('',(#982,#983,#984,#985));
#552=EDGE_LOOP('',(#986,#987,#988,#989));
#553=EDGE_LOOP('',(#990,#991,#992,#993));
#554=EDGE_LOOP('',(#994,#995,#996,#997));
#555=EDGE_LOOP('',(#998,#999,#1000,#1001));
#556=EDGE_LOOP('',(#1002,#1003,#1004,#1005));
#557=EDGE_LOOP('',(#1006,#1007,#1008,#1009));
#558=EDGE_LOOP('',(#1010,#1011,#1012,#1013));
#559=EDGE_LOOP('',(#1014,#1015,#1016,#1017));
#560=EDGE_LOOP('',(#1018,#1019,#1020,#1021));
#561=EDGE_LOOP('',(#1022,#1023,#1024,#1025));
#562=EDGE_LOOP('',(#1026,#1027,#1028,#1029));
#563=EDGE_LOOP('',(#1030,#1031,#1032,#1033));
#564=EDGE_LOOP('',(#1034,#1035,#1036,#1037));
#565=EDGE_LOOP('',(#1038,#1039,#1040,#1041));
#566=EDGE_LOOP('',(#1042,#1043,#1044,#1045));
#567=EDGE_LOOP('',(#1046,#1047,#1048,#1049));
#568=EDGE_LOOP('',(#1050,#1051,#1052,#1053));
#569=EDGE_LOOP('',(#1054,#1055,#1056,#1057));
#570=EDGE_LOOP('',(#1058,#1059,#1060,#1061));
#571=EDGE_LOOP('',(#1062,#1063,#1064,#1065));
#572=EDGE_LOOP('',(#1066,#1067,#1068,#1069));
#573=EDGE_LOOP('',(#1070,#1071,#1072,#1073));
#574=EDGE_LOOP('',(#1074,#1075,#1076,#1077));
#575=EDGE_LOOP('',(#1078,#1079,#1080,#1081));
#576=EDGE_LOOP('',(#1082,#1083,#1084,#1085));
#577=EDGE_LOOP('',(#1086,#1087,#1088,#1089));
#578=EDGE_LOOP('',(#1090,#1091,#1092,#1093));
#579=EDGE_LOOP('',(#1094,#1095,#1096,#1097));
#580=EDGE_LOOP('',(#1098,#1099,#1100,#1101));
#581=EDGE_LOOP('',(#1102,#1103,#1104,#1105));
#582=EDGE_LOOP('',(#1106,#1107,#1108,#1109));
#583=EDGE_LOOP('',(#1110,#1111,#1112,#1113));
#584=EDGE_LOOP('',(#1114,#1115,#1116,#1117));
#585=EDGE_LOOP('',(#1118,#1119,#1120,#1121));
#586=EDGE_LOOP('',(#1122,#1123,#1124,#1125));
#587=EDGE_LOOP('',(#1126,#1127,#1128,#1129));
#588=EDGE_LOOP('',(#1130,#1131,#1132,#1133));
#589=EDGE_LOOP('',(#1134,#1135,#1136,#1137));
#590=EDGE_LOOP('',(#1138,#1139,#1140,#1141));
#591=EDGE_LOOP('',(#1142,#1143,#1144,#1145));
#592=EDGE_LOOP('',(#1146,#1147,#1148,#1149,#1150,#1151,#1152));
#593=EDGE_LOOP('',(#1153,#1154,#1155,#1156,#1157,#1158,#1159));
#594=EDGE_LOOP('',(#1160,#1161,#1162,#1163));
#595=EDGE_LOOP('',(#1164,#1165,#1166,#1167));
#596=EDGE_LOOP('',(#1168,#1169,#1170,#1171));
#597=EDGE_LOOP('',(#1172,#1173,#1174,#1175,#1176,#1177,#1178));
#598=EDGE_LOOP('',(#1179,#1180,#1181,#1182,#1183,#1184,#1185));
#599=EDGE_LOOP('',(#1186,#1187,#1188,#1189));
#600=EDGE_LOOP('',(#1190,#1191,#1192,#1193));
#601=EDGE_LOOP('',(#1194,#1195,#1196,#1197));
#602=EDGE_LOOP('',(#1198,#1199,#1200,#1201));
#603=EDGE_LOOP('',(#1202,#1203,#1204,#1205));
#604=EDGE_LOOP('',(#1206,#1207,#1208,#1209));
#605=EDGE_LOOP('',(#1210,#1211,#1212,#1213));
#606=EDGE_LOOP('',(#1214,#1215,#1216,#1217));
#607=EDGE_LOOP('',(#1218,#1219,#1220,#1221));
#608=EDGE_LOOP('',(#1222,#1223,#1224,#1225,#1226,#1227,#1228));
#609=EDGE_LOOP('',(#1229,#1230,#1231,#1232,#1233,#1234,#1235));
#610=EDGE_LOOP('',(#1236,#1237,#1238,#1239));
#611=EDGE_LOOP('',(#1240,#1241,#1242,#1243));
#612=EDGE_LOOP('',(#1244,#1245,#1246,#1247));
#613=EDGE_LOOP('',(#1248,#1249,#1250,#1251,#1252,#1253,#1254));
#614=EDGE_LOOP('',(#1255,#1256,#1257,#1258,#1259,#1260,#1261));
#615=EDGE_LOOP('',(#1262,#1263,#1264,#1265));
#616=EDGE_LOOP('',(#1266,#1267,#1268,#1269));
#617=EDGE_LOOP('',(#1270,#1271,#1272,#1273));
#618=EDGE_LOOP('',(#1274,#1275,#1276,#1277));
#619=EDGE_LOOP('',(#1278,#1279,#1280,#1281));
#620=ORIENTED_EDGE('',*,*,#1494,.F.);
#621=ORIENTED_EDGE('',*,*,#1495,.T.);
#622=ORIENTED_EDGE('',*,*,#1496,.T.);
#623=ORIENTED_EDGE('',*,*,#1497,.F.);
#624=ORIENTED_EDGE('',*,*,#1498,.T.);
#625=ORIENTED_EDGE('',*,*,#1499,.T.);
#626=ORIENTED_EDGE('',*,*,#1500,.T.);
#627=ORIENTED_EDGE('',*,*,#1501,.T.);
#628=ORIENTED_EDGE('',*,*,#1502,.T.);
#629=ORIENTED_EDGE('',*,*,#1503,.T.);
#630=ORIENTED_EDGE('',*,*,#1504,.F.);
#631=ORIENTED_EDGE('',*,*,#1505,.T.);
#632=ORIENTED_EDGE('',*,*,#1506,.T.);
#633=ORIENTED_EDGE('',*,*,#1507,.T.);
#634=ORIENTED_EDGE('',*,*,#1508,.F.);
#635=ORIENTED_EDGE('',*,*,#1509,.F.);
#636=ORIENTED_EDGE('',*,*,#1510,.F.);
#637=ORIENTED_EDGE('',*,*,#1511,.F.);
#638=ORIENTED_EDGE('',*,*,#1512,.F.);
#639=ORIENTED_EDGE('',*,*,#1513,.T.);
#640=ORIENTED_EDGE('',*,*,#1514,.F.);
#641=ORIENTED_EDGE('',*,*,#1515,.F.);
#642=ORIENTED_EDGE('',*,*,#1516,.F.);
#643=ORIENTED_EDGE('',*,*,#1517,.F.);
#644=ORIENTED_EDGE('',*,*,#1518,.T.);
#645=ORIENTED_EDGE('',*,*,#1519,.T.);
#646=ORIENTED_EDGE('',*,*,#1520,.F.);
#647=ORIENTED_EDGE('',*,*,#1521,.F.);
#648=ORIENTED_EDGE('',*,*,#1522,.T.);
#649=ORIENTED_EDGE('',*,*,#1523,.T.);
#650=ORIENTED_EDGE('',*,*,#1524,.F.);
#651=ORIENTED_EDGE('',*,*,#1525,.F.);
#652=ORIENTED_EDGE('',*,*,#1526,.F.);
#653=ORIENTED_EDGE('',*,*,#1527,.T.);
#654=ORIENTED_EDGE('',*,*,#1528,.T.);
#655=ORIENTED_EDGE('',*,*,#1529,.T.);
#656=ORIENTED_EDGE('',*,*,#1530,.T.);
#657=ORIENTED_EDGE('',*,*,#1531,.T.);
#658=ORIENTED_EDGE('',*,*,#1532,.T.);
#659=ORIENTED_EDGE('',*,*,#1533,.T.);
#660=ORIENTED_EDGE('',*,*,#1534,.T.);
#661=ORIENTED_EDGE('',*,*,#1535,.T.);
#662=ORIENTED_EDGE('',*,*,#1536,.F.);
#663=ORIENTED_EDGE('',*,*,#1537,.T.);
#664=ORIENTED_EDGE('',*,*,#1538,.F.);
#665=ORIENTED_EDGE('',*,*,#1539,.F.);
#666=ORIENTED_EDGE('',*,*,#1540,.F.);
#667=ORIENTED_EDGE('',*,*,#1541,.F.);
#668=ORIENTED_EDGE('',*,*,#1542,.F.);
#669=ORIENTED_EDGE('',*,*,#1543,.F.);
#670=ORIENTED_EDGE('',*,*,#1544,.F.);
#671=ORIENTED_EDGE('',*,*,#1545,.F.);
#672=ORIENTED_EDGE('',*,*,#1546,.F.);
#673=ORIENTED_EDGE('',*,*,#1547,.T.);
#674=ORIENTED_EDGE('',*,*,#1548,.T.);
#675=ORIENTED_EDGE('',*,*,#1549,.F.);
#676=ORIENTED_EDGE('',*,*,#1550,.F.);
#677=ORIENTED_EDGE('',*,*,#1551,.T.);
#678=ORIENTED_EDGE('',*,*,#1552,.T.);
#679=ORIENTED_EDGE('',*,*,#1553,.T.);
#680=ORIENTED_EDGE('',*,*,#1554,.F.);
#681=ORIENTED_EDGE('',*,*,#1555,.F.);
#682=ORIENTED_EDGE('',*,*,#1556,.T.);
#683=ORIENTED_EDGE('',*,*,#1557,.T.);
#684=ORIENTED_EDGE('',*,*,#1531,.F.);
#685=ORIENTED_EDGE('',*,*,#1558,.F.);
#686=ORIENTED_EDGE('',*,*,#1542,.T.);
#687=ORIENTED_EDGE('',*,*,#1559,.F.);
#688=ORIENTED_EDGE('',*,*,#1560,.F.);
#689=ORIENTED_EDGE('',*,*,#1561,.F.);
#690=ORIENTED_EDGE('',*,*,#1562,.F.);
#691=ORIENTED_EDGE('',*,*,#1563,.F.);
#692=ORIENTED_EDGE('',*,*,#1564,.F.);
#693=ORIENTED_EDGE('',*,*,#1565,.F.);
#694=ORIENTED_EDGE('',*,*,#1566,.T.);
#695=ORIENTED_EDGE('',*,*,#1567,.T.);
#696=ORIENTED_EDGE('',*,*,#1568,.F.);
#697=ORIENTED_EDGE('',*,*,#1504,.T.);
#698=ORIENTED_EDGE('',*,*,#1569,.F.);
#699=ORIENTED_EDGE('',*,*,#1513,.F.);
#700=ORIENTED_EDGE('',*,*,#1570,.F.);
#701=ORIENTED_EDGE('',*,*,#1571,.T.);
#702=ORIENTED_EDGE('',*,*,#1572,.T.);
#703=ORIENTED_EDGE('',*,*,#1573,.F.);
#704=ORIENTED_EDGE('',*,*,#1574,.F.);
#705=ORIENTED_EDGE('',*,*,#1575,.T.);
#706=ORIENTED_EDGE('',*,*,#1576,.F.);
#707=ORIENTED_EDGE('',*,*,#1577,.F.);
#708=ORIENTED_EDGE('',*,*,#1578,.F.);
#709=ORIENTED_EDGE('',*,*,#1579,.F.);
#710=ORIENTED_EDGE('',*,*,#1580,.F.);
#711=ORIENTED_EDGE('',*,*,#1581,.F.);
#712=ORIENTED_EDGE('',*,*,#1582,.T.);
#713=ORIENTED_EDGE('',*,*,#1583,.T.);
#714=ORIENTED_EDGE('',*,*,#1584,.T.);
#715=ORIENTED_EDGE('',*,*,#1585,.F.);
#716=ORIENTED_EDGE('',*,*,#1586,.F.);
#717=ORIENTED_EDGE('',*,*,#1587,.F.);
#718=ORIENTED_EDGE('',*,*,#1588,.T.);
#719=ORIENTED_EDGE('',*,*,#1589,.T.);
#720=ORIENTED_EDGE('',*,*,#1590,.F.);
#721=ORIENTED_EDGE('',*,*,#1591,.F.);
#722=ORIENTED_EDGE('',*,*,#1592,.T.);
#723=ORIENTED_EDGE('',*,*,#1593,.T.);
#724=ORIENTED_EDGE('',*,*,#1594,.T.);
#725=ORIENTED_EDGE('',*,*,#1595,.T.);
#726=ORIENTED_EDGE('',*,*,#1596,.T.);
#727=ORIENTED_EDGE('',*,*,#1597,.T.);
#728=ORIENTED_EDGE('',*,*,#1565,.T.);
#729=ORIENTED_EDGE('',*,*,#1598,.F.);
#730=ORIENTED_EDGE('',*,*,#1599,.F.);
#731=ORIENTED_EDGE('',*,*,#1600,.T.);
#732=ORIENTED_EDGE('',*,*,#1601,.T.);
#733=ORIENTED_EDGE('',*,*,#1602,.F.);
#734=ORIENTED_EDGE('',*,*,#1603,.T.);
#735=ORIENTED_EDGE('',*,*,#1604,.T.);
#736=ORIENTED_EDGE('',*,*,#1605,.F.);
#737=ORIENTED_EDGE('',*,*,#1606,.T.);
#738=ORIENTED_EDGE('',*,*,#1607,.T.);
#739=ORIENTED_EDGE('',*,*,#1608,.T.);
#740=ORIENTED_EDGE('',*,*,#1609,.F.);
#741=ORIENTED_EDGE('',*,*,#1610,.T.);
#742=ORIENTED_EDGE('',*,*,#1611,.T.);
#743=ORIENTED_EDGE('',*,*,#1612,.T.);
#744=ORIENTED_EDGE('',*,*,#1613,.T.);
#745=ORIENTED_EDGE('',*,*,#1614,.F.);
#746=ORIENTED_EDGE('',*,*,#1562,.T.);
#747=ORIENTED_EDGE('',*,*,#1615,.T.);
#748=ORIENTED_EDGE('',*,*,#1609,.T.);
#749=ORIENTED_EDGE('',*,*,#1616,.T.);
#750=ORIENTED_EDGE('',*,*,#1617,.F.);
#751=ORIENTED_EDGE('',*,*,#1618,.F.);
#752=ORIENTED_EDGE('',*,*,#1619,.F.);
#753=ORIENTED_EDGE('',*,*,#1620,.F.);
#754=ORIENTED_EDGE('',*,*,#1621,.F.);
#755=ORIENTED_EDGE('',*,*,#1622,.F.);
#756=ORIENTED_EDGE('',*,*,#1623,.F.);
#757=ORIENTED_EDGE('',*,*,#1624,.F.);
#758=ORIENTED_EDGE('',*,*,#1625,.F.);
#759=ORIENTED_EDGE('',*,*,#1607,.F.);
#760=ORIENTED_EDGE('',*,*,#1626,.T.);
#761=ORIENTED_EDGE('',*,*,#1605,.T.);
#762=ORIENTED_EDGE('',*,*,#1627,.T.);
#763=ORIENTED_EDGE('',*,*,#1628,.T.);
#764=ORIENTED_EDGE('',*,*,#1602,.T.);
#765=ORIENTED_EDGE('',*,*,#1629,.F.);
#766=ORIENTED_EDGE('',*,*,#1630,.F.);
#767=ORIENTED_EDGE('',*,*,#1610,.F.);
#768=ORIENTED_EDGE('',*,*,#1615,.F.);
#769=ORIENTED_EDGE('',*,*,#1561,.T.);
#770=ORIENTED_EDGE('',*,*,#1631,.T.);
#771=ORIENTED_EDGE('',*,*,#1606,.F.);
#772=ORIENTED_EDGE('',*,*,#1626,.F.);
#773=ORIENTED_EDGE('',*,*,#1632,.T.);
#774=ORIENTED_EDGE('',*,*,#1633,.T.);
#775=ORIENTED_EDGE('',*,*,#1634,.F.);
#776=ORIENTED_EDGE('',*,*,#1635,.F.);
#777=ORIENTED_EDGE('',*,*,#1636,.F.);
#778=ORIENTED_EDGE('',*,*,#1637,.T.);
#779=ORIENTED_EDGE('',*,*,#1638,.F.);
#780=ORIENTED_EDGE('',*,*,#1639,.F.);
#781=ORIENTED_EDGE('',*,*,#1603,.F.);
#782=ORIENTED_EDGE('',*,*,#1631,.F.);
#783=ORIENTED_EDGE('',*,*,#1560,.T.);
#784=ORIENTED_EDGE('',*,*,#1640,.T.);
#785=ORIENTED_EDGE('',*,*,#1641,.T.);
#786=ORIENTED_EDGE('',*,*,#1632,.F.);
#787=ORIENTED_EDGE('',*,*,#1642,.F.);
#788=ORIENTED_EDGE('',*,*,#1643,.T.);
#789=ORIENTED_EDGE('',*,*,#1644,.T.);
#790=ORIENTED_EDGE('',*,*,#1645,.F.);
#791=ORIENTED_EDGE('',*,*,#1646,.F.);
#792=ORIENTED_EDGE('',*,*,#1634,.T.);
#793=ORIENTED_EDGE('',*,*,#1647,.T.);
#794=ORIENTED_EDGE('',*,*,#1643,.F.);
#795=ORIENTED_EDGE('',*,*,#1648,.F.);
#796=ORIENTED_EDGE('',*,*,#1645,.T.);
#797=ORIENTED_EDGE('',*,*,#1642,.T.);
#798=ORIENTED_EDGE('',*,*,#1635,.T.);
#799=ORIENTED_EDGE('',*,*,#1646,.T.);
#800=ORIENTED_EDGE('',*,*,#1648,.T.);
#801=ORIENTED_EDGE('',*,*,#1641,.F.);
#802=ORIENTED_EDGE('',*,*,#1647,.F.);
#803=ORIENTED_EDGE('',*,*,#1644,.F.);
#804=ORIENTED_EDGE('',*,*,#1633,.F.);
#805=ORIENTED_EDGE('',*,*,#1638,.T.);
#806=ORIENTED_EDGE('',*,*,#1649,.T.);
#807=ORIENTED_EDGE('',*,*,#1594,.F.);
#808=ORIENTED_EDGE('',*,*,#1628,.F.);
#809=ORIENTED_EDGE('',*,*,#1650,.F.);
#810=ORIENTED_EDGE('',*,*,#1601,.F.);
#811=ORIENTED_EDGE('',*,*,#1651,.T.);
#812=ORIENTED_EDGE('',*,*,#1611,.F.);
#813=ORIENTED_EDGE('',*,*,#1652,.F.);
#814=ORIENTED_EDGE('',*,*,#1629,.T.);
#815=ORIENTED_EDGE('',*,*,#1653,.T.);
#816=ORIENTED_EDGE('',*,*,#1654,.T.);
#817=ORIENTED_EDGE('',*,*,#1655,.F.);
#818=ORIENTED_EDGE('',*,*,#1630,.T.);
#819=ORIENTED_EDGE('',*,*,#1656,.T.);
#820=ORIENTED_EDGE('',*,*,#1616,.F.);
#821=ORIENTED_EDGE('',*,*,#1657,.F.);
#822=ORIENTED_EDGE('',*,*,#1654,.F.);
#823=ORIENTED_EDGE('',*,*,#1655,.T.);
#824=ORIENTED_EDGE('',*,*,#1657,.T.);
#825=ORIENTED_EDGE('',*,*,#1608,.F.);
#826=ORIENTED_EDGE('',*,*,#1653,.F.);
#827=ORIENTED_EDGE('',*,*,#1652,.T.);
#828=ORIENTED_EDGE('',*,*,#1656,.F.);
#829=ORIENTED_EDGE('',*,*,#1658,.T.);
#830=ORIENTED_EDGE('',*,*,#1627,.F.);
#831=ORIENTED_EDGE('',*,*,#1659,.F.);
#832=ORIENTED_EDGE('',*,*,#1660,.F.);
#833=ORIENTED_EDGE('',*,*,#1661,.T.);
#834=ORIENTED_EDGE('',*,*,#1660,.T.);
#835=ORIENTED_EDGE('',*,*,#1662,.F.);
#836=ORIENTED_EDGE('',*,*,#1639,.T.);
#837=ORIENTED_EDGE('',*,*,#1604,.F.);
#838=ORIENTED_EDGE('',*,*,#1662,.T.);
#839=ORIENTED_EDGE('',*,*,#1659,.T.);
#840=ORIENTED_EDGE('',*,*,#1650,.T.);
#841=ORIENTED_EDGE('',*,*,#1658,.F.);
#842=ORIENTED_EDGE('',*,*,#1661,.F.);
#843=ORIENTED_EDGE('',*,*,#1599,.T.);
#844=ORIENTED_EDGE('',*,*,#1663,.T.);
#845=ORIENTED_EDGE('',*,*,#1664,.F.);
#846=ORIENTED_EDGE('',*,*,#1665,.F.);
#847=ORIENTED_EDGE('',*,*,#1613,.F.);
#848=ORIENTED_EDGE('',*,*,#1666,.T.);
#849=ORIENTED_EDGE('',*,*,#1665,.T.);
#850=ORIENTED_EDGE('',*,*,#1667,.F.);
#851=ORIENTED_EDGE('',*,*,#1598,.T.);
#852=ORIENTED_EDGE('',*,*,#1564,.T.);
#853=ORIENTED_EDGE('',*,*,#1668,.F.);
#854=ORIENTED_EDGE('',*,*,#1663,.F.);
#855=ORIENTED_EDGE('',*,*,#1664,.T.);
#856=ORIENTED_EDGE('',*,*,#1668,.T.);
#857=ORIENTED_EDGE('',*,*,#1563,.T.);
#858=ORIENTED_EDGE('',*,*,#1614,.T.);
#859=ORIENTED_EDGE('',*,*,#1667,.T.);
#860=ORIENTED_EDGE('',*,*,#1597,.F.);
#861=ORIENTED_EDGE('',*,*,#1669,.T.);
#862=ORIENTED_EDGE('',*,*,#1670,.T.);
#863=ORIENTED_EDGE('',*,*,#1566,.F.);
#864=ORIENTED_EDGE('',*,*,#1596,.F.);
#865=ORIENTED_EDGE('',*,*,#1671,.T.);
#866=ORIENTED_EDGE('',*,*,#1672,.T.);
#867=ORIENTED_EDGE('',*,*,#1669,.F.);
#868=ORIENTED_EDGE('',*,*,#1671,.F.);
#869=ORIENTED_EDGE('',*,*,#1673,.T.);
#870=ORIENTED_EDGE('',*,*,#1636,.T.);
#871=ORIENTED_EDGE('',*,*,#1674,.T.);
#872=ORIENTED_EDGE('',*,*,#1640,.F.);
#873=ORIENTED_EDGE('',*,*,#1567,.F.);
#874=ORIENTED_EDGE('',*,*,#1670,.F.);
#875=ORIENTED_EDGE('',*,*,#1672,.F.);
#876=ORIENTED_EDGE('',*,*,#1674,.F.);
#877=ORIENTED_EDGE('',*,*,#1673,.F.);
#878=ORIENTED_EDGE('',*,*,#1595,.F.);
#879=ORIENTED_EDGE('',*,*,#1649,.F.);
#880=ORIENTED_EDGE('',*,*,#1637,.F.);
#881=ORIENTED_EDGE('',*,*,#1666,.F.);
#882=ORIENTED_EDGE('',*,*,#1612,.F.);
#883=ORIENTED_EDGE('',*,*,#1651,.F.);
#884=ORIENTED_EDGE('',*,*,#1600,.F.);
#885=ORIENTED_EDGE('',*,*,#1621,.T.);
#886=ORIENTED_EDGE('',*,*,#1675,.T.);
#887=ORIENTED_EDGE('',*,*,#1676,.T.);
#888=ORIENTED_EDGE('',*,*,#1677,.F.);
#889=ORIENTED_EDGE('',*,*,#1625,.T.);
#890=ORIENTED_EDGE('',*,*,#1678,.T.);
#891=ORIENTED_EDGE('',*,*,#1679,.T.);
#892=ORIENTED_EDGE('',*,*,#1675,.F.);
#893=ORIENTED_EDGE('',*,*,#1624,.T.);
#894=ORIENTED_EDGE('',*,*,#1680,.T.);
#895=ORIENTED_EDGE('',*,*,#1681,.T.);
#896=ORIENTED_EDGE('',*,*,#1678,.F.);
#897=ORIENTED_EDGE('',*,*,#1623,.T.);
#898=ORIENTED_EDGE('',*,*,#1682,.T.);
#899=ORIENTED_EDGE('',*,*,#1683,.T.);
#900=ORIENTED_EDGE('',*,*,#1680,.F.);
#901=ORIENTED_EDGE('',*,*,#1622,.T.);
#902=ORIENTED_EDGE('',*,*,#1677,.T.);
#903=ORIENTED_EDGE('',*,*,#1684,.T.);
#904=ORIENTED_EDGE('',*,*,#1682,.F.);
#905=ORIENTED_EDGE('',*,*,#1685,.F.);
#906=ORIENTED_EDGE('',*,*,#1686,.T.);
#907=ORIENTED_EDGE('',*,*,#1687,.T.);
#908=ORIENTED_EDGE('',*,*,#1688,.T.);
#909=ORIENTED_EDGE('',*,*,#1676,.F.);
#910=ORIENTED_EDGE('',*,*,#1679,.F.);
#911=ORIENTED_EDGE('',*,*,#1681,.F.);
#912=ORIENTED_EDGE('',*,*,#1683,.F.);
#913=ORIENTED_EDGE('',*,*,#1684,.F.);
#914=ORIENTED_EDGE('',*,*,#1617,.T.);
#915=ORIENTED_EDGE('',*,*,#1689,.T.);
#916=ORIENTED_EDGE('',*,*,#1578,.T.);
#917=ORIENTED_EDGE('',*,*,#1690,.F.);
#918=ORIENTED_EDGE('',*,*,#1620,.T.);
#919=ORIENTED_EDGE('',*,*,#1691,.T.);
#920=ORIENTED_EDGE('',*,*,#1579,.T.);
#921=ORIENTED_EDGE('',*,*,#1689,.F.);
#922=ORIENTED_EDGE('',*,*,#1619,.T.);
#923=ORIENTED_EDGE('',*,*,#1692,.T.);
#924=ORIENTED_EDGE('',*,*,#1580,.T.);
#925=ORIENTED_EDGE('',*,*,#1691,.F.);
#926=ORIENTED_EDGE('',*,*,#1618,.T.);
#927=ORIENTED_EDGE('',*,*,#1690,.T.);
#928=ORIENTED_EDGE('',*,*,#1581,.T.);
#929=ORIENTED_EDGE('',*,*,#1692,.F.);
#930=ORIENTED_EDGE('',*,*,#1693,.T.);
#931=ORIENTED_EDGE('',*,*,#1591,.T.);
#932=ORIENTED_EDGE('',*,*,#1694,.F.);
#933=ORIENTED_EDGE('',*,*,#1695,.F.);
#934=ORIENTED_EDGE('',*,*,#1696,.T.);
#935=ORIENTED_EDGE('',*,*,#1695,.T.);
#936=ORIENTED_EDGE('',*,*,#1697,.F.);
#937=ORIENTED_EDGE('',*,*,#1698,.F.);
#938=ORIENTED_EDGE('',*,*,#1699,.T.);
#939=ORIENTED_EDGE('',*,*,#1698,.T.);
#940=ORIENTED_EDGE('',*,*,#1700,.F.);
#941=ORIENTED_EDGE('',*,*,#1593,.F.);
#942=ORIENTED_EDGE('',*,*,#1694,.T.);
#943=ORIENTED_EDGE('',*,*,#1590,.T.);
#944=ORIENTED_EDGE('',*,*,#1700,.T.);
#945=ORIENTED_EDGE('',*,*,#1697,.T.);
#946=ORIENTED_EDGE('',*,*,#1693,.F.);
#947=ORIENTED_EDGE('',*,*,#1696,.F.);
#948=ORIENTED_EDGE('',*,*,#1699,.F.);
#949=ORIENTED_EDGE('',*,*,#1592,.F.);
#950=ORIENTED_EDGE('',*,*,#1701,.T.);
#951=ORIENTED_EDGE('',*,*,#1587,.T.);
#952=ORIENTED_EDGE('',*,*,#1702,.F.);
#953=ORIENTED_EDGE('',*,*,#1703,.F.);
#954=ORIENTED_EDGE('',*,*,#1704,.T.);
#955=ORIENTED_EDGE('',*,*,#1703,.T.);
#956=ORIENTED_EDGE('',*,*,#1705,.F.);
#957=ORIENTED_EDGE('',*,*,#1706,.F.);
#958=ORIENTED_EDGE('',*,*,#1707,.T.);
#959=ORIENTED_EDGE('',*,*,#1706,.T.);
#960=ORIENTED_EDGE('',*,*,#1708,.F.);
#961=ORIENTED_EDGE('',*,*,#1589,.F.);
#962=ORIENTED_EDGE('',*,*,#1702,.T.);
#963=ORIENTED_EDGE('',*,*,#1586,.T.);
#964=ORIENTED_EDGE('',*,*,#1708,.T.);
#965=ORIENTED_EDGE('',*,*,#1705,.T.);
#966=ORIENTED_EDGE('',*,*,#1701,.F.);
#967=ORIENTED_EDGE('',*,*,#1704,.F.);
#968=ORIENTED_EDGE('',*,*,#1707,.F.);
#969=ORIENTED_EDGE('',*,*,#1588,.F.);
#970=ORIENTED_EDGE('',*,*,#1709,.T.);
#971=ORIENTED_EDGE('',*,*,#1710,.T.);
#972=ORIENTED_EDGE('',*,*,#1522,.F.);
#973=ORIENTED_EDGE('',*,*,#1711,.T.);
#974=ORIENTED_EDGE('',*,*,#1524,.T.);
#975=ORIENTED_EDGE('',*,*,#1712,.T.);
#976=ORIENTED_EDGE('',*,*,#1713,.F.);
#977=ORIENTED_EDGE('',*,*,#1714,.T.);
#978=ORIENTED_EDGE('',*,*,#1715,.T.);
#979=ORIENTED_EDGE('',*,*,#1716,.T.);
#980=ORIENTED_EDGE('',*,*,#1717,.T.);
#981=ORIENTED_EDGE('',*,*,#1583,.F.);
#982=ORIENTED_EDGE('',*,*,#1718,.F.);
#983=ORIENTED_EDGE('',*,*,#1719,.F.);
#984=ORIENTED_EDGE('',*,*,#1585,.T.);
#985=ORIENTED_EDGE('',*,*,#1720,.F.);
#986=ORIENTED_EDGE('',*,*,#1582,.F.);
#987=ORIENTED_EDGE('',*,*,#1719,.T.);
#988=ORIENTED_EDGE('',*,*,#1709,.F.);
#989=ORIENTED_EDGE('',*,*,#1715,.F.);
#990=ORIENTED_EDGE('',*,*,#1584,.F.);
#991=ORIENTED_EDGE('',*,*,#1717,.F.);
#992=ORIENTED_EDGE('',*,*,#1713,.T.);
#993=ORIENTED_EDGE('',*,*,#1720,.T.);
#994=ORIENTED_EDGE('',*,*,#1532,.F.);
#995=ORIENTED_EDGE('',*,*,#1559,.T.);
#996=ORIENTED_EDGE('',*,*,#1541,.T.);
#997=ORIENTED_EDGE('',*,*,#1721,.F.);
#998=ORIENTED_EDGE('',*,*,#1543,.T.);
#999=ORIENTED_EDGE('',*,*,#1558,.T.);
#1000=ORIENTED_EDGE('',*,*,#1530,.F.);
#1001=ORIENTED_EDGE('',*,*,#1722,.T.);
#1002=ORIENTED_EDGE('',*,*,#1540,.T.);
#1003=ORIENTED_EDGE('',*,*,#1723,.F.);
#1004=ORIENTED_EDGE('',*,*,#1533,.F.);
#1005=ORIENTED_EDGE('',*,*,#1721,.T.);
#1006=ORIENTED_EDGE('',*,*,#1539,.T.);
#1007=ORIENTED_EDGE('',*,*,#1724,.F.);
#1008=ORIENTED_EDGE('',*,*,#1534,.F.);
#1009=ORIENTED_EDGE('',*,*,#1723,.T.);
#1010=ORIENTED_EDGE('',*,*,#1538,.T.);
#1011=ORIENTED_EDGE('',*,*,#1725,.F.);
#1012=ORIENTED_EDGE('',*,*,#1535,.F.);
#1013=ORIENTED_EDGE('',*,*,#1724,.T.);
#1014=ORIENTED_EDGE('',*,*,#1548,.F.);
#1015=ORIENTED_EDGE('',*,*,#1726,.T.);
#1016=ORIENTED_EDGE('',*,*,#1725,.T.);
#1017=ORIENTED_EDGE('',*,*,#1727,.T.);
#1018=ORIENTED_EDGE('',*,*,#1728,.F.);
#1019=ORIENTED_EDGE('',*,*,#1729,.T.);
#1020=ORIENTED_EDGE('',*,*,#1546,.T.);
#1021=ORIENTED_EDGE('',*,*,#1730,.T.);
#1022=ORIENTED_EDGE('',*,*,#1536,.T.);
#1023=ORIENTED_EDGE('',*,*,#1731,.F.);
#1024=ORIENTED_EDGE('',*,*,#1527,.F.);
#1025=ORIENTED_EDGE('',*,*,#1728,.T.);
#1026=ORIENTED_EDGE('',*,*,#1545,.T.);
#1027=ORIENTED_EDGE('',*,*,#1732,.F.);
#1028=ORIENTED_EDGE('',*,*,#1528,.F.);
#1029=ORIENTED_EDGE('',*,*,#1731,.T.);
#1030=ORIENTED_EDGE('',*,*,#1544,.T.);
#1031=ORIENTED_EDGE('',*,*,#1722,.F.);
#1032=ORIENTED_EDGE('',*,*,#1529,.F.);
#1033=ORIENTED_EDGE('',*,*,#1732,.T.);
#1034=ORIENTED_EDGE('',*,*,#1537,.F.);
#1035=ORIENTED_EDGE('',*,*,#1730,.F.);
#1036=ORIENTED_EDGE('',*,*,#1549,.T.);
#1037=ORIENTED_EDGE('',*,*,#1727,.F.);
#1038=ORIENTED_EDGE('',*,*,#1547,.F.);
#1039=ORIENTED_EDGE('',*,*,#1729,.F.);
#1040=ORIENTED_EDGE('',*,*,#1526,.T.);
#1041=ORIENTED_EDGE('',*,*,#1726,.F.);
#1042=ORIENTED_EDGE('',*,*,#1525,.T.);
#1043=ORIENTED_EDGE('',*,*,#1714,.F.);
#1044=ORIENTED_EDGE('',*,*,#1716,.F.);
#1045=ORIENTED_EDGE('',*,*,#1711,.F.);
#1046=ORIENTED_EDGE('',*,*,#1718,.T.);
#1047=ORIENTED_EDGE('',*,*,#1712,.F.);
#1048=ORIENTED_EDGE('',*,*,#1523,.F.);
#1049=ORIENTED_EDGE('',*,*,#1710,.F.);
#1050=ORIENTED_EDGE('',*,*,#1496,.F.);
#1051=ORIENTED_EDGE('',*,*,#1733,.T.);
#1052=ORIENTED_EDGE('',*,*,#1734,.T.);
#1053=ORIENTED_EDGE('',*,*,#1735,.T.);
#1054=ORIENTED_EDGE('',*,*,#1736,.F.);
#1055=ORIENTED_EDGE('',*,*,#1737,.T.);
#1056=ORIENTED_EDGE('',*,*,#1494,.T.);
#1057=ORIENTED_EDGE('',*,*,#1738,.T.);
#1058=ORIENTED_EDGE('',*,*,#1739,.F.);
#1059=ORIENTED_EDGE('',*,*,#1740,.T.);
#1060=ORIENTED_EDGE('',*,*,#1685,.T.);
#1061=ORIENTED_EDGE('',*,*,#1741,.T.);
#1062=ORIENTED_EDGE('',*,*,#1742,.F.);
#1063=ORIENTED_EDGE('',*,*,#1743,.T.);
#1064=ORIENTED_EDGE('',*,*,#1744,.F.);
#1065=ORIENTED_EDGE('',*,*,#1687,.F.);
#1066=ORIENTED_EDGE('',*,*,#1688,.F.);
#1067=ORIENTED_EDGE('',*,*,#1744,.T.);
#1068=ORIENTED_EDGE('',*,*,#1734,.F.);
#1069=ORIENTED_EDGE('',*,*,#1741,.F.);
#1070=ORIENTED_EDGE('',*,*,#1686,.F.);
#1071=ORIENTED_EDGE('',*,*,#1740,.F.);
#1072=ORIENTED_EDGE('',*,*,#1736,.T.);
#1073=ORIENTED_EDGE('',*,*,#1742,.T.);
#1074=ORIENTED_EDGE('',*,*,#1505,.F.);
#1075=ORIENTED_EDGE('',*,*,#1568,.T.);
#1076=ORIENTED_EDGE('',*,*,#1512,.T.);
#1077=ORIENTED_EDGE('',*,*,#1745,.F.);
#1078=ORIENTED_EDGE('',*,*,#1514,.T.);
#1079=ORIENTED_EDGE('',*,*,#1569,.T.);
#1080=ORIENTED_EDGE('',*,*,#1503,.F.);
#1081=ORIENTED_EDGE('',*,*,#1746,.T.);
#1082=ORIENTED_EDGE('',*,*,#1511,.T.);
#1083=ORIENTED_EDGE('',*,*,#1747,.F.);
#1084=ORIENTED_EDGE('',*,*,#1506,.F.);
#1085=ORIENTED_EDGE('',*,*,#1745,.T.);
#1086=ORIENTED_EDGE('',*,*,#1510,.T.);
#1087=ORIENTED_EDGE('',*,*,#1748,.F.);
#1088=ORIENTED_EDGE('',*,*,#1507,.F.);
#1089=ORIENTED_EDGE('',*,*,#1747,.T.);
#1090=ORIENTED_EDGE('',*,*,#1509,.T.);
#1091=ORIENTED_EDGE('',*,*,#1749,.F.);
#1092=ORIENTED_EDGE('',*,*,#1498,.F.);
#1093=ORIENTED_EDGE('',*,*,#1748,.T.);
#1094=ORIENTED_EDGE('',*,*,#1749,.T.);
#1095=ORIENTED_EDGE('',*,*,#1750,.T.);
#1096=ORIENTED_EDGE('',*,*,#1518,.F.);
#1097=ORIENTED_EDGE('',*,*,#1751,.T.);
#1098=ORIENTED_EDGE('',*,*,#1520,.T.);
#1099=ORIENTED_EDGE('',*,*,#1752,.T.);
#1100=ORIENTED_EDGE('',*,*,#1753,.F.);
#1101=ORIENTED_EDGE('',*,*,#1754,.T.);
#1102=ORIENTED_EDGE('',*,*,#1517,.T.);
#1103=ORIENTED_EDGE('',*,*,#1755,.F.);
#1104=ORIENTED_EDGE('',*,*,#1500,.F.);
#1105=ORIENTED_EDGE('',*,*,#1753,.T.);
#1106=ORIENTED_EDGE('',*,*,#1516,.T.);
#1107=ORIENTED_EDGE('',*,*,#1756,.F.);
#1108=ORIENTED_EDGE('',*,*,#1501,.F.);
#1109=ORIENTED_EDGE('',*,*,#1755,.T.);
#1110=ORIENTED_EDGE('',*,*,#1515,.T.);
#1111=ORIENTED_EDGE('',*,*,#1746,.F.);
#1112=ORIENTED_EDGE('',*,*,#1502,.F.);
#1113=ORIENTED_EDGE('',*,*,#1756,.T.);
#1114=ORIENTED_EDGE('',*,*,#1521,.T.);
#1115=ORIENTED_EDGE('',*,*,#1754,.F.);
#1116=ORIENTED_EDGE('',*,*,#1499,.F.);
#1117=ORIENTED_EDGE('',*,*,#1751,.F.);
#1118=ORIENTED_EDGE('',*,*,#1508,.T.);
#1119=ORIENTED_EDGE('',*,*,#1752,.F.);
#1120=ORIENTED_EDGE('',*,*,#1519,.F.);
#1121=ORIENTED_EDGE('',*,*,#1750,.F.);
#1122=ORIENTED_EDGE('',*,*,#1743,.F.);
#1123=ORIENTED_EDGE('',*,*,#1738,.F.);
#1124=ORIENTED_EDGE('',*,*,#1497,.T.);
#1125=ORIENTED_EDGE('',*,*,#1735,.F.);
#1126=ORIENTED_EDGE('',*,*,#1495,.F.);
#1127=ORIENTED_EDGE('',*,*,#1737,.F.);
#1128=ORIENTED_EDGE('',*,*,#1739,.T.);
#1129=ORIENTED_EDGE('',*,*,#1733,.F.);
#1130=ORIENTED_EDGE('',*,*,#1757,.T.);
#1131=ORIENTED_EDGE('',*,*,#1758,.F.);
#1132=ORIENTED_EDGE('',*,*,#1759,.F.);
#1133=ORIENTED_EDGE('',*,*,#1760,.T.);
#1134=ORIENTED_EDGE('',*,*,#1761,.T.);
#1135=ORIENTED_EDGE('',*,*,#1762,.F.);
#1136=ORIENTED_EDGE('',*,*,#1763,.F.);
#1137=ORIENTED_EDGE('',*,*,#1758,.T.);
#1138=ORIENTED_EDGE('',*,*,#1764,.T.);
#1139=ORIENTED_EDGE('',*,*,#1765,.F.);
#1140=ORIENTED_EDGE('',*,*,#1766,.F.);
#1141=ORIENTED_EDGE('',*,*,#1762,.T.);
#1142=ORIENTED_EDGE('',*,*,#1767,.T.);
#1143=ORIENTED_EDGE('',*,*,#1768,.F.);
#1144=ORIENTED_EDGE('',*,*,#1769,.F.);
#1145=ORIENTED_EDGE('',*,*,#1765,.T.);
#1146=ORIENTED_EDGE('',*,*,#1575,.F.);
#1147=ORIENTED_EDGE('',*,*,#1770,.T.);
#1148=ORIENTED_EDGE('',*,*,#1759,.T.);
#1149=ORIENTED_EDGE('',*,*,#1763,.T.);
#1150=ORIENTED_EDGE('',*,*,#1766,.T.);
#1151=ORIENTED_EDGE('',*,*,#1769,.T.);
#1152=ORIENTED_EDGE('',*,*,#1771,.T.);
#1153=ORIENTED_EDGE('',*,*,#1772,.F.);
#1154=ORIENTED_EDGE('',*,*,#1577,.T.);
#1155=ORIENTED_EDGE('',*,*,#1773,.F.);
#1156=ORIENTED_EDGE('',*,*,#1767,.F.);
#1157=ORIENTED_EDGE('',*,*,#1764,.F.);
#1158=ORIENTED_EDGE('',*,*,#1761,.F.);
#1159=ORIENTED_EDGE('',*,*,#1757,.F.);
#1160=ORIENTED_EDGE('',*,*,#1773,.T.);
#1161=ORIENTED_EDGE('',*,*,#1576,.T.);
#1162=ORIENTED_EDGE('',*,*,#1771,.F.);
#1163=ORIENTED_EDGE('',*,*,#1768,.T.);
#1164=ORIENTED_EDGE('',*,*,#1772,.T.);
#1165=ORIENTED_EDGE('',*,*,#1760,.F.);
#1166=ORIENTED_EDGE('',*,*,#1770,.F.);
#1167=ORIENTED_EDGE('',*,*,#1574,.T.);
#1168=ORIENTED_EDGE('',*,*,#1774,.F.);
#1169=ORIENTED_EDGE('',*,*,#1570,.T.);
#1170=ORIENTED_EDGE('',*,*,#1775,.T.);
#1171=ORIENTED_EDGE('',*,*,#1776,.F.);
#1172=ORIENTED_EDGE('',*,*,#1571,.F.);
#1173=ORIENTED_EDGE('',*,*,#1774,.T.);
#1174=ORIENTED_EDGE('',*,*,#1777,.T.);
#1175=ORIENTED_EDGE('',*,*,#1778,.T.);
#1176=ORIENTED_EDGE('',*,*,#1779,.T.);
#1177=ORIENTED_EDGE('',*,*,#1780,.T.);
#1178=ORIENTED_EDGE('',*,*,#1781,.T.);
#1179=ORIENTED_EDGE('',*,*,#1775,.F.);
#1180=ORIENTED_EDGE('',*,*,#1573,.T.);
#1181=ORIENTED_EDGE('',*,*,#1782,.F.);
#1182=ORIENTED_EDGE('',*,*,#1783,.F.);
#1183=ORIENTED_EDGE('',*,*,#1784,.F.);
#1184=ORIENTED_EDGE('',*,*,#1785,.F.);
#1185=ORIENTED_EDGE('',*,*,#1786,.F.);
#1186=ORIENTED_EDGE('',*,*,#1786,.T.);
#1187=ORIENTED_EDGE('',*,*,#1787,.F.);
#1188=ORIENTED_EDGE('',*,*,#1777,.F.);
#1189=ORIENTED_EDGE('',*,*,#1776,.T.);
#1190=ORIENTED_EDGE('',*,*,#1785,.T.);
#1191=ORIENTED_EDGE('',*,*,#1788,.F.);
#1192=ORIENTED_EDGE('',*,*,#1778,.F.);
#1193=ORIENTED_EDGE('',*,*,#1787,.T.);
#1194=ORIENTED_EDGE('',*,*,#1784,.T.);
#1195=ORIENTED_EDGE('',*,*,#1789,.F.);
#1196=ORIENTED_EDGE('',*,*,#1779,.F.);
#1197=ORIENTED_EDGE('',*,*,#1788,.T.);
#1198=ORIENTED_EDGE('',*,*,#1783,.T.);
#1199=ORIENTED_EDGE('',*,*,#1790,.F.);
#1200=ORIENTED_EDGE('',*,*,#1780,.F.);
#1201=ORIENTED_EDGE('',*,*,#1789,.T.);
#1202=ORIENTED_EDGE('',*,*,#1782,.T.);
#1203=ORIENTED_EDGE('',*,*,#1572,.F.);
#1204=ORIENTED_EDGE('',*,*,#1781,.F.);
#1205=ORIENTED_EDGE('',*,*,#1790,.T.);
#1206=ORIENTED_EDGE('',*,*,#1791,.F.);
#1207=ORIENTED_EDGE('',*,*,#1792,.F.);
#1208=ORIENTED_EDGE('',*,*,#1793,.T.);
#1209=ORIENTED_EDGE('',*,*,#1794,.T.);
#1210=ORIENTED_EDGE('',*,*,#1795,.F.);
#1211=ORIENTED_EDGE('',*,*,#1796,.F.);
#1212=ORIENTED_EDGE('',*,*,#1797,.T.);
#1213=ORIENTED_EDGE('',*,*,#1792,.T.);
#1214=ORIENTED_EDGE('',*,*,#1798,.F.);
#1215=ORIENTED_EDGE('',*,*,#1799,.F.);
#1216=ORIENTED_EDGE('',*,*,#1800,.T.);
#1217=ORIENTED_EDGE('',*,*,#1796,.T.);
#1218=ORIENTED_EDGE('',*,*,#1801,.F.);
#1219=ORIENTED_EDGE('',*,*,#1802,.F.);
#1220=ORIENTED_EDGE('',*,*,#1803,.T.);
#1221=ORIENTED_EDGE('',*,*,#1799,.T.);
#1222=ORIENTED_EDGE('',*,*,#1804,.F.);
#1223=ORIENTED_EDGE('',*,*,#1550,.T.);
#1224=ORIENTED_EDGE('',*,*,#1805,.F.);
#1225=ORIENTED_EDGE('',*,*,#1793,.F.);
#1226=ORIENTED_EDGE('',*,*,#1797,.F.);
#1227=ORIENTED_EDGE('',*,*,#1800,.F.);
#1228=ORIENTED_EDGE('',*,*,#1803,.F.);
#1229=ORIENTED_EDGE('',*,*,#1552,.F.);
#1230=ORIENTED_EDGE('',*,*,#1806,.T.);
#1231=ORIENTED_EDGE('',*,*,#1801,.T.);
#1232=ORIENTED_EDGE('',*,*,#1798,.T.);
#1233=ORIENTED_EDGE('',*,*,#1795,.T.);
#1234=ORIENTED_EDGE('',*,*,#1791,.T.);
#1235=ORIENTED_EDGE('',*,*,#1807,.T.);
#1236=ORIENTED_EDGE('',*,*,#1553,.F.);
#1237=ORIENTED_EDGE('',*,*,#1807,.F.);
#1238=ORIENTED_EDGE('',*,*,#1794,.F.);
#1239=ORIENTED_EDGE('',*,*,#1805,.T.);
#1240=ORIENTED_EDGE('',*,*,#1806,.F.);
#1241=ORIENTED_EDGE('',*,*,#1551,.F.);
#1242=ORIENTED_EDGE('',*,*,#1804,.T.);
#1243=ORIENTED_EDGE('',*,*,#1802,.T.);
#1244=ORIENTED_EDGE('',*,*,#1556,.F.);
#1245=ORIENTED_EDGE('',*,*,#1808,.T.);
#1246=ORIENTED_EDGE('',*,*,#1809,.T.);
#1247=ORIENTED_EDGE('',*,*,#1810,.F.);
#1248=ORIENTED_EDGE('',*,*,#1808,.F.);
#1249=ORIENTED_EDGE('',*,*,#1555,.T.);
#1250=ORIENTED_EDGE('',*,*,#1811,.F.);
#1251=ORIENTED_EDGE('',*,*,#1812,.F.);
#1252=ORIENTED_EDGE('',*,*,#1813,.F.);
#1253=ORIENTED_EDGE('',*,*,#1814,.F.);
#1254=ORIENTED_EDGE('',*,*,#1815,.F.);
#1255=ORIENTED_EDGE('',*,*,#1557,.F.);
#1256=ORIENTED_EDGE('',*,*,#1810,.T.);
#1257=ORIENTED_EDGE('',*,*,#1816,.T.);
#1258=ORIENTED_EDGE('',*,*,#1817,.T.);
#1259=ORIENTED_EDGE('',*,*,#1818,.T.);
#1260=ORIENTED_EDGE('',*,*,#1819,.T.);
#1261=ORIENTED_EDGE('',*,*,#1820,.T.);
#1262=ORIENTED_EDGE('',*,*,#1816,.F.);
#1263=ORIENTED_EDGE('',*,*,#1809,.F.);
#1264=ORIENTED_EDGE('',*,*,#1815,.T.);
#1265=ORIENTED_EDGE('',*,*,#1821,.T.);
#1266=ORIENTED_EDGE('',*,*,#1817,.F.);
#1267=ORIENTED_EDGE('',*,*,#1821,.F.);
#1268=ORIENTED_EDGE('',*,*,#1814,.T.);
#1269=ORIENTED_EDGE('',*,*,#1822,.T.);
#1270=ORIENTED_EDGE('',*,*,#1818,.F.);
#1271=ORIENTED_EDGE('',*,*,#1822,.F.);
#1272=ORIENTED_EDGE('',*,*,#1813,.T.);
#1273=ORIENTED_EDGE('',*,*,#1823,.T.);
#1274=ORIENTED_EDGE('',*,*,#1819,.F.);
#1275=ORIENTED_EDGE('',*,*,#1823,.F.);
#1276=ORIENTED_EDGE('',*,*,#1812,.T.);
#1277=ORIENTED_EDGE('',*,*,#1824,.T.);
#1278=ORIENTED_EDGE('',*,*,#1820,.F.);
#1279=ORIENTED_EDGE('',*,*,#1824,.F.);
#1280=ORIENTED_EDGE('',*,*,#1811,.T.);
#1281=ORIENTED_EDGE('',*,*,#1554,.T.);
#1282=VERTEX_POINT('',#3225);
#1283=VERTEX_POINT('',#3226);
#1284=VERTEX_POINT('',#3228);
#1285=VERTEX_POINT('',#3230);
#1286=VERTEX_POINT('',#3234);
#1287=VERTEX_POINT('',#3235);
#1288=VERTEX_POINT('',#3237);
#1289=VERTEX_POINT('',#3239);
#1290=VERTEX_POINT('',#3241);
#1291=VERTEX_POINT('',#3243);
#1292=VERTEX_POINT('',#3245);
#1293=VERTEX_POINT('',#3247);
#1294=VERTEX_POINT('',#3249);
#1295=VERTEX_POINT('',#3251);
#1296=VERTEX_POINT('',#3255);
#1297=VERTEX_POINT('',#3256);
#1298=VERTEX_POINT('',#3258);
#1299=VERTEX_POINT('',#3260);
#1300=VERTEX_POINT('',#3262);
#1301=VERTEX_POINT('',#3264);
#1302=VERTEX_POINT('',#3266);
#1303=VERTEX_POINT('',#3268);
#1304=VERTEX_POINT('',#3270);
#1305=VERTEX_POINT('',#3272);
#1306=VERTEX_POINT('',#3276);
#1307=VERTEX_POINT('',#3277);
#1308=VERTEX_POINT('',#3279);
#1309=VERTEX_POINT('',#3281);
#1310=VERTEX_POINT('',#3285);
#1311=VERTEX_POINT('',#3286);
#1312=VERTEX_POINT('',#3288);
#1313=VERTEX_POINT('',#3290);
#1314=VERTEX_POINT('',#3294);
#1315=VERTEX_POINT('',#3295);
#1316=VERTEX_POINT('',#3297);
#1317=VERTEX_POINT('',#3299);
#1318=VERTEX_POINT('',#3301);
#1319=VERTEX_POINT('',#3303);
#1320=VERTEX_POINT('',#3305);
#1321=VERTEX_POINT('',#3307);
#1322=VERTEX_POINT('',#3309);
#1323=VERTEX_POINT('',#3311);
#1324=VERTEX_POINT('',#3315);
#1325=VERTEX_POINT('',#3316);
#1326=VERTEX_POINT('',#3318);
#1327=VERTEX_POINT('',#3320);
#1328=VERTEX_POINT('',#3322);
#1329=VERTEX_POINT('',#3324);
#1330=VERTEX_POINT('',#3326);
#1331=VERTEX_POINT('',#3328);
#1332=VERTEX_POINT('',#3330);
#1333=VERTEX_POINT('',#3332);
#1334=VERTEX_POINT('',#3336);
#1335=VERTEX_POINT('',#3337);
#1336=VERTEX_POINT('',#3339);
#1337=VERTEX_POINT('',#3341);
#1338=VERTEX_POINT('',#3345);
#1339=VERTEX_POINT('',#3346);
#1340=VERTEX_POINT('',#3348);
#1341=VERTEX_POINT('',#3350);
#1342=VERTEX_POINT('',#3353);
#1343=VERTEX_POINT('',#3354);
#1344=VERTEX_POINT('',#3356);
#1345=VERTEX_POINT('',#3358);
#1346=VERTEX_POINT('',#3363);
#1347=VERTEX_POINT('',#3364);
#1348=VERTEX_POINT('',#3366);
#1349=VERTEX_POINT('',#3368);
#1350=VERTEX_POINT('',#3370);
#1351=VERTEX_POINT('',#3372);
#1352=VERTEX_POINT('',#3374);
#1353=VERTEX_POINT('',#3376);
#1354=VERTEX_POINT('',#3381);
#1355=VERTEX_POINT('',#3382);
#1356=VERTEX_POINT('',#3384);
#1357=VERTEX_POINT('',#3386);
#1358=VERTEX_POINT('',#3389);
#1359=VERTEX_POINT('',#3390);
#1360=VERTEX_POINT('',#3392);
#1361=VERTEX_POINT('',#3394);
#1362=VERTEX_POINT('',#3398);
#1363=VERTEX_POINT('',#3399);
#1364=VERTEX_POINT('',#3401);
#1365=VERTEX_POINT('',#3403);
#1366=VERTEX_POINT('',#3406);
#1367=VERTEX_POINT('',#3407);
#1368=VERTEX_POINT('',#3409);
#1369=VERTEX_POINT('',#3411);
#1370=VERTEX_POINT('',#3415);
#1371=VERTEX_POINT('',#3416);
#1372=VERTEX_POINT('',#3418);
#1373=VERTEX_POINT('',#3420);
#1374=VERTEX_POINT('',#3423);
#1375=VERTEX_POINT('',#3424);
#1376=VERTEX_POINT('',#3426);
#1377=VERTEX_POINT('',#3428);
#1378=VERTEX_POINT('',#3431);
#1379=VERTEX_POINT('',#3432);
#1380=VERTEX_POINT('',#3434);
#1381=VERTEX_POINT('',#3436);
#1382=VERTEX_POINT('',#3439);
#1383=VERTEX_POINT('',#3441);
#1384=VERTEX_POINT('',#3443);
#1385=VERTEX_POINT('',#3445);
#1386=VERTEX_POINT('',#3449);
#1387=VERTEX_POINT('',#3450);
#1388=VERTEX_POINT('',#3452);
#1389=VERTEX_POINT('',#3454);
#1390=VERTEX_POINT('',#3458);
#1391=VERTEX_POINT('',#3459);
#1392=VERTEX_POINT('',#3461);
#1393=VERTEX_POINT('',#3463);
#1394=VERTEX_POINT('',#3467);
#1395=VERTEX_POINT('',#3468);
#1396=VERTEX_POINT('',#3470);
#1397=VERTEX_POINT('',#3472);
#1398=VERTEX_POINT('',#3478);
#1399=VERTEX_POINT('',#3479);
#1400=VERTEX_POINT('',#3481);
#1401=VERTEX_POINT('',#3483);
#1402=VERTEX_POINT('',#3486);
#1403=VERTEX_POINT('',#3487);
#1404=VERTEX_POINT('',#3489);
#1405=VERTEX_POINT('',#3491);
#1406=VERTEX_POINT('',#3493);
#1407=VERTEX_POINT('',#3497);
#1408=VERTEX_POINT('',#3500);
#1409=VERTEX_POINT('',#3505);
#1410=VERTEX_POINT('',#3506);
#1411=VERTEX_POINT('',#3508);
#1412=VERTEX_POINT('',#3510);
#1413=VERTEX_POINT('',#3514);
#1414=VERTEX_POINT('',#3515);
#1415=VERTEX_POINT('',#3517);
#1416=VERTEX_POINT('',#3519);
#1417=VERTEX_POINT('',#3524);
#1418=VERTEX_POINT('',#3526);
#1419=VERTEX_POINT('',#3530);
#1420=VERTEX_POINT('',#3532);
#1421=VERTEX_POINT('',#3547);
#1422=VERTEX_POINT('',#3549);
#1423=VERTEX_POINT('',#3558);
#1424=VERTEX_POINT('',#3560);
#1425=VERTEX_POINT('',#3569);
#1426=VERTEX_POINT('',#3571);
#1427=VERTEX_POINT('',#3581);
#1428=VERTEX_POINT('',#3585);
#1429=VERTEX_POINT('',#3595);
#1430=VERTEX_POINT('',#3597);
#1431=VERTEX_POINT('',#3601);
#1432=VERTEX_POINT('',#3605);
#1433=VERTEX_POINT('',#3609);
#1434=VERTEX_POINT('',#3615);
#1435=VERTEX_POINT('',#3616);
#1436=VERTEX_POINT('',#3618);
#1437=VERTEX_POINT('',#3620);
#1438=VERTEX_POINT('',#3632);
#1439=VERTEX_POINT('',#3634);
#1440=VERTEX_POINT('',#3638);
#1441=VERTEX_POINT('',#3640);
#1442=VERTEX_POINT('',#3649);
#1443=VERTEX_POINT('',#3651);
#1444=VERTEX_POINT('',#3655);
#1445=VERTEX_POINT('',#3657);
#1446=VERTEX_POINT('',#3666);
#1447=VERTEX_POINT('',#3667);
#1448=VERTEX_POINT('',#3672);
#1449=VERTEX_POINT('',#3674);
#1450=VERTEX_POINT('',#3714);
#1451=VERTEX_POINT('',#3716);
#1452=VERTEX_POINT('',#3720);
#1453=VERTEX_POINT('',#3721);
#1454=VERTEX_POINT('',#3762);
#1455=VERTEX_POINT('',#3763);
#1456=VERTEX_POINT('',#3765);
#1457=VERTEX_POINT('',#3767);
#1458=VERTEX_POINT('',#3771);
#1459=VERTEX_POINT('',#3773);
#1460=VERTEX_POINT('',#3777);
#1461=VERTEX_POINT('',#3779);
#1462=VERTEX_POINT('',#3783);
#1463=VERTEX_POINT('',#3785);
#1464=VERTEX_POINT('',#3797);
#1465=VERTEX_POINT('',#3799);
#1466=VERTEX_POINT('',#3803);
#1467=VERTEX_POINT('',#3805);
#1468=VERTEX_POINT('',#3807);
#1469=VERTEX_POINT('',#3809);
#1470=VERTEX_POINT('',#3813);
#1471=VERTEX_POINT('',#3815);
#1472=VERTEX_POINT('',#3817);
#1473=VERTEX_POINT('',#3819);
#1474=VERTEX_POINT('',#3832);
#1475=VERTEX_POINT('',#3833);
#1476=VERTEX_POINT('',#3835);
#1477=VERTEX_POINT('',#3837);
#1478=VERTEX_POINT('',#3841);
#1479=VERTEX_POINT('',#3843);
#1480=VERTEX_POINT('',#3847);
#1481=VERTEX_POINT('',#3849);
#1482=VERTEX_POINT('',#3853);
#1483=VERTEX_POINT('',#3855);
#1484=VERTEX_POINT('',#3867);
#1485=VERTEX_POINT('',#3869);
#1486=VERTEX_POINT('',#3873);
#1487=VERTEX_POINT('',#3875);
#1488=VERTEX_POINT('',#3877);
#1489=VERTEX_POINT('',#3879);
#1490=VERTEX_POINT('',#3883);
#1491=VERTEX_POINT('',#3885);
#1492=VERTEX_POINT('',#3887);
#1493=VERTEX_POINT('',#3889);
#1494=EDGE_CURVE('',#1282,#1283,#1825,.T.);
#1495=EDGE_CURVE('',#1282,#1284,#1826,.T.);
#1496=EDGE_CURVE('',#1284,#1285,#1827,.T.);
#1497=EDGE_CURVE('',#1283,#1285,#1828,.T.);
#1498=EDGE_CURVE('',#1286,#1287,#65,.T.);
#1499=EDGE_CURVE('',#1287,#1288,#1829,.T.);
#1500=EDGE_CURVE('',#1288,#1289,#66,.T.);
#1501=EDGE_CURVE('',#1289,#1290,#67,.T.);
#1502=EDGE_CURVE('',#1290,#1291,#68,.T.);
#1503=EDGE_CURVE('',#1291,#1292,#1830,.T.);
#1504=EDGE_CURVE('',#1293,#1292,#1831,.T.);
#1505=EDGE_CURVE('',#1293,#1294,#1832,.T.);
#1506=EDGE_CURVE('',#1294,#1295,#69,.T.);
#1507=EDGE_CURVE('',#1295,#1286,#70,.T.);
#1508=EDGE_CURVE('',#1296,#1297,#1833,.T.);
#1509=EDGE_CURVE('',#1298,#1296,#71,.T.);
#1510=EDGE_CURVE('',#1299,#1298,#72,.T.);
#1511=EDGE_CURVE('',#1300,#1299,#73,.T.);
#1512=EDGE_CURVE('',#1301,#1300,#1834,.T.);
#1513=EDGE_CURVE('',#1301,#1302,#1835,.T.);
#1514=EDGE_CURVE('',#1303,#1302,#1836,.T.);
#1515=EDGE_CURVE('',#1304,#1303,#74,.T.);
#1516=EDGE_CURVE('',#1305,#1304,#75,.T.);
#1517=EDGE_CURVE('',#1297,#1305,#76,.T.);
#1518=EDGE_CURVE('',#1306,#1307,#1837,.T.);
#1519=EDGE_CURVE('',#1307,#1308,#1838,.T.);
#1520=EDGE_CURVE('',#1309,#1308,#1839,.T.);
#1521=EDGE_CURVE('',#1306,#1309,#1840,.T.);
#1522=EDGE_CURVE('',#1310,#1311,#1841,.T.);
#1523=EDGE_CURVE('',#1311,#1312,#1842,.T.);
#1524=EDGE_CURVE('',#1313,#1312,#1843,.T.);
#1525=EDGE_CURVE('',#1310,#1313,#1844,.T.);
#1526=EDGE_CURVE('',#1314,#1315,#1845,.T.);
#1527=EDGE_CURVE('',#1314,#1316,#77,.T.);
#1528=EDGE_CURVE('',#1316,#1317,#78,.T.);
#1529=EDGE_CURVE('',#1317,#1318,#79,.T.);
#1530=EDGE_CURVE('',#1318,#1319,#1846,.T.);
#1531=EDGE_CURVE('',#1319,#1320,#1847,.T.);
#1532=EDGE_CURVE('',#1320,#1321,#1848,.T.);
#1533=EDGE_CURVE('',#1321,#1322,#80,.T.);
#1534=EDGE_CURVE('',#1322,#1323,#81,.T.);
#1535=EDGE_CURVE('',#1323,#1315,#82,.T.);
#1536=EDGE_CURVE('',#1324,#1325,#83,.T.);
#1537=EDGE_CURVE('',#1324,#1326,#1849,.T.);
#1538=EDGE_CURVE('',#1327,#1326,#84,.T.);
#1539=EDGE_CURVE('',#1328,#1327,#85,.T.);
#1540=EDGE_CURVE('',#1329,#1328,#86,.T.);
#1541=EDGE_CURVE('',#1330,#1329,#1850,.T.);
#1542=EDGE_CURVE('',#1331,#1330,#1851,.T.);
#1543=EDGE_CURVE('',#1332,#1331,#1852,.T.);
#1544=EDGE_CURVE('',#1333,#1332,#87,.T.);
#1545=EDGE_CURVE('',#1325,#1333,#88,.T.);
#1546=EDGE_CURVE('',#1334,#1335,#1853,.T.);
#1547=EDGE_CURVE('',#1334,#1336,#1854,.T.);
#1548=EDGE_CURVE('',#1336,#1337,#1855,.T.);
#1549=EDGE_CURVE('',#1335,#1337,#1856,.T.);
#1550=EDGE_CURVE('',#1338,#1339,#1857,.T.);
#1551=EDGE_CURVE('',#1338,#1340,#1858,.T.);
#1552=EDGE_CURVE('',#1340,#1341,#1859,.T.);
#1553=EDGE_CURVE('',#1341,#1339,#1860,.T.);
#1554=EDGE_CURVE('',#1342,#1343,#1861,.T.);
#1555=EDGE_CURVE('',#1344,#1342,#1862,.T.);
#1556=EDGE_CURVE('',#1344,#1345,#1863,.T.);
#1557=EDGE_CURVE('',#1345,#1343,#1864,.T.);
#1558=EDGE_CURVE('',#1331,#1319,#1865,.T.);
#1559=EDGE_CURVE('',#1320,#1330,#1866,.T.);
#1560=EDGE_CURVE('',#1346,#1347,#1867,.T.);
#1561=EDGE_CURVE('',#1348,#1346,#1868,.T.);
#1562=EDGE_CURVE('',#1349,#1348,#1869,.T.);
#1563=EDGE_CURVE('',#1350,#1349,#1870,.T.);
#1564=EDGE_CURVE('',#1351,#1350,#1871,.T.);
#1565=EDGE_CURVE('',#1352,#1351,#1872,.T.);
#1566=EDGE_CURVE('',#1352,#1353,#1873,.T.);
#1567=EDGE_CURVE('',#1353,#1347,#1874,.T.);
#1568=EDGE_CURVE('',#1293,#1301,#1875,.T.);
#1569=EDGE_CURVE('',#1302,#1292,#1876,.T.);
#1570=EDGE_CURVE('',#1354,#1355,#1877,.T.);
#1571=EDGE_CURVE('',#1354,#1356,#1878,.T.);
#1572=EDGE_CURVE('',#1356,#1357,#1879,.T.);
#1573=EDGE_CURVE('',#1355,#1357,#1880,.T.);
#1574=EDGE_CURVE('',#1358,#1359,#1881,.T.);
#1575=EDGE_CURVE('',#1358,#1360,#1882,.T.);
#1576=EDGE_CURVE('',#1361,#1360,#1883,.T.);
#1577=EDGE_CURVE('',#1359,#1361,#1884,.T.);
#1578=EDGE_CURVE('',#1362,#1363,#1885,.T.);
#1579=EDGE_CURVE('',#1364,#1362,#1886,.T.);
#1580=EDGE_CURVE('',#1365,#1364,#1887,.T.);
#1581=EDGE_CURVE('',#1363,#1365,#1888,.T.);
#1582=EDGE_CURVE('',#1366,#1367,#1889,.T.);
#1583=EDGE_CURVE('',#1367,#1368,#1890,.T.);
#1584=EDGE_CURVE('',#1368,#1369,#1891,.T.);
#1585=EDGE_CURVE('',#1366,#1369,#1892,.T.);
#1586=EDGE_CURVE('',#1370,#1371,#1893,.T.);
#1587=EDGE_CURVE('',#1372,#1370,#1894,.T.);
#1588=EDGE_CURVE('',#1372,#1373,#1895,.T.);
#1589=EDGE_CURVE('',#1373,#1371,#1896,.T.);
#1590=EDGE_CURVE('',#1374,#1375,#1897,.T.);
#1591=EDGE_CURVE('',#1376,#1374,#1898,.T.);
#1592=EDGE_CURVE('',#1376,#1377,#1899,.T.);
#1593=EDGE_CURVE('',#1377,#1375,#1900,.T.);
#1594=EDGE_CURVE('',#1378,#1379,#1901,.T.);
#1595=EDGE_CURVE('',#1379,#1380,#1902,.T.);
#1596=EDGE_CURVE('',#1380,#1381,#1903,.T.);
#1597=EDGE_CURVE('',#1381,#1352,#1904,.T.);
#1598=EDGE_CURVE('',#1382,#1351,#1905,.T.);
#1599=EDGE_CURVE('',#1383,#1382,#1906,.T.);
#1600=EDGE_CURVE('',#1383,#1384,#1907,.T.);
#1601=EDGE_CURVE('',#1384,#1385,#1908,.T.);
#1602=EDGE_CURVE('',#1378,#1385,#1909,.T.);
#1603=EDGE_CURVE('',#1386,#1387,#1910,.T.);
#1604=EDGE_CURVE('',#1387,#1388,#1911,.T.);
#1605=EDGE_CURVE('',#1389,#1388,#1912,.T.);
#1606=EDGE_CURVE('',#1389,#1386,#1913,.T.);
#1607=EDGE_CURVE('',#1390,#1391,#1914,.T.);
#1608=EDGE_CURVE('',#1391,#1392,#1915,.T.);
#1609=EDGE_CURVE('',#1393,#1392,#1916,.T.);
#1610=EDGE_CURVE('',#1393,#1390,#1917,.T.);
#1611=EDGE_CURVE('',#1394,#1395,#1918,.T.);
#1612=EDGE_CURVE('',#1395,#1396,#1919,.T.);
#1613=EDGE_CURVE('',#1396,#1397,#1920,.T.);
#1614=EDGE_CURVE('',#1349,#1397,#1921,.T.);
#1615=EDGE_CURVE('',#1348,#1393,#1922,.T.);
#1616=EDGE_CURVE('',#1392,#1394,#1923,.T.);
#1617=EDGE_CURVE('',#1398,#1399,#1924,.T.);
#1618=EDGE_CURVE('',#1400,#1398,#1925,.T.);
#1619=EDGE_CURVE('',#1401,#1400,#1926,.T.);
#1620=EDGE_CURVE('',#1399,#1401,#1927,.T.);
#1621=EDGE_CURVE('',#1402,#1403,#1928,.T.);
#1622=EDGE_CURVE('',#1404,#1402,#1929,.T.);
#1623=EDGE_CURVE('',#1405,#1404,#1930,.T.);
#1624=EDGE_CURVE('',#1406,#1405,#1931,.T.);
#1625=EDGE_CURVE('',#1403,#1406,#1932,.T.);
#1626=EDGE_CURVE('',#1390,#1389,#1933,.T.);
#1627=EDGE_CURVE('',#1388,#1407,#1934,.T.);
#1628=EDGE_CURVE('',#1407,#1378,#1935,.T.);
#1629=EDGE_CURVE('',#1408,#1385,#1936,.T.);
#1630=EDGE_CURVE('',#1391,#1408,#1937,.T.);
#1631=EDGE_CURVE('',#1346,#1386,#1938,.T.);
#1632=EDGE_CURVE('',#1409,#1410,#1939,.T.);
#1633=EDGE_CURVE('',#1410,#1411,#1940,.T.);
#1634=EDGE_CURVE('',#1412,#1411,#1941,.T.);
#1635=EDGE_CURVE('',#1409,#1412,#1942,.T.);
#1636=EDGE_CURVE('',#1413,#1414,#1943,.T.);
#1637=EDGE_CURVE('',#1413,#1415,#1944,.T.);
#1638=EDGE_CURVE('',#1416,#1415,#1945,.T.);
#1639=EDGE_CURVE('',#1387,#1416,#1946,.T.);
#1640=EDGE_CURVE('',#1347,#1414,#1947,.T.);
#1641=EDGE_CURVE('',#1417,#1410,#1948,.T.);
#1642=EDGE_CURVE('',#1418,#1409,#1949,.T.);
#1643=EDGE_CURVE('',#1418,#1417,#1950,.T.);
#1644=EDGE_CURVE('',#1411,#1419,#1951,.T.);
#1645=EDGE_CURVE('',#1420,#1419,#1952,.T.);
#1646=EDGE_CURVE('',#1412,#1420,#1953,.T.);
#1647=EDGE_CURVE('',#1419,#1417,#1954,.T.);
#1648=EDGE_CURVE('',#1420,#1418,#1955,.T.);
#1649=EDGE_CURVE('',#1415,#1379,#1956,.T.);
#1650=EDGE_CURVE('',#1416,#1407,#1957,.T.);
#1651=EDGE_CURVE('',#1384,#1395,#1958,.T.);
#1652=EDGE_CURVE('',#1408,#1394,#1959,.T.);
#1653=EDGE_CURVE('',#1408,#1421,#1960,.T.);
#1654=EDGE_CURVE('',#1421,#1422,#1961,.T.);
#1655=EDGE_CURVE('',#1391,#1422,#1962,.T.);
#1656=EDGE_CURVE('',#1421,#1394,#1963,.T.);
#1657=EDGE_CURVE('',#1422,#1392,#1964,.T.);
#1658=EDGE_CURVE('',#1423,#1407,#1965,.T.);
#1659=EDGE_CURVE('',#1424,#1388,#1966,.T.);
#1660=EDGE_CURVE('',#1423,#1424,#1967,.T.);
#1661=EDGE_CURVE('',#1416,#1423,#1968,.T.);
#1662=EDGE_CURVE('',#1387,#1424,#1969,.T.);
#1663=EDGE_CURVE('',#1382,#1425,#1970,.T.);
#1664=EDGE_CURVE('',#1426,#1425,#1971,.T.);
#1665=EDGE_CURVE('',#1383,#1426,#1972,.T.);
#1666=EDGE_CURVE('',#1396,#1383,#1973,.T.);
#1667=EDGE_CURVE('',#1397,#1426,#1974,.T.);
#1668=EDGE_CURVE('',#1425,#1350,#1975,.T.);
#1669=EDGE_CURVE('',#1381,#1427,#1976,.T.);
#1670=EDGE_CURVE('',#1427,#1353,#1977,.T.);
#1671=EDGE_CURVE('',#1380,#1428,#1978,.T.);
#1672=EDGE_CURVE('',#1428,#1427,#1979,.T.);
#1673=EDGE_CURVE('',#1380,#1413,#1980,.T.);
#1674=EDGE_CURVE('',#1414,#1428,#1981,.T.);
#1675=EDGE_CURVE('',#1403,#1429,#1982,.T.);
#1676=EDGE_CURVE('',#1429,#1430,#1983,.T.);
#1677=EDGE_CURVE('',#1402,#1430,#1984,.T.);
#1678=EDGE_CURVE('',#1406,#1431,#1985,.T.);
#1679=EDGE_CURVE('',#1431,#1429,#1986,.T.);
#1680=EDGE_CURVE('',#1405,#1432,#1987,.T.);
#1681=EDGE_CURVE('',#1432,#1431,#1988,.T.);
#1682=EDGE_CURVE('',#1404,#1433,#1989,.T.);
#1683=EDGE_CURVE('',#1433,#1432,#1990,.T.);
#1684=EDGE_CURVE('',#1430,#1433,#1991,.T.);
#1685=EDGE_CURVE('',#1434,#1435,#1992,.T.);
#1686=EDGE_CURVE('',#1434,#1436,#1993,.T.);
#1687=EDGE_CURVE('',#1436,#1437,#1994,.T.);
#1688=EDGE_CURVE('',#1437,#1435,#1995,.T.);
#1689=EDGE_CURVE('',#1399,#1362,#1996,.T.);
#1690=EDGE_CURVE('',#1398,#1363,#1997,.T.);
#1691=EDGE_CURVE('',#1401,#1364,#1998,.T.);
#1692=EDGE_CURVE('',#1400,#1365,#1999,.T.);
#1693=EDGE_CURVE('',#1438,#1376,#2000,.T.);
#1694=EDGE_CURVE('',#1439,#1374,#2001,.T.);
#1695=EDGE_CURVE('',#1438,#1439,#2002,.T.);
#1696=EDGE_CURVE('',#1440,#1438,#2003,.T.);
#1697=EDGE_CURVE('',#1441,#1439,#2004,.T.);
#1698=EDGE_CURVE('',#1440,#1441,#2005,.T.);
#1699=EDGE_CURVE('',#1377,#1440,#2006,.T.);
#1700=EDGE_CURVE('',#1375,#1441,#2007,.T.);
#1701=EDGE_CURVE('',#1442,#1372,#2008,.T.);
#1702=EDGE_CURVE('',#1443,#1370,#2009,.T.);
#1703=EDGE_CURVE('',#1442,#1443,#2010,.T.);
#1704=EDGE_CURVE('',#1444,#1442,#2011,.T.);
#1705=EDGE_CURVE('',#1445,#1443,#2012,.T.);
#1706=EDGE_CURVE('',#1444,#1445,#2013,.T.);
#1707=EDGE_CURVE('',#1373,#1444,#2014,.T.);
#1708=EDGE_CURVE('',#1371,#1445,#2015,.T.);
#1709=EDGE_CURVE('',#1446,#1447,#2016,.T.);
#1710=EDGE_CURVE('',#1447,#1311,#2017,.T.);
#1711=EDGE_CURVE('',#1310,#1446,#2018,.T.);
#1712=EDGE_CURVE('',#1312,#1448,#2019,.T.);
#1713=EDGE_CURVE('',#1449,#1448,#2020,.T.);
#1714=EDGE_CURVE('',#1449,#1313,#2021,.T.);
#1715=EDGE_CURVE('',#1367,#1446,#2022,.T.);
#1716=EDGE_CURVE('',#1446,#1449,#2023,.T.);
#1717=EDGE_CURVE('',#1449,#1368,#2024,.T.);
#1718=EDGE_CURVE('',#1447,#1448,#2025,.T.);
#1719=EDGE_CURVE('',#1366,#1447,#2026,.T.);
#1720=EDGE_CURVE('',#1448,#1369,#2027,.T.);
#1721=EDGE_CURVE('',#1321,#1329,#2028,.T.);
#1722=EDGE_CURVE('',#1318,#1332,#2029,.T.);
#1723=EDGE_CURVE('',#1322,#1328,#2030,.T.);
#1724=EDGE_CURVE('',#1323,#1327,#2031,.T.);
#1725=EDGE_CURVE('',#1315,#1326,#2032,.T.);
#1726=EDGE_CURVE('',#1336,#1315,#2033,.T.);
#1727=EDGE_CURVE('',#1326,#1337,#2034,.T.);
#1728=EDGE_CURVE('',#1314,#1324,#2035,.T.);
#1729=EDGE_CURVE('',#1314,#1334,#2036,.T.);
#1730=EDGE_CURVE('',#1335,#1324,#2037,.T.);
#1731=EDGE_CURVE('',#1316,#1325,#2038,.T.);
#1732=EDGE_CURVE('',#1317,#1333,#2039,.T.);
#1733=EDGE_CURVE('',#1284,#1450,#2040,.T.);
#1734=EDGE_CURVE('',#1450,#1451,#2041,.T.);
#1735=EDGE_CURVE('',#1451,#1285,#2042,.T.);
#1736=EDGE_CURVE('',#1452,#1453,#2043,.T.);
#1737=EDGE_CURVE('',#1452,#1282,#2044,.T.);
#1738=EDGE_CURVE('',#1283,#1453,#2045,.T.);
#1739=EDGE_CURVE('',#1452,#1450,#2046,.T.);
#1740=EDGE_CURVE('',#1452,#1434,#2047,.T.);
#1741=EDGE_CURVE('',#1435,#1450,#2048,.T.);
#1742=EDGE_CURVE('',#1453,#1436,#2049,.T.);
#1743=EDGE_CURVE('',#1453,#1451,#2050,.T.);
#1744=EDGE_CURVE('',#1437,#1451,#2051,.T.);
#1745=EDGE_CURVE('',#1294,#1300,#2052,.T.);
#1746=EDGE_CURVE('',#1291,#1303,#2053,.T.);
#1747=EDGE_CURVE('',#1295,#1299,#2054,.T.);
#1748=EDGE_CURVE('',#1286,#1298,#2055,.T.);
#1749=EDGE_CURVE('',#1287,#1296,#2056,.T.);
#1750=EDGE_CURVE('',#1296,#1307,#2057,.T.);
#1751=EDGE_CURVE('',#1306,#1287,#2058,.T.);
#1752=EDGE_CURVE('',#1308,#1297,#2059,.T.);
#1753=EDGE_CURVE('',#1288,#1297,#2060,.T.);
#1754=EDGE_CURVE('',#1288,#1309,#2061,.T.);
#1755=EDGE_CURVE('',#1289,#1305,#2062,.T.);
#1756=EDGE_CURVE('',#1290,#1304,#2063,.T.);
#1757=EDGE_CURVE('',#1454,#1455,#2064,.T.);
#1758=EDGE_CURVE('',#1456,#1455,#2065,.T.);
#1759=EDGE_CURVE('',#1457,#1456,#2066,.T.);
#1760=EDGE_CURVE('',#1457,#1454,#2067,.T.);
#1761=EDGE_CURVE('',#1455,#1458,#2068,.T.);
#1762=EDGE_CURVE('',#1459,#1458,#2069,.T.);
#1763=EDGE_CURVE('',#1456,#1459,#2070,.T.);
#1764=EDGE_CURVE('',#1458,#1460,#2071,.T.);
#1765=EDGE_CURVE('',#1461,#1460,#2072,.T.);
#1766=EDGE_CURVE('',#1459,#1461,#2073,.T.);
#1767=EDGE_CURVE('',#1460,#1462,#2074,.T.);
#1768=EDGE_CURVE('',#1463,#1462,#2075,.T.);
#1769=EDGE_CURVE('',#1461,#1463,#2076,.T.);
#1770=EDGE_CURVE('',#1358,#1457,#2077,.T.);
#1771=EDGE_CURVE('',#1463,#1360,#2078,.T.);
#1772=EDGE_CURVE('',#1359,#1454,#2079,.T.);
#1773=EDGE_CURVE('',#1462,#1361,#2080,.T.);
#1774=EDGE_CURVE('',#1354,#1464,#2081,.T.);
#1775=EDGE_CURVE('',#1355,#1465,#2082,.T.);
#1776=EDGE_CURVE('',#1464,#1465,#2083,.T.);
#1777=EDGE_CURVE('',#1464,#1466,#2084,.T.);
#1778=EDGE_CURVE('',#1466,#1467,#2085,.T.);
#1779=EDGE_CURVE('',#1467,#1468,#2086,.T.);
#1780=EDGE_CURVE('',#1468,#1469,#2087,.T.);
#1781=EDGE_CURVE('',#1469,#1356,#2088,.T.);
#1782=EDGE_CURVE('',#1470,#1357,#2089,.T.);
#1783=EDGE_CURVE('',#1471,#1470,#2090,.T.);
#1784=EDGE_CURVE('',#1472,#1471,#2091,.T.);
#1785=EDGE_CURVE('',#1473,#1472,#2092,.T.);
#1786=EDGE_CURVE('',#1465,#1473,#2093,.T.);
#1787=EDGE_CURVE('',#1466,#1473,#2094,.T.);
#1788=EDGE_CURVE('',#1467,#1472,#2095,.T.);
#1789=EDGE_CURVE('',#1468,#1471,#2096,.T.);
#1790=EDGE_CURVE('',#1469,#1470,#2097,.T.);
#1791=EDGE_CURVE('',#1474,#1475,#2098,.T.);
#1792=EDGE_CURVE('',#1476,#1474,#2099,.T.);
#1793=EDGE_CURVE('',#1476,#1477,#2100,.T.);
#1794=EDGE_CURVE('',#1477,#1475,#2101,.T.);
#1795=EDGE_CURVE('',#1478,#1474,#2102,.T.);
#1796=EDGE_CURVE('',#1479,#1478,#2103,.T.);
#1797=EDGE_CURVE('',#1479,#1476,#2104,.T.);
#1798=EDGE_CURVE('',#1480,#1478,#2105,.T.);
#1799=EDGE_CURVE('',#1481,#1480,#2106,.T.);
#1800=EDGE_CURVE('',#1481,#1479,#2107,.T.);
#1801=EDGE_CURVE('',#1482,#1480,#2108,.T.);
#1802=EDGE_CURVE('',#1483,#1482,#2109,.T.);
#1803=EDGE_CURVE('',#1483,#1481,#2110,.T.);
#1804=EDGE_CURVE('',#1338,#1483,#2111,.T.);
#1805=EDGE_CURVE('',#1477,#1339,#2112,.T.);
#1806=EDGE_CURVE('',#1340,#1482,#2113,.T.);
#1807=EDGE_CURVE('',#1475,#1341,#2114,.T.);
#1808=EDGE_CURVE('',#1344,#1484,#2115,.T.);
#1809=EDGE_CURVE('',#1484,#1485,#2116,.T.);
#1810=EDGE_CURVE('',#1345,#1485,#2117,.T.);
#1811=EDGE_CURVE('',#1486,#1342,#2118,.T.);
#1812=EDGE_CURVE('',#1487,#1486,#2119,.T.);
#1813=EDGE_CURVE('',#1488,#1487,#2120,.T.);
#1814=EDGE_CURVE('',#1489,#1488,#2121,.T.);
#1815=EDGE_CURVE('',#1484,#1489,#2122,.T.);
#1816=EDGE_CURVE('',#1485,#1490,#2123,.T.);
#1817=EDGE_CURVE('',#1490,#1491,#2124,.T.);
#1818=EDGE_CURVE('',#1491,#1492,#2125,.T.);
#1819=EDGE_CURVE('',#1492,#1493,#2126,.T.);
#1820=EDGE_CURVE('',#1493,#1343,#2127,.T.);
#1821=EDGE_CURVE('',#1489,#1490,#2128,.T.);
#1822=EDGE_CURVE('',#1488,#1491,#2129,.T.);
#1823=EDGE_CURVE('',#1487,#1492,#2130,.T.);
#1824=EDGE_CURVE('',#1486,#1493,#2131,.T.);
#1825=LINE('',#3224,#2132);
#1826=LINE('',#3227,#2133);
#1827=LINE('',#3229,#2134);
#1828=LINE('',#3231,#2135);
#1829=LINE('',#3236,#2136);
#1830=LINE('',#3244,#2137);
#1831=LINE('',#3246,#2138);
#1832=LINE('',#3248,#2139);
#1833=LINE('',#3254,#2140);
#1834=LINE('',#3263,#2141);
#1835=LINE('',#3265,#2142);
#1836=LINE('',#3267,#2143);
#1837=LINE('',#3275,#2144);
#1838=LINE('',#3278,#2145);
#1839=LINE('',#3280,#2146);
#1840=LINE('',#3282,#2147);
#1841=LINE('',#3284,#2148);
#1842=LINE('',#3287,#2149);
#1843=LINE('',#3289,#2150);
#1844=LINE('',#3291,#2151);
#1845=LINE('',#3293,#2152);
#1846=LINE('',#3302,#2153);
#1847=LINE('',#3304,#2154);
#1848=LINE('',#3306,#2155);
#1849=LINE('',#3317,#2156);
#1850=LINE('',#3325,#2157);
#1851=LINE('',#3327,#2158);
#1852=LINE('',#3329,#2159);
#1853=LINE('',#3335,#2160);
#1854=LINE('',#3338,#2161);
#1855=LINE('',#3340,#2162);
#1856=LINE('',#3342,#2163);
#1857=LINE('',#3344,#2164);
#1858=LINE('',#3347,#2165);
#1859=LINE('',#3349,#2166);
#1860=LINE('',#3351,#2167);
#1861=LINE('',#3352,#2168);
#1862=LINE('',#3355,#2169);
#1863=LINE('',#3357,#2170);
#1864=LINE('',#3359,#2171);
#1865=LINE('',#3360,#2172);
#1866=LINE('',#3361,#2173);
#1867=LINE('',#3362,#2174);
#1868=LINE('',#3365,#2175);
#1869=LINE('',#3367,#2176);
#1870=LINE('',#3369,#2177);
#1871=LINE('',#3371,#2178);
#1872=LINE('',#3373,#2179);
#1873=LINE('',#3375,#2180);
#1874=LINE('',#3377,#2181);
#1875=LINE('',#3378,#2182);
#1876=LINE('',#3379,#2183);
#1877=LINE('',#3380,#2184);
#1878=LINE('',#3383,#2185);
#1879=LINE('',#3385,#2186);
#1880=LINE('',#3387,#2187);
#1881=LINE('',#3388,#2188);
#1882=LINE('',#3391,#2189);
#1883=LINE('',#3393,#2190);
#1884=LINE('',#3395,#2191);
#1885=LINE('',#3397,#2192);
#1886=LINE('',#3400,#2193);
#1887=LINE('',#3402,#2194);
#1888=LINE('',#3404,#2195);
#1889=LINE('',#3405,#2196);
#1890=LINE('',#3408,#2197);
#1891=LINE('',#3410,#2198);
#1892=LINE('',#3412,#2199);
#1893=LINE('',#3414,#2200);
#1894=LINE('',#3417,#2201);
#1895=LINE('',#3419,#2202);
#1896=LINE('',#3421,#2203);
#1897=LINE('',#3422,#2204);
#1898=LINE('',#3425,#2205);
#1899=LINE('',#3427,#2206);
#1900=LINE('',#3429,#2207);
#1901=LINE('',#3430,#2208);
#1902=LINE('',#3433,#2209);
#1903=LINE('',#3435,#2210);
#1904=LINE('',#3437,#2211);
#1905=LINE('',#3438,#2212);
#1906=LINE('',#3440,#2213);
#1907=LINE('',#3442,#2214);
#1908=LINE('',#3444,#2215);
#1909=LINE('',#3446,#2216);
#1910=LINE('',#3448,#2217);
#1911=LINE('',#3451,#2218);
#1912=LINE('',#3453,#2219);
#1913=LINE('',#3455,#2220);
#1914=LINE('',#3457,#2221);
#1915=LINE('',#3460,#2222);
#1916=LINE('',#3462,#2223);
#1917=LINE('',#3464,#2224);
#1918=LINE('',#3466,#2225);
#1919=LINE('',#3469,#2226);
#1920=LINE('',#3471,#2227);
#1921=LINE('',#3473,#2228);
#1922=LINE('',#3474,#2229);
#1923=LINE('',#3475,#2230);
#1924=LINE('',#3477,#2231);
#1925=LINE('',#3480,#2232);
#1926=LINE('',#3482,#2233);
#1927=LINE('',#3484,#2234);
#1928=LINE('',#3485,#2235);
#1929=LINE('',#3488,#2236);
#1930=LINE('',#3490,#2237);
#1931=LINE('',#3492,#2238);
#1932=LINE('',#3494,#2239);
#1933=LINE('',#3495,#2240);
#1934=LINE('',#3496,#2241);
#1935=LINE('',#3498,#2242);
#1936=LINE('',#3499,#2243);
#1937=LINE('',#3501,#2244);
#1938=LINE('',#3503,#2245);
#1939=LINE('',#3504,#2246);
#1940=LINE('',#3507,#2247);
#1941=LINE('',#3509,#2248);
#1942=LINE('',#3511,#2249);
#1943=LINE('',#3513,#2250);
#1944=LINE('',#3516,#2251);
#1945=LINE('',#3518,#2252);
#1946=LINE('',#3520,#2253);
#1947=LINE('',#3521,#2254);
#1948=LINE('',#3523,#2255);
#1949=LINE('',#3525,#2256);
#1950=LINE('',#3527,#2257);
#1951=LINE('',#3529,#2258);
#1952=LINE('',#3531,#2259);
#1953=LINE('',#3533,#2260);
#1954=LINE('',#3535,#2261);
#1955=LINE('',#3536,#2262);
#1956=LINE('',#3540,#2263);
#1957=LINE('',#3541,#2264);
#1958=LINE('',#3543,#2265);
#1959=LINE('',#3544,#2266);
#1960=LINE('',#3546,#2267);
#1961=LINE('',#3548,#2268);
#1962=LINE('',#3550,#2269);
#1963=LINE('',#3552,#2270);
#1964=LINE('',#3553,#2271);
#1965=LINE('',#3557,#2272);
#1966=LINE('',#3559,#2273);
#1967=LINE('',#3561,#2274);
#1968=LINE('',#3563,#2275);
#1969=LINE('',#3564,#2276);
#1970=LINE('',#3568,#2277);
#1971=LINE('',#3570,#2278);
#1972=LINE('',#3572,#2279);
#1973=LINE('',#3574,#2280);
#1974=LINE('',#3575,#2281);
#1975=LINE('',#3577,#2282);
#1976=LINE('',#3580,#2283);
#1977=LINE('',#3582,#2284);
#1978=LINE('',#3584,#2285);
#1979=LINE('',#3586,#2286);
#1980=LINE('',#3588,#2287);
#1981=LINE('',#3589,#2288);
#1982=LINE('',#3594,#2289);
#1983=LINE('',#3596,#2290);
#1984=LINE('',#3598,#2291);
#1985=LINE('',#3600,#2292);
#1986=LINE('',#3602,#2293);
#1987=LINE('',#3604,#2294);
#1988=LINE('',#3606,#2295);
#1989=LINE('',#3608,#2296);
#1990=LINE('',#3610,#2297);
#1991=LINE('',#3612,#2298);
#1992=LINE('',#3614,#2299);
#1993=LINE('',#3617,#2300);
#1994=LINE('',#3619,#2301);
#1995=LINE('',#3621,#2302);
#1996=LINE('',#3623,#2303);
#1997=LINE('',#3624,#2304);
#1998=LINE('',#3626,#2305);
#1999=LINE('',#3628,#2306);
#2000=LINE('',#3631,#2307);
#2001=LINE('',#3633,#2308);
#2002=LINE('',#3635,#2309);
#2003=LINE('',#3637,#2310);
#2004=LINE('',#3639,#2311);
#2005=LINE('',#3641,#2312);
#2006=LINE('',#3643,#2313);
#2007=LINE('',#3644,#2314);
#2008=LINE('',#3648,#2315);
#2009=LINE('',#3650,#2316);
#2010=LINE('',#3652,#2317);
#2011=LINE('',#3654,#2318);
#2012=LINE('',#3656,#2319);
#2013=LINE('',#3658,#2320);
#2014=LINE('',#3660,#2321);
#2015=LINE('',#3661,#2322);
#2016=LINE('',#3665,#2323);
#2017=LINE('',#3668,#2324);
#2018=LINE('',#3669,#2325);
#2019=LINE('',#3671,#2326);
#2020=LINE('',#3673,#2327);
#2021=LINE('',#3675,#2328);
#2022=LINE('',#3677,#2329);
#2023=LINE('',#3678,#2330);
#2024=LINE('',#3679,#2331);
#2025=LINE('',#3681,#2332);
#2026=LINE('',#3682,#2333);
#2027=LINE('',#3683,#2334);
#2028=LINE('',#3687,#2335);
#2029=LINE('',#3689,#2336);
#2030=LINE('',#3691,#2337);
#2031=LINE('',#3693,#2338);
#2032=LINE('',#3695,#2339);
#2033=LINE('',#3697,#2340);
#2034=LINE('',#3698,#2341);
#2035=LINE('',#3700,#2342);
#2036=LINE('',#3701,#2343);
#2037=LINE('',#3702,#2344);
#2038=LINE('',#3704,#2345);
#2039=LINE('',#3706,#2346);
#2040=LINE('',#3713,#2347);
#2041=LINE('',#3715,#2348);
#2042=LINE('',#3717,#2349);
#2043=LINE('',#3719,#2350);
#2044=LINE('',#3722,#2351);
#2045=LINE('',#3723,#2352);
#2046=LINE('',#3725,#2353);
#2047=LINE('',#3726,#2354);
#2048=LINE('',#3727,#2355);
#2049=LINE('',#3729,#2356);
#2050=LINE('',#3730,#2357);
#2051=LINE('',#3731,#2358);
#2052=LINE('',#3735,#2359);
#2053=LINE('',#3737,#2360);
#2054=LINE('',#3739,#2361);
#2055=LINE('',#3741,#2362);
#2056=LINE('',#3743,#2363);
#2057=LINE('',#3745,#2364);
#2058=LINE('',#3746,#2365);
#2059=LINE('',#3748,#2366);
#2060=LINE('',#3749,#2367);
#2061=LINE('',#3750,#2368);
#2062=LINE('',#3752,#2369);
#2063=LINE('',#3754,#2370);
#2064=LINE('',#3761,#2371);
#2065=LINE('',#3764,#2372);
#2066=LINE('',#3766,#2373);
#2067=LINE('',#3768,#2374);
#2068=LINE('',#3770,#2375);
#2069=LINE('',#3772,#2376);
#2070=LINE('',#3774,#2377);
#2071=LINE('',#3776,#2378);
#2072=LINE('',#3778,#2379);
#2073=LINE('',#3780,#2380);
#2074=LINE('',#3782,#2381);
#2075=LINE('',#3784,#2382);
#2076=LINE('',#3786,#2383);
#2077=LINE('',#3788,#2384);
#2078=LINE('',#3789,#2385);
#2079=LINE('',#3791,#2386);
#2080=LINE('',#3792,#2387);
#2081=LINE('',#3796,#2388);
#2082=LINE('',#3798,#2389);
#2083=LINE('',#3800,#2390);
#2084=LINE('',#3802,#2391);
#2085=LINE('',#3804,#2392);
#2086=LINE('',#3806,#2393);
#2087=LINE('',#3808,#2394);
#2088=LINE('',#3810,#2395);
#2089=LINE('',#3812,#2396);
#2090=LINE('',#3814,#2397);
#2091=LINE('',#3816,#2398);
#2092=LINE('',#3818,#2399);
#2093=LINE('',#3820,#2400);
#2094=LINE('',#3822,#2401);
#2095=LINE('',#3824,#2402);
#2096=LINE('',#3826,#2403);
#2097=LINE('',#3828,#2404);
#2098=LINE('',#3831,#2405);
#2099=LINE('',#3834,#2406);
#2100=LINE('',#3836,#2407);
#2101=LINE('',#3838,#2408);
#2102=LINE('',#3840,#2409);
#2103=LINE('',#3842,#2410);
#2104=LINE('',#3844,#2411);
#2105=LINE('',#3846,#2412);
#2106=LINE('',#3848,#2413);
#2107=LINE('',#3850,#2414);
#2108=LINE('',#3852,#2415);
#2109=LINE('',#3854,#2416);
#2110=LINE('',#3856,#2417);
#2111=LINE('',#3858,#2418);
#2112=LINE('',#3859,#2419);
#2113=LINE('',#3861,#2420);
#2114=LINE('',#3862,#2421);
#2115=LINE('',#3866,#2422);
#2116=LINE('',#3868,#2423);
#2117=LINE('',#3870,#2424);
#2118=LINE('',#3872,#2425);
#2119=LINE('',#3874,#2426);
#2120=LINE('',#3876,#2427);
#2121=LINE('',#3878,#2428);
#2122=LINE('',#3880,#2429);
#2123=LINE('',#3882,#2430);
#2124=LINE('',#3884,#2431);
#2125=LINE('',#3886,#2432);
#2126=LINE('',#3888,#2433);
#2127=LINE('',#3890,#2434);
#2128=LINE('',#3892,#2435);
#2129=LINE('',#3894,#2436);
#2130=LINE('',#3896,#2437);
#2131=LINE('',#3898,#2438);
#2132=VECTOR('',#2600,1.);
#2133=VECTOR('',#2601,1.);
#2134=VECTOR('',#2602,1.);
#2135=VECTOR('',#2603,1.);
#2136=VECTOR('',#2608,1.);
#2137=VECTOR('',#2615,1.);
#2138=VECTOR('',#2616,1.);
#2139=VECTOR('',#2617,1.);
#2140=VECTOR('',#2624,1.);
#2141=VECTOR('',#2631,1.);
#2142=VECTOR('',#2632,1.);
#2143=VECTOR('',#2633,1.);
#2144=VECTOR('',#2642,1.);
#2145=VECTOR('',#2643,1.);
#2146=VECTOR('',#2644,1.);
#2147=VECTOR('',#2645,1.);
#2148=VECTOR('',#2648,1.);
#2149=VECTOR('',#2649,1.);
#2150=VECTOR('',#2650,1.);
#2151=VECTOR('',#2651,1.);
#2152=VECTOR('',#2654,1.);
#2153=VECTOR('',#2661,1.);
#2154=VECTOR('',#2662,1.);
#2155=VECTOR('',#2663,1.);
#2156=VECTOR('',#2674,1.);
#2157=VECTOR('',#2681,1.);
#2158=VECTOR('',#2682,1.);
#2159=VECTOR('',#2683,1.);
#2160=VECTOR('',#2690,1.);
#2161=VECTOR('',#2691,1.);
#2162=VECTOR('',#2692,1.);
#2163=VECTOR('',#2693,1.);
#2164=VECTOR('',#2696,1.);
#2165=VECTOR('',#2697,1.);
#2166=VECTOR('',#2698,1.);
#2167=VECTOR('',#2699,1.);
#2168=VECTOR('',#2700,1.);
#2169=VECTOR('',#2701,1.);
#2170=VECTOR('',#2702,1.);
#2171=VECTOR('',#2703,1.);
#2172=VECTOR('',#2704,1.);
#2173=VECTOR('',#2705,1.);
#2174=VECTOR('',#2706,1.);
#2175=VECTOR('',#2707,1.);
#2176=VECTOR('',#2708,1.);
#2177=VECTOR('',#2709,1.);
#2178=VECTOR('',#2710,1.);
#2179=VECTOR('',#2711,1.);
#2180=VECTOR('',#2712,1.);
#2181=VECTOR('',#2713,1.);
#2182=VECTOR('',#2714,1.);
#2183=VECTOR('',#2715,1.);
#2184=VECTOR('',#2716,1.);
#2185=VECTOR('',#2717,1.);
#2186=VECTOR('',#2718,1.);
#2187=VECTOR('',#2719,1.);
#2188=VECTOR('',#2720,1.);
#2189=VECTOR('',#2721,1.);
#2190=VECTOR('',#2722,1.);
#2191=VECTOR('',#2723,1.);
#2192=VECTOR('',#2726,1.);
#2193=VECTOR('',#2727,1.);
#2194=VECTOR('',#2728,1.);
#2195=VECTOR('',#2729,1.);
#2196=VECTOR('',#2730,1.);
#2197=VECTOR('',#2731,1.);
#2198=VECTOR('',#2732,1.);
#2199=VECTOR('',#2733,1.);
#2200=VECTOR('',#2736,1.);
#2201=VECTOR('',#2737,1.);
#2202=VECTOR('',#2738,1.);
#2203=VECTOR('',#2739,1.);
#2204=VECTOR('',#2740,1.);
#2205=VECTOR('',#2741,1.);
#2206=VECTOR('',#2742,1.);
#2207=VECTOR('',#2743,1.);
#2208=VECTOR('',#2744,1.);
#2209=VECTOR('',#2745,1.);
#2210=VECTOR('',#2746,1.);
#2211=VECTOR('',#2747,1.);
#2212=VECTOR('',#2748,1.);
#2213=VECTOR('',#2749,1.);
#2214=VECTOR('',#2750,1.);
#2215=VECTOR('',#2751,1.);
#2216=VECTOR('',#2752,1.);
#2217=VECTOR('',#2755,1.);
#2218=VECTOR('',#2756,1.);
#2219=VECTOR('',#2757,1.);
#2220=VECTOR('',#2758,1.);
#2221=VECTOR('',#2761,1.);
#2222=VECTOR('',#2762,1.);
#2223=VECTOR('',#2763,1.);
#2224=VECTOR('',#2764,1.);
#2225=VECTOR('',#2767,1.);
#2226=VECTOR('',#2768,1.);
#2227=VECTOR('',#2769,1.);
#2228=VECTOR('',#2770,1.);
#2229=VECTOR('',#2771,1.);
#2230=VECTOR('',#2772,1.);
#2231=VECTOR('',#2775,1.);
#2232=VECTOR('',#2776,1.);
#2233=VECTOR('',#2777,1.);
#2234=VECTOR('',#2778,1.);
#2235=VECTOR('',#2779,1.);
#2236=VECTOR('',#2780,1.);
#2237=VECTOR('',#2781,1.);
#2238=VECTOR('',#2782,1.);
#2239=VECTOR('',#2783,1.);
#2240=VECTOR('',#2784,1.);
#2241=VECTOR('',#2785,1.);
#2242=VECTOR('',#2786,1.);
#2243=VECTOR('',#2787,1.);
#2244=VECTOR('',#2788,1.);
#2245=VECTOR('',#2791,1.);
#2246=VECTOR('',#2792,1.);
#2247=VECTOR('',#2793,1.);
#2248=VECTOR('',#2794,1.);
#2249=VECTOR('',#2795,1.);
#2250=VECTOR('',#2798,1.);
#2251=VECTOR('',#2799,1.);
#2252=VECTOR('',#2800,1.);
#2253=VECTOR('',#2801,1.);
#2254=VECTOR('',#2802,1.);
#2255=VECTOR('',#2805,1.);
#2256=VECTOR('',#2806,1.);
#2257=VECTOR('',#2807,1.);
#2258=VECTOR('',#2810,1.);
#2259=VECTOR('',#2811,1.);
#2260=VECTOR('',#2812,1.);
#2261=VECTOR('',#2815,1.);
#2262=VECTOR('',#2816,1.);
#2263=VECTOR('',#2823,1.);
#2264=VECTOR('',#2824,1.);
#2265=VECTOR('',#2827,1.);
#2266=VECTOR('',#2828,1.);
#2267=VECTOR('',#2831,1.);
#2268=VECTOR('',#2832,1.);
#2269=VECTOR('',#2833,1.);
#2270=VECTOR('',#2836,1.);
#2271=VECTOR('',#2837,1.);
#2272=VECTOR('',#2844,1.);
#2273=VECTOR('',#2845,1.);
#2274=VECTOR('',#2846,1.);
#2275=VECTOR('',#2849,1.);
#2276=VECTOR('',#2850,1.);
#2277=VECTOR('',#2857,1.);
#2278=VECTOR('',#2858,1.);
#2279=VECTOR('',#2859,1.);
#2280=VECTOR('',#2862,1.);
#2281=VECTOR('',#2863,1.);
#2282=VECTOR('',#2866,1.);
#2283=VECTOR('',#2871,1.);
#2284=VECTOR('',#2872,1.);
#2285=VECTOR('',#2875,1.);
#2286=VECTOR('',#2876,1.);
#2287=VECTOR('',#2879,1.);
#2288=VECTOR('',#2880,1.);
#2289=VECTOR('',#2889,1.);
#2290=VECTOR('',#2890,1.);
#2291=VECTOR('',#2891,1.);
#2292=VECTOR('',#2894,1.);
#2293=VECTOR('',#2895,1.);
#2294=VECTOR('',#2898,1.);
#2295=VECTOR('',#2899,1.);
#2296=VECTOR('',#2902,1.);
#2297=VECTOR('',#2903,1.);
#2298=VECTOR('',#2906,1.);
#2299=VECTOR('',#2909,1.);
#2300=VECTOR('',#2910,1.);
#2301=VECTOR('',#2911,1.);
#2302=VECTOR('',#2912,1.);
#2303=VECTOR('',#2915,1.);
#2304=VECTOR('',#2916,1.);
#2305=VECTOR('',#2919,1.);
#2306=VECTOR('',#2922,1.);
#2307=VECTOR('',#2927,1.);
#2308=VECTOR('',#2928,1.);
#2309=VECTOR('',#2929,1.);
#2310=VECTOR('',#2932,1.);
#2311=VECTOR('',#2933,1.);
#2312=VECTOR('',#2934,1.);
#2313=VECTOR('',#2937,1.);
#2314=VECTOR('',#2938,1.);
#2315=VECTOR('',#2945,1.);
#2316=VECTOR('',#2946,1.);
#2317=VECTOR('',#2947,1.);
#2318=VECTOR('',#2950,1.);
#2319=VECTOR('',#2951,1.);
#2320=VECTOR('',#2952,1.);
#2321=VECTOR('',#2955,1.);
#2322=VECTOR('',#2956,1.);
#2323=VECTOR('',#2963,1.);
#2324=VECTOR('',#2964,1.);
#2325=VECTOR('',#2965,1.);
#2326=VECTOR('',#2968,1.);
#2327=VECTOR('',#2969,1.);
#2328=VECTOR('',#2970,1.);
#2329=VECTOR('',#2973,1.);
#2330=VECTOR('',#2974,1.);
#2331=VECTOR('',#2975,1.);
#2332=VECTOR('',#2978,1.);
#2333=VECTOR('',#2979,1.);
#2334=VECTOR('',#2980,1.);
#2335=VECTOR('',#2987,1.);
#2336=VECTOR('',#2990,1.);
#2337=VECTOR('',#2993,1.);
#2338=VECTOR('',#2996,1.);
#2339=VECTOR('',#2999,1.);
#2340=VECTOR('',#3002,1.);
#2341=VECTOR('',#3003,1.);
#2342=VECTOR('',#3006,1.);
#2343=VECTOR('',#3007,1.);
#2344=VECTOR('',#3008,1.);
#2345=VECTOR('',#3011,1.);
#2346=VECTOR('',#3014,1.);
#2347=VECTOR('',#3027,1.);
#2348=VECTOR('',#3028,1.);
#2349=VECTOR('',#3029,1.);
#2350=VECTOR('',#3032,1.);
#2351=VECTOR('',#3033,1.);
#2352=VECTOR('',#3034,1.);
#2353=VECTOR('',#3037,1.);
#2354=VECTOR('',#3038,1.);
#2355=VECTOR('',#3039,1.);
#2356=VECTOR('',#3042,1.);
#2357=VECTOR('',#3043,1.);
#2358=VECTOR('',#3044,1.);
#2359=VECTOR('',#3051,1.);
#2360=VECTOR('',#3054,1.);
#2361=VECTOR('',#3057,1.);
#2362=VECTOR('',#3060,1.);
#2363=VECTOR('',#3063,1.);
#2364=VECTOR('',#3066,1.);
#2365=VECTOR('',#3067,1.);
#2366=VECTOR('',#3070,1.);
#2367=VECTOR('',#3071,1.);
#2368=VECTOR('',#3072,1.);
#2369=VECTOR('',#3075,1.);
#2370=VECTOR('',#3078,1.);
#2371=VECTOR('',#3091,1.);
#2372=VECTOR('',#3092,1.);
#2373=VECTOR('',#3093,1.);
#2374=VECTOR('',#3094,1.);
#2375=VECTOR('',#3097,1.);
#2376=VECTOR('',#3098,1.);
#2377=VECTOR('',#3099,1.);
#2378=VECTOR('',#3102,1.);
#2379=VECTOR('',#3103,1.);
#2380=VECTOR('',#3104,1.);
#2381=VECTOR('',#3107,1.);
#2382=VECTOR('',#3108,1.);
#2383=VECTOR('',#3109,1.);
#2384=VECTOR('',#3112,1.);
#2385=VECTOR('',#3113,1.);
#2386=VECTOR('',#3116,1.);
#2387=VECTOR('',#3117,1.);
#2388=VECTOR('',#3124,1.);
#2389=VECTOR('',#3125,1.);
#2390=VECTOR('',#3126,1.);
#2391=VECTOR('',#3129,1.);
#2392=VECTOR('',#3130,1.);
#2393=VECTOR('',#3131,1.);
#2394=VECTOR('',#3132,1.);
#2395=VECTOR('',#3133,1.);
#2396=VECTOR('',#3136,1.);
#2397=VECTOR('',#3137,1.);
#2398=VECTOR('',#3138,1.);
#2399=VECTOR('',#3139,1.);
#2400=VECTOR('',#3140,1.);
#2401=VECTOR('',#3143,1.);
#2402=VECTOR('',#3146,1.);
#2403=VECTOR('',#3149,1.);
#2404=VECTOR('',#3152,1.);
#2405=VECTOR('',#3157,1.);
#2406=VECTOR('',#3158,1.);
#2407=VECTOR('',#3159,1.);
#2408=VECTOR('',#3160,1.);
#2409=VECTOR('',#3163,1.);
#2410=VECTOR('',#3164,1.);
#2411=VECTOR('',#3165,1.);
#2412=VECTOR('',#3168,1.);
#2413=VECTOR('',#3169,1.);
#2414=VECTOR('',#3170,1.);
#2415=VECTOR('',#3173,1.);
#2416=VECTOR('',#3174,1.);
#2417=VECTOR('',#3175,1.);
#2418=VECTOR('',#3178,1.);
#2419=VECTOR('',#3179,1.);
#2420=VECTOR('',#3182,1.);
#2421=VECTOR('',#3183,1.);
#2422=VECTOR('',#3190,1.);
#2423=VECTOR('',#3191,1.);
#2424=VECTOR('',#3192,1.);
#2425=VECTOR('',#3195,1.);
#2426=VECTOR('',#3196,1.);
#2427=VECTOR('',#3197,1.);
#2428=VECTOR('',#3198,1.);
#2429=VECTOR('',#3199,1.);
#2430=VECTOR('',#3202,1.);
#2431=VECTOR('',#3203,1.);
#2432=VECTOR('',#3204,1.);
#2433=VECTOR('',#3205,1.);
#2434=VECTOR('',#3206,1.);
#2435=VECTOR('',#3209,1.);
#2436=VECTOR('',#3212,1.);
#2437=VECTOR('',#3215,1.);
#2438=VECTOR('',#3218,1.);
#2439=AXIS2_PLACEMENT_3D('',#3223,#2598,#2599);
#2440=AXIS2_PLACEMENT_3D('',#3232,#2604,#2605);
#2441=AXIS2_PLACEMENT_3D('',#3233,#2606,#2607);
#2442=AXIS2_PLACEMENT_3D('',#3238,#2609,#2610);
#2443=AXIS2_PLACEMENT_3D('',#3240,#2611,#2612);
#2444=AXIS2_PLACEMENT_3D('',#3242,#2613,#2614);
#2445=AXIS2_PLACEMENT_3D('',#3250,#2618,#2619);
#2446=AXIS2_PLACEMENT_3D('',#3252,#2620,#2621);
#2447=AXIS2_PLACEMENT_3D('',#3253,#2622,#2623);
#2448=AXIS2_PLACEMENT_3D('',#3257,#2625,#2626);
#2449=AXIS2_PLACEMENT_3D('',#3259,#2627,#2628);
#2450=AXIS2_PLACEMENT_3D('',#3261,#2629,#2630);
#2451=AXIS2_PLACEMENT_3D('',#3269,#2634,#2635);
#2452=AXIS2_PLACEMENT_3D('',#3271,#2636,#2637);
#2453=AXIS2_PLACEMENT_3D('',#3273,#2638,#2639);
#2454=AXIS2_PLACEMENT_3D('',#3274,#2640,#2641);
#2455=AXIS2_PLACEMENT_3D('',#3283,#2646,#2647);
#2456=AXIS2_PLACEMENT_3D('',#3292,#2652,#2653);
#2457=AXIS2_PLACEMENT_3D('',#3296,#2655,#2656);
#2458=AXIS2_PLACEMENT_3D('',#3298,#2657,#2658);
#2459=AXIS2_PLACEMENT_3D('',#3300,#2659,#2660);
#2460=AXIS2_PLACEMENT_3D('',#3308,#2664,#2665);
#2461=AXIS2_PLACEMENT_3D('',#3310,#2666,#2667);
#2462=AXIS2_PLACEMENT_3D('',#3312,#2668,#2669);
#2463=AXIS2_PLACEMENT_3D('',#3313,#2670,#2671);
#2464=AXIS2_PLACEMENT_3D('',#3314,#2672,#2673);
#2465=AXIS2_PLACEMENT_3D('',#3319,#2675,#2676);
#2466=AXIS2_PLACEMENT_3D('',#3321,#2677,#2678);
#2467=AXIS2_PLACEMENT_3D('',#3323,#2679,#2680);
#2468=AXIS2_PLACEMENT_3D('',#3331,#2684,#2685);
#2469=AXIS2_PLACEMENT_3D('',#3333,#2686,#2687);
#2470=AXIS2_PLACEMENT_3D('',#3334,#2688,#2689);
#2471=AXIS2_PLACEMENT_3D('',#3343,#2694,#2695);
#2472=AXIS2_PLACEMENT_3D('',#3396,#2724,#2725);
#2473=AXIS2_PLACEMENT_3D('',#3413,#2734,#2735);
#2474=AXIS2_PLACEMENT_3D('',#3447,#2753,#2754);
#2475=AXIS2_PLACEMENT_3D('',#3456,#2759,#2760);
#2476=AXIS2_PLACEMENT_3D('',#3465,#2765,#2766);
#2477=AXIS2_PLACEMENT_3D('',#3476,#2773,#2774);
#2478=AXIS2_PLACEMENT_3D('',#3502,#2789,#2790);
#2479=AXIS2_PLACEMENT_3D('',#3512,#2796,#2797);
#2480=AXIS2_PLACEMENT_3D('',#3522,#2803,#2804);
#2481=AXIS2_PLACEMENT_3D('',#3528,#2808,#2809);
#2482=AXIS2_PLACEMENT_3D('',#3534,#2813,#2814);
#2483=AXIS2_PLACEMENT_3D('',#3537,#2817,#2818);
#2484=AXIS2_PLACEMENT_3D('',#3538,#2819,#2820);
#2485=AXIS2_PLACEMENT_3D('',#3539,#2821,#2822);
#2486=AXIS2_PLACEMENT_3D('',#3542,#2825,#2826);
#2487=AXIS2_PLACEMENT_3D('',#3545,#2829,#2830);
#2488=AXIS2_PLACEMENT_3D('',#3551,#2834,#2835);
#2489=AXIS2_PLACEMENT_3D('',#3554,#2838,#2839);
#2490=AXIS2_PLACEMENT_3D('',#3555,#2840,#2841);
#2491=AXIS2_PLACEMENT_3D('',#3556,#2842,#2843);
#2492=AXIS2_PLACEMENT_3D('',#3562,#2847,#2848);
#2493=AXIS2_PLACEMENT_3D('',#3565,#2851,#2852);
#2494=AXIS2_PLACEMENT_3D('',#3566,#2853,#2854);
#2495=AXIS2_PLACEMENT_3D('',#3567,#2855,#2856);
#2496=AXIS2_PLACEMENT_3D('',#3573,#2860,#2861);
#2497=AXIS2_PLACEMENT_3D('',#3576,#2864,#2865);
#2498=AXIS2_PLACEMENT_3D('',#3578,#2867,#2868);
#2499=AXIS2_PLACEMENT_3D('',#3579,#2869,#2870);
#2500=AXIS2_PLACEMENT_3D('',#3583,#2873,#2874);
#2501=AXIS2_PLACEMENT_3D('',#3587,#2877,#2878);
#2502=AXIS2_PLACEMENT_3D('',#3590,#2881,#2882);
#2503=AXIS2_PLACEMENT_3D('',#3591,#2883,#2884);
#2504=AXIS2_PLACEMENT_3D('',#3592,#2885,#2886);
#2505=AXIS2_PLACEMENT_3D('',#3593,#2887,#2888);
#2506=AXIS2_PLACEMENT_3D('',#3599,#2892,#2893);
#2507=AXIS2_PLACEMENT_3D('',#3603,#2896,#2897);
#2508=AXIS2_PLACEMENT_3D('',#3607,#2900,#2901);
#2509=AXIS2_PLACEMENT_3D('',#3611,#2904,#2905);
#2510=AXIS2_PLACEMENT_3D('',#3613,#2907,#2908);
#2511=AXIS2_PLACEMENT_3D('',#3622,#2913,#2914);
#2512=AXIS2_PLACEMENT_3D('',#3625,#2917,#2918);
#2513=AXIS2_PLACEMENT_3D('',#3627,#2920,#2921);
#2514=AXIS2_PLACEMENT_3D('',#3629,#2923,#2924);
#2515=AXIS2_PLACEMENT_3D('',#3630,#2925,#2926);
#2516=AXIS2_PLACEMENT_3D('',#3636,#2930,#2931);
#2517=AXIS2_PLACEMENT_3D('',#3642,#2935,#2936);
#2518=AXIS2_PLACEMENT_3D('',#3645,#2939,#2940);
#2519=AXIS2_PLACEMENT_3D('',#3646,#2941,#2942);
#2520=AXIS2_PLACEMENT_3D('',#3647,#2943,#2944);
#2521=AXIS2_PLACEMENT_3D('',#3653,#2948,#2949);
#2522=AXIS2_PLACEMENT_3D('',#3659,#2953,#2954);
#2523=AXIS2_PLACEMENT_3D('',#3662,#2957,#2958);
#2524=AXIS2_PLACEMENT_3D('',#3663,#2959,#2960);
#2525=AXIS2_PLACEMENT_3D('',#3664,#2961,#2962);
#2526=AXIS2_PLACEMENT_3D('',#3670,#2966,#2967);
#2527=AXIS2_PLACEMENT_3D('',#3676,#2971,#2972);
#2528=AXIS2_PLACEMENT_3D('',#3680,#2976,#2977);
#2529=AXIS2_PLACEMENT_3D('',#3684,#2981,#2982);
#2530=AXIS2_PLACEMENT_3D('',#3685,#2983,#2984);
#2531=AXIS2_PLACEMENT_3D('',#3686,#2985,#2986);
#2532=AXIS2_PLACEMENT_3D('',#3688,#2988,#2989);
#2533=AXIS2_PLACEMENT_3D('',#3690,#2991,#2992);
#2534=AXIS2_PLACEMENT_3D('',#3692,#2994,#2995);
#2535=AXIS2_PLACEMENT_3D('',#3694,#2997,#2998);
#2536=AXIS2_PLACEMENT_3D('',#3696,#3000,#3001);
#2537=AXIS2_PLACEMENT_3D('',#3699,#3004,#3005);
#2538=AXIS2_PLACEMENT_3D('',#3703,#3009,#3010);
#2539=AXIS2_PLACEMENT_3D('',#3705,#3012,#3013);
#2540=AXIS2_PLACEMENT_3D('',#3707,#3015,#3016);
#2541=AXIS2_PLACEMENT_3D('',#3708,#3017,#3018);
#2542=AXIS2_PLACEMENT_3D('',#3709,#3019,#3020);
#2543=AXIS2_PLACEMENT_3D('',#3710,#3021,#3022);
#2544=AXIS2_PLACEMENT_3D('',#3711,#3023,#3024);
#2545=AXIS2_PLACEMENT_3D('',#3712,#3025,#3026);
#2546=AXIS2_PLACEMENT_3D('',#3718,#3030,#3031);
#2547=AXIS2_PLACEMENT_3D('',#3724,#3035,#3036);
#2548=AXIS2_PLACEMENT_3D('',#3728,#3040,#3041);
#2549=AXIS2_PLACEMENT_3D('',#3732,#3045,#3046);
#2550=AXIS2_PLACEMENT_3D('',#3733,#3047,#3048);
#2551=AXIS2_PLACEMENT_3D('',#3734,#3049,#3050);
#2552=AXIS2_PLACEMENT_3D('',#3736,#3052,#3053);
#2553=AXIS2_PLACEMENT_3D('',#3738,#3055,#3056);
#2554=AXIS2_PLACEMENT_3D('',#3740,#3058,#3059);
#2555=AXIS2_PLACEMENT_3D('',#3742,#3061,#3062);
#2556=AXIS2_PLACEMENT_3D('',#3744,#3064,#3065);
#2557=AXIS2_PLACEMENT_3D('',#3747,#3068,#3069);
#2558=AXIS2_PLACEMENT_3D('',#3751,#3073,#3074);
#2559=AXIS2_PLACEMENT_3D('',#3753,#3076,#3077);
#2560=AXIS2_PLACEMENT_3D('',#3755,#3079,#3080);
#2561=AXIS2_PLACEMENT_3D('',#3756,#3081,#3082);
#2562=AXIS2_PLACEMENT_3D('',#3757,#3083,#3084);
#2563=AXIS2_PLACEMENT_3D('',#3758,#3085,#3086);
#2564=AXIS2_PLACEMENT_3D('',#3759,#3087,#3088);
#2565=AXIS2_PLACEMENT_3D('',#3760,#3089,#3090);
#2566=AXIS2_PLACEMENT_3D('',#3769,#3095,#3096);
#2567=AXIS2_PLACEMENT_3D('',#3775,#3100,#3101);
#2568=AXIS2_PLACEMENT_3D('',#3781,#3105,#3106);
#2569=AXIS2_PLACEMENT_3D('',#3787,#3110,#3111);
#2570=AXIS2_PLACEMENT_3D('',#3790,#3114,#3115);
#2571=AXIS2_PLACEMENT_3D('',#3793,#3118,#3119);
#2572=AXIS2_PLACEMENT_3D('',#3794,#3120,#3121);
#2573=AXIS2_PLACEMENT_3D('',#3795,#3122,#3123);
#2574=AXIS2_PLACEMENT_3D('',#3801,#3127,#3128);
#2575=AXIS2_PLACEMENT_3D('',#3811,#3134,#3135);
#2576=AXIS2_PLACEMENT_3D('',#3821,#3141,#3142);
#2577=AXIS2_PLACEMENT_3D('',#3823,#3144,#3145);
#2578=AXIS2_PLACEMENT_3D('',#3825,#3147,#3148);
#2579=AXIS2_PLACEMENT_3D('',#3827,#3150,#3151);
#2580=AXIS2_PLACEMENT_3D('',#3829,#3153,#3154);
#2581=AXIS2_PLACEMENT_3D('',#3830,#3155,#3156);
#2582=AXIS2_PLACEMENT_3D('',#3839,#3161,#3162);
#2583=AXIS2_PLACEMENT_3D('',#3845,#3166,#3167);
#2584=AXIS2_PLACEMENT_3D('',#3851,#3171,#3172);
#2585=AXIS2_PLACEMENT_3D('',#3857,#3176,#3177);
#2586=AXIS2_PLACEMENT_3D('',#3860,#3180,#3181);
#2587=AXIS2_PLACEMENT_3D('',#3863,#3184,#3185);
#2588=AXIS2_PLACEMENT_3D('',#3864,#3186,#3187);
#2589=AXIS2_PLACEMENT_3D('',#3865,#3188,#3189);
#2590=AXIS2_PLACEMENT_3D('',#3871,#3193,#3194);
#2591=AXIS2_PLACEMENT_3D('',#3881,#3200,#3201);
#2592=AXIS2_PLACEMENT_3D('',#3891,#3207,#3208);
#2593=AXIS2_PLACEMENT_3D('',#3893,#3210,#3211);
#2594=AXIS2_PLACEMENT_3D('',#3895,#3213,#3214);
#2595=AXIS2_PLACEMENT_3D('',#3897,#3216,#3217);
#2596=AXIS2_PLACEMENT_3D('',#3899,#3219,#3220);
#2597=AXIS2_PLACEMENT_3D('',#3900,#3221,#3222);
#2598=DIRECTION('',(0.,0.,1.));
#2599=DIRECTION('',(1.,0.,0.));
#2600=DIRECTION('',(-1.,0.,0.));
#2601=DIRECTION('',(0.,0.,1.));
#2602=DIRECTION('',(-1.,0.,0.));
#2603=DIRECTION('',(0.,0.,1.));
#2604=DIRECTION('',(0.,1.,0.));
#2605=DIRECTION('',(0.,0.,1.));
#2606=DIRECTION('',(1.,0.,0.));
#2607=DIRECTION('',(0.,1.,0.));
#2608=DIRECTION('',(0.,0.,1.));
#2609=DIRECTION('',(-1.,0.,0.));
#2610=DIRECTION('',(0.,1.,0.));
#2611=DIRECTION('',(1.,0.,0.));
#2612=DIRECTION('',(0.,1.,-7.1329090295099E-17));
#2613=DIRECTION('',(-1.,0.,0.));
#2614=DIRECTION('',(0.,1.,0.));
#2615=DIRECTION('',(0.,-1.,0.));
#2616=DIRECTION('',(0.,0.,1.));
#2617=DIRECTION('',(0.,1.,0.));
#2618=DIRECTION('',(1.,0.,0.));
#2619=DIRECTION('',(0.,0.999999999999999,0.));
#2620=DIRECTION('',(-1.,0.,0.));
#2621=DIRECTION('',(0.,1.,0.));
#2622=DIRECTION('',(1.,0.,0.));
#2623=DIRECTION('',(0.,0.,-1.));
#2624=DIRECTION('',(0.,0.,1.));
#2625=DIRECTION('',(1.,0.,0.));
#2626=DIRECTION('',(0.,1.,0.));
#2627=DIRECTION('',(-1.,0.,0.));
#2628=DIRECTION('',(0.,1.,0.));
#2629=DIRECTION('',(1.,0.,0.));
#2630=DIRECTION('',(0.,0.999999999999999,0.));
#2631=DIRECTION('',(0.,1.,0.));
#2632=DIRECTION('',(0.,0.,1.));
#2633=DIRECTION('',(0.,-1.,0.));
#2634=DIRECTION('',(-1.,0.,0.));
#2635=DIRECTION('',(0.,1.,0.));
#2636=DIRECTION('',(1.,0.,0.));
#2637=DIRECTION('',(0.,1.,-7.1329090295099E-17));
#2638=DIRECTION('',(-1.,0.,0.));
#2639=DIRECTION('',(0.,1.,0.));
#2640=DIRECTION('',(1.,0.,0.));
#2641=DIRECTION('',(0.,0.,-1.));
#2642=DIRECTION('',(-1.,0.,0.));
#2643=DIRECTION('',(0.,0.,1.));
#2644=DIRECTION('',(-1.,0.,0.));
#2645=DIRECTION('',(0.,0.,1.));
#2646=DIRECTION('',(0.,-1.,-7.84484996197723E-15));
#2647=DIRECTION('',(0.,7.84441955836712E-15,-1.));
#2648=DIRECTION('',(-1.,0.,0.));
#2649=DIRECTION('',(0.,0.,-1.));
#2650=DIRECTION('',(-1.,0.,0.));
#2651=DIRECTION('',(0.,0.,-1.));
#2652=DIRECTION('',(0.,1.,0.));
#2653=DIRECTION('',(0.,0.,1.));
#2654=DIRECTION('',(0.,0.,-1.));
#2655=DIRECTION('',(1.,0.,0.));
#2656=DIRECTION('',(0.,1.,0.));
#2657=DIRECTION('',(-1.,0.,0.));
#2658=DIRECTION('',(0.,1.,0.));
#2659=DIRECTION('',(1.,0.,0.));
#2660=DIRECTION('',(0.,1.,0.));
#2661=DIRECTION('',(0.,-1.,-2.25312880217072E-16));
#2662=DIRECTION('',(0.,0.,-1.));
#2663=DIRECTION('',(0.,1.,-6.53133838846689E-17));
#2664=DIRECTION('',(-1.,0.,0.));
#2665=DIRECTION('',(0.,0.999999999999999,0.));
#2666=DIRECTION('',(1.,0.,0.));
#2667=DIRECTION('',(0.,1.,0.));
#2668=DIRECTION('',(-1.,0.,0.));
#2669=DIRECTION('',(0.,1.,0.));
#2670=DIRECTION('',(-1.,0.,0.));
#2671=DIRECTION('',(0.,0.,1.));
#2672=DIRECTION('',(1.,0.,0.));
#2673=DIRECTION('',(0.,1.,0.));
#2674=DIRECTION('',(0.,0.,-1.));
#2675=DIRECTION('',(-1.,0.,0.));
#2676=DIRECTION('',(0.,1.,0.));
#2677=DIRECTION('',(1.,0.,0.));
#2678=DIRECTION('',(0.,1.,0.));
#2679=DIRECTION('',(-1.,0.,0.));
#2680=DIRECTION('',(0.,0.999999999999999,0.));
#2681=DIRECTION('',(0.,1.,0.));
#2682=DIRECTION('',(0.,0.,-1.));
#2683=DIRECTION('',(0.,-1.,-1.30626767769338E-16));
#2684=DIRECTION('',(1.,0.,0.));
#2685=DIRECTION('',(0.,1.,0.));
#2686=DIRECTION('',(-1.,0.,0.));
#2687=DIRECTION('',(0.,1.,0.));
#2688=DIRECTION('',(-1.,0.,0.));
#2689=DIRECTION('',(0.,0.,1.));
#2690=DIRECTION('',(-1.,0.,0.));
#2691=DIRECTION('',(0.,0.,-1.));
#2692=DIRECTION('',(-1.,0.,0.));
#2693=DIRECTION('',(0.,0.,-1.));
#2694=DIRECTION('',(0.,-1.,0.));
#2695=DIRECTION('',(0.,0.,-1.));
#2696=DIRECTION('',(0.,0.,1.));
#2697=DIRECTION('',(1.,0.,0.));
#2698=DIRECTION('',(0.,0.,1.));
#2699=DIRECTION('',(-1.,0.,0.));
#2700=DIRECTION('',(1.,0.,0.));
#2701=DIRECTION('',(0.,0.,1.));
#2702=DIRECTION('',(1.,0.,0.));
#2703=DIRECTION('',(0.,0.,1.));
#2704=DIRECTION('',(1.,0.,0.));
#2705=DIRECTION('',(-1.,0.,0.));
#2706=DIRECTION('',(2.24705113468499E-16,0.,-1.));
#2707=DIRECTION('',(-1.,0.,-5.39292272324396E-16));
#2708=DIRECTION('',(0.,0.,1.));
#2709=DIRECTION('',(1.,0.,0.));
#2710=DIRECTION('',(0.,0.,-1.));
#2711=DIRECTION('',(1.,0.,0.));
#2712=DIRECTION('',(0.,0.,-1.));
#2713=DIRECTION('',(-1.,0.,0.));
#2714=DIRECTION('',(-1.,0.,0.));
#2715=DIRECTION('',(1.,0.,0.));
#2716=DIRECTION('',(-1.,0.,0.));
#2717=DIRECTION('',(0.,0.,1.));
#2718=DIRECTION('',(-1.,0.,0.));
#2719=DIRECTION('',(0.,0.,1.));
#2720=DIRECTION('',(-1.,0.,0.));
#2721=DIRECTION('',(0.,0.,1.));
#2722=DIRECTION('',(1.,0.,0.));
#2723=DIRECTION('',(0.,0.,1.));
#2724=DIRECTION('',(0.,-1.,0.));
#2725=DIRECTION('',(0.,0.,-1.));
#2726=DIRECTION('',(-3.41480999208033E-16,0.,1.));
#2727=DIRECTION('',(-1.,0.,-1.70740499604017E-16));
#2728=DIRECTION('',(8.53702498020083E-17,0.,-1.));
#2729=DIRECTION('',(1.,0.,1.70740499604017E-16));
#2730=DIRECTION('',(1.,0.,0.));
#2731=DIRECTION('',(0.,0.,-1.));
#2732=DIRECTION('',(-1.,0.,0.));
#2733=DIRECTION('',(0.,0.,-1.));
#2734=DIRECTION('',(0.,-1.,0.));
#2735=DIRECTION('',(0.,0.,-1.));
#2736=DIRECTION('',(1.,0.,-9.95799250102961E-17));
#2737=DIRECTION('',(0.,1.,0.));
#2738=DIRECTION('',(1.,0.,-9.95799250102961E-17));
#2739=DIRECTION('',(0.,1.,0.));
#2740=DIRECTION('',(1.,0.,9.95799250102961E-17));
#2741=DIRECTION('',(0.,1.,0.));
#2742=DIRECTION('',(1.,0.,9.95799250102961E-17));
#2743=DIRECTION('',(0.,1.,0.));
#2744=DIRECTION('',(-0.642787609686539,0.766044443118978,0.));
#2745=DIRECTION('',(0.,1.,0.));
#2746=DIRECTION('',(0.,1.,0.));
#2747=DIRECTION('',(-0.707106781186543,0.707106781186552,0.));
#2748=DIRECTION('',(0.707106781186545,0.70710678118655,0.));
#2749=DIRECTION('',(0.,1.,0.));
#2750=DIRECTION('',(0.,-1.,0.));
#2751=DIRECTION('',(-0.642787609686539,-0.766044443118978,0.));
#2752=DIRECTION('',(1.,0.,0.));
#2753=DIRECTION('',(0.,0.,-1.));
#2754=DIRECTION('',(-1.,0.,0.));
#2755=DIRECTION('',(0.,0.,-1.));
#2756=DIRECTION('',(0.642787609686538,-0.766044443118979,0.));
#2757=DIRECTION('',(0.,0.,-1.));
#2758=DIRECTION('',(-0.642787609686539,0.766044443118978,-3.46650390649821E-16));
#2759=DIRECTION('',(-0.766044443118978,-0.642787609686539,0.));
#2760=DIRECTION('',(0.642787609686539,-0.766044443118978,0.));
#2761=DIRECTION('',(0.,0.,-1.));
#2762=DIRECTION('',(0.642787609686538,0.766044443118979,0.));
#2763=DIRECTION('',(0.,0.,-1.));
#2764=DIRECTION('',(-0.642787609686539,-0.766044443118978,-3.46650390649821E-16));
#2765=DIRECTION('',(0.766044443118978,-0.642787609686539,0.));
#2766=DIRECTION('',(0.642787609686539,0.766044443118978,0.));
#2767=DIRECTION('',(0.,0.,-1.));
#2768=DIRECTION('',(0.,1.,0.));
#2769=DIRECTION('',(0.,0.,-1.));
#2770=DIRECTION('',(-4.68844182696435E-16,-1.,0.));
#2771=DIRECTION('',(0.,-1.,0.));
#2772=DIRECTION('',(0.,0.,-1.));
#2773=DIRECTION('',(1.,0.,0.));
#2774=DIRECTION('',(0.,0.,-1.));
#2775=DIRECTION('',(3.41480999208033E-16,0.,-1.));
#2776=DIRECTION('',(-1.,0.,-1.70740499604017E-16));
#2777=DIRECTION('',(-8.53702498020083E-17,0.,1.));
#2778=DIRECTION('',(1.,0.,1.70740499604017E-16));
#2779=DIRECTION('',(2.29460777245609E-16,0.,-1.));
#2780=DIRECTION('',(-1.,0.,-1.70740499604017E-16));
#2781=DIRECTION('',(-6.82961998416066E-16,0.,1.));
#2782=DIRECTION('',(1.,0.,5.73651943114023E-16));
#2783=DIRECTION('',(0.707106781186548,0.,-0.707106781186547));
#2784=DIRECTION('',(-1.,0.,-5.39292272324396E-16));
#2785=DIRECTION('',(0.,0.,-1.));
#2786=DIRECTION('',(0.,0.,-1.));
#2787=DIRECTION('',(0.,0.,-1.));
#2788=DIRECTION('',(0.,0.,-1.));
#2789=DIRECTION('',(0.,-1.,0.));
#2790=DIRECTION('',(0.,0.,-1.));
#2791=DIRECTION('',(0.,-1.,0.));
#2792=DIRECTION('',(-1.,0.,0.));
#2793=DIRECTION('',(0.,1.,3.77896192899512E-15));
#2794=DIRECTION('',(-1.,0.,0.));
#2795=DIRECTION('',(0.,1.,3.77896192899512E-15));
#2796=DIRECTION('',(-5.39292272324396E-16,0.,1.));
#2797=DIRECTION('',(1.,0.,5.39499001028787E-16));
#2798=DIRECTION('',(0.,0.,-1.));
#2799=DIRECTION('',(0.,-1.,0.));
#2800=DIRECTION('',(0.,0.,-1.));
#2801=DIRECTION('',(0.,0.,-1.));
#2802=DIRECTION('',(0.,-1.,0.));
#2803=DIRECTION('',(-1.,0.,-2.24705113468499E-16));
#2804=DIRECTION('',(-2.24646690138997E-16,0.,1.));
#2805=DIRECTION('',(0.,-0.810421678379293,-0.585846996418766));
#2806=DIRECTION('',(0.,-0.810421678379293,-0.585846996418766));
#2807=DIRECTION('',(-1.,0.,0.));
#2808=DIRECTION('',(0.,0.585846996418766,-0.810421678379293));
#2809=DIRECTION('',(0.,0.810421678379293,0.585846996418766));
#2810=DIRECTION('',(0.,-7.22801448323674E-16,1.));
#2811=DIRECTION('',(-1.,0.,0.));
#2812=DIRECTION('',(0.,-7.22801448323674E-16,1.));
#2813=DIRECTION('',(0.,-1.,-7.22801448323675E-16));
#2814=DIRECTION('',(0.,7.22946008613334E-16,-1.));
#2815=DIRECTION('',(0.,-1.,-1.15648231731787E-15));
#2816=DIRECTION('',(0.,-1.,-1.15648231731787E-15));
#2817=DIRECTION('',(0.,1.15648231731787E-15,-1.));
#2818=DIRECTION('',(0.,1.,1.15619319673854E-15));
#2819=DIRECTION('',(-1.,0.,0.));
#2820=DIRECTION('',(0.,0.,1.));
#2821=DIRECTION('',(-1.,0.,0.));
#2822=DIRECTION('',(0.,0.,1.));
#2823=DIRECTION('',(0.60658472488997,-0.722899525100392,-0.330864395394529));
#2824=DIRECTION('',(0.642787609686538,-0.766044443118979,0.));
#2825=DIRECTION('',(-0.766044443118978,-0.642787609686539,0.));
#2826=DIRECTION('',(0.642787609686539,-0.766044443118978,0.));
#2827=DIRECTION('',(0.60658472488997,0.722899525100392,0.330864395394528));
#2828=DIRECTION('',(0.642787609686538,0.766044443118979,0.));
#2829=DIRECTION('',(0.766044443118978,-0.642787609686539,0.));
#2830=DIRECTION('',(0.642787609686539,0.766044443118978,0.));
#2831=DIRECTION('',(0.,1.,0.));
#2832=DIRECTION('',(0.,0.,1.));
#2833=DIRECTION('',(0.,1.,0.));
#2834=DIRECTION('',(1.,0.,0.));
#2835=DIRECTION('',(0.,0.,-1.));
#2836=DIRECTION('',(1.,3.09772049281573E-16,0.));
#2837=DIRECTION('',(1.,3.09772049281573E-16,0.));
#2838=DIRECTION('',(3.09772049281573E-16,-1.,0.));
#2839=DIRECTION('',(1.,3.09864980896357E-16,0.));
#2840=DIRECTION('',(0.,0.,-1.));
#2841=DIRECTION('',(-1.,0.,0.));
#2842=DIRECTION('',(0.,0.,-1.));
#2843=DIRECTION('',(-1.,0.,0.));
#2844=DIRECTION('',(0.,-1.,0.));
#2845=DIRECTION('',(0.,-1.,0.));
#2846=DIRECTION('',(0.,0.,1.));
#2847=DIRECTION('',(-1.,0.,0.));
#2848=DIRECTION('',(0.,0.,1.));
#2849=DIRECTION('',(1.,-3.09772049281573E-16,0.));
#2850=DIRECTION('',(1.,-3.09772049281573E-16,0.));
#2851=DIRECTION('',(-3.09772049281573E-16,-1.,0.));
#2852=DIRECTION('',(1.,-3.09864980896357E-16,0.));
#2853=DIRECTION('',(0.,0.,-1.));
#2854=DIRECTION('',(-1.,0.,0.));
#2855=DIRECTION('',(0.,0.,-1.));
#2856=DIRECTION('',(-1.,0.,0.));
#2857=DIRECTION('',(0.,0.,-1.));
#2858=DIRECTION('',(0.,1.,0.));
#2859=DIRECTION('',(0.,0.,-1.));
#2860=DIRECTION('',(-1.,0.,0.));
#2861=DIRECTION('',(0.,0.,1.));
#2862=DIRECTION('',(-0.877895572914385,0.,-0.478852130680572));
#2863=DIRECTION('',(-1.,0.,0.));
#2864=DIRECTION('',(0.,-1.,0.));
#2865=DIRECTION('',(0.,0.,-1.));
#2866=DIRECTION('',(0.707106781186545,0.70710678118655,0.));
#2867=DIRECTION('',(-0.70710678118655,0.707106781186545,0.));
#2868=DIRECTION('',(-0.707106781186545,-0.70710678118655,0.));
#2869=DIRECTION('',(0.,0.,1.));
#2870=DIRECTION('',(1.,0.,0.));
#2871=DIRECTION('',(0.,0.,-1.));
#2872=DIRECTION('',(-0.707106781186543,0.707106781186552,0.));
#2873=DIRECTION('',(-0.707106781186552,-0.707106781186543,0.));
#2874=DIRECTION('',(0.707106781186543,-0.707106781186552,0.));
#2875=DIRECTION('',(0.,0.,-1.));
#2876=DIRECTION('',(0.,1.,0.));
#2877=DIRECTION('',(-1.,0.,0.));
#2878=DIRECTION('',(0.,0.,1.));
#2879=DIRECTION('',(-0.877895572914385,0.,0.478852130680573));
#2880=DIRECTION('',(1.,0.,0.));
#2881=DIRECTION('',(0.,1.,0.));
#2882=DIRECTION('',(0.,0.,1.));
#2883=DIRECTION('',(0.,0.,-1.));
#2884=DIRECTION('',(-1.,0.,0.));
#2885=DIRECTION('',(0.478852130680573,0.,0.877895572914385));
#2886=DIRECTION('',(0.,-1.,0.));
#2887=DIRECTION('',(-0.478852130680572,0.,0.877895572914385));
#2888=DIRECTION('',(0.,-1.,0.));
#2889=DIRECTION('',(0.,1.,0.));
#2890=DIRECTION('',(-2.29460777245609E-16,0.,1.));
#2891=DIRECTION('',(0.,1.,0.));
#2892=DIRECTION('',(-1.,0.,-2.29460777245609E-16));
#2893=DIRECTION('',(-2.29471389806557E-16,0.,1.));
#2894=DIRECTION('',(0.,1.,0.));
#2895=DIRECTION('',(-0.707106781186548,0.,0.707106781186547));
#2896=DIRECTION('',(-0.707106781186547,0.,-0.707106781186548));
#2897=DIRECTION('',(-0.707106781186548,0.,0.707106781186547));
#2898=DIRECTION('',(0.,1.,0.));
#2899=DIRECTION('',(-1.,0.,-5.73651943114023E-16));
#2900=DIRECTION('',(5.73651943114023E-16,0.,-1.));
#2901=DIRECTION('',(-1.,0.,-5.7365136946208E-16));
#2902=DIRECTION('',(0.,1.,0.));
#2903=DIRECTION('',(6.82961998416066E-16,0.,-1.));
#2904=DIRECTION('',(1.,0.,6.82961998416066E-16));
#2905=DIRECTION('',(6.83047368665868E-16,0.,-1.));
#2906=DIRECTION('',(1.,0.,1.70740499604017E-16));
#2907=DIRECTION('',(-1.70740499604017E-16,0.,1.));
#2908=DIRECTION('',(1.,0.,1.70870262383715E-16));
#2909=DIRECTION('',(0.,0.,1.));
#2910=DIRECTION('',(-1.,0.,0.));
#2911=DIRECTION('',(0.,0.,1.));
#2912=DIRECTION('',(1.,0.,0.));
#2913=DIRECTION('',(0.,-1.,0.));
#2914=DIRECTION('',(0.,0.,-1.));
#2915=DIRECTION('',(0.,1.,0.));
#2916=DIRECTION('',(0.,1.,0.));
#2917=DIRECTION('',(-1.,0.,-3.41480999208033E-16));
#2918=DIRECTION('',(-3.41306843898437E-16,0.,1.));
#2919=DIRECTION('',(0.,1.,0.));
#2920=DIRECTION('',(1.70740499604017E-16,0.,-1.));
#2921=DIRECTION('',(-1.,0.,-1.70761842166467E-16));
#2922=DIRECTION('',(0.,1.,0.));
#2923=DIRECTION('',(1.,0.,8.53702498020083E-17));
#2924=DIRECTION('',(8.53809210832335E-17,0.,-1.));
#2925=DIRECTION('',(-1.70740499604017E-16,0.,1.));
#2926=DIRECTION('',(1.,0.,1.70870262383715E-16));
#2927=DIRECTION('',(0.,0.,1.));
#2928=DIRECTION('',(0.,0.,1.));
#2929=DIRECTION('',(0.,1.,0.));
#2930=DIRECTION('',(-1.,0.,0.));
#2931=DIRECTION('',(0.,0.,1.));
#2932=DIRECTION('',(-1.,0.,-2.16840434497101E-16));
#2933=DIRECTION('',(-1.,0.,-2.16840434497101E-16));
#2934=DIRECTION('',(0.,1.,0.));
#2935=DIRECTION('',(2.16840434497101E-16,0.,-1.));
#2936=DIRECTION('',(-1.,0.,-2.16840434497101E-16));
#2937=DIRECTION('',(0.,0.,-1.));
#2938=DIRECTION('',(0.,0.,-1.));
#2939=DIRECTION('',(1.,0.,0.));
#2940=DIRECTION('',(0.,0.,-1.));
#2941=DIRECTION('',(0.,-1.,0.));
#2942=DIRECTION('',(0.,0.,-1.));
#2943=DIRECTION('',(0.,-1.,0.));
#2944=DIRECTION('',(0.,0.,-1.));
#2945=DIRECTION('',(0.,0.,1.));
#2946=DIRECTION('',(0.,0.,1.));
#2947=DIRECTION('',(0.,1.,0.));
#2948=DIRECTION('',(-1.,0.,0.));
#2949=DIRECTION('',(0.,0.,1.));
#2950=DIRECTION('',(-1.,0.,2.16840434497101E-16));
#2951=DIRECTION('',(-1.,0.,2.16840434497101E-16));
#2952=DIRECTION('',(0.,1.,0.));
#2953=DIRECTION('',(-2.16840434497101E-16,0.,-1.));
#2954=DIRECTION('',(-1.,0.,2.16840434497101E-16));
#2955=DIRECTION('',(0.,0.,-1.));
#2956=DIRECTION('',(0.,0.,-1.));
#2957=DIRECTION('',(1.,0.,0.));
#2958=DIRECTION('',(0.,0.,-1.));
#2959=DIRECTION('',(0.,-1.,0.));
#2960=DIRECTION('',(0.,0.,-1.));
#2961=DIRECTION('',(0.,-1.,0.));
#2962=DIRECTION('',(0.,0.,-1.));
#2963=DIRECTION('',(-1.,0.,0.));
#2964=DIRECTION('',(0.246296620734988,-0.940405279169945,-0.234469370118623));
#2965=DIRECTION('',(0.246296620734987,0.940405279169945,0.234469370118623));
#2966=DIRECTION('',(0.,0.241921895599665,-0.970295726275997));
#2967=DIRECTION('',(0.,0.970295726275997,0.241921895599665));
#2968=DIRECTION('',(-0.246296620734988,0.940405279169945,-0.234469370118623));
#2969=DIRECTION('',(-1.,0.,0.));
#2970=DIRECTION('',(-0.246296620734987,-0.940405279169945,0.234469370118623));
#2971=DIRECTION('',(0.,0.241921895599665,0.970295726275997));
#2972=DIRECTION('',(0.,-0.970295726275997,0.241921895599665));
#2973=DIRECTION('',(0.,-1.,-2.25312880217072E-16));
#2974=DIRECTION('',(0.,0.,-1.));
#2975=DIRECTION('',(0.,1.,-6.53133838846689E-17));
#2976=DIRECTION('',(-1.,0.,0.));
#2977=DIRECTION('',(0.,0.,1.));
#2978=DIRECTION('',(0.,0.,-1.));
#2979=DIRECTION('',(0.,-1.,-1.30626767769338E-16));
#2980=DIRECTION('',(0.,1.,0.));
#2981=DIRECTION('',(-1.,0.,0.));
#2982=DIRECTION('',(0.,0.,1.));
#2983=DIRECTION('',(0.,1.30626767769338E-16,-1.));
#2984=DIRECTION('',(0.,1.,1.30537941567255E-16));
#2985=DIRECTION('',(0.,0.,1.));
#2986=DIRECTION('',(1.,0.,0.));
#2987=DIRECTION('',(-1.,0.,0.));
#2988=DIRECTION('',(0.,0.,1.));
#2989=DIRECTION('',(1.,0.,0.));
#2990=DIRECTION('',(-1.,0.,0.));
#2991=DIRECTION('',(0.,1.30626767769338E-16,-1.));
#2992=DIRECTION('',(0.,1.,1.30537941567255E-16));
#2993=DIRECTION('',(-1.,0.,0.));
#2994=DIRECTION('',(-1.,0.,0.));
#2995=DIRECTION('',(0.,0.,1.));
#2996=DIRECTION('',(-1.,0.,0.));
#2997=DIRECTION('',(-1.,0.,0.));
#2998=DIRECTION('',(0.,0.,1.));
#2999=DIRECTION('',(-1.,0.,0.));
#3000=DIRECTION('',(-1.,0.,0.));
#3001=DIRECTION('',(0.,0.,1.));
#3002=DIRECTION('',(0.246296620734987,-0.940405279169945,-0.234469370118624));
#3003=DIRECTION('',(0.246296620734987,0.940405279169945,0.234469370118624));
#3004=DIRECTION('',(0.,-0.241921895599666,0.970295726275997));
#3005=DIRECTION('',(0.,-0.970295726275997,-0.241921895599666));
#3006=DIRECTION('',(-1.,0.,0.));
#3007=DIRECTION('',(-0.246296620734987,0.940405279169944,-0.234469370118626));
#3008=DIRECTION('',(-0.246296620734986,-0.940405279169944,0.234469370118626));
#3009=DIRECTION('',(0.,-0.241921895599668,-0.970295726275996));
#3010=DIRECTION('',(0.,0.970295726275997,-0.241921895599668));
#3011=DIRECTION('',(-1.,0.,0.));
#3012=DIRECTION('',(-1.,0.,0.));
#3013=DIRECTION('',(0.,0.,1.));
#3014=DIRECTION('',(-1.,0.,0.));
#3015=DIRECTION('',(-1.,0.,0.));
#3016=DIRECTION('',(0.,0.,1.));
#3017=DIRECTION('',(-1.,0.,0.));
#3018=DIRECTION('',(0.,0.,1.));
#3019=DIRECTION('',(0.967372223380245,-0.253359391837684,0.));
#3020=DIRECTION('',(0.253359391837684,0.967372223380245,0.));
#3021=DIRECTION('',(-0.967372223380245,-0.253359391837685,0.));
#3022=DIRECTION('',(0.253359391837684,-0.967372223380245,0.));
#3023=DIRECTION('',(-0.967372223380245,0.253359391837684,0.));
#3024=DIRECTION('',(-0.253359391837684,-0.967372223380245,0.));
#3025=DIRECTION('',(0.967372223380245,0.253359391837686,0.));
#3026=DIRECTION('',(-0.253359391837686,0.967372223380245,0.));
#3027=DIRECTION('',(0.235138839312813,0.943090373449569,0.235138839312811));
#3028=DIRECTION('',(-1.,0.,0.));
#3029=DIRECTION('',(0.235138839312814,-0.943090373449569,-0.235138839312811));
#3030=DIRECTION('',(0.,0.241921895599668,-0.970295726275996));
#3031=DIRECTION('',(0.,0.970295726275997,0.241921895599668));
#3032=DIRECTION('',(-1.,0.,0.));
#3033=DIRECTION('',(-0.235138839312813,-0.943090373449569,0.23513883931281));
#3034=DIRECTION('',(-0.235138839312814,0.943090373449569,-0.23513883931281));
#3035=DIRECTION('',(0.,0.241921895599668,0.970295726275996));
#3036=DIRECTION('',(0.,-0.970295726275997,0.241921895599668));
#3037=DIRECTION('',(0.,0.,1.));
#3038=DIRECTION('',(0.,1.,0.));
#3039=DIRECTION('',(0.,-1.,0.));
#3040=DIRECTION('',(1.,0.,0.));
#3041=DIRECTION('',(0.,0.,-1.));
#3042=DIRECTION('',(0.,1.,0.));
#3043=DIRECTION('',(0.,0.,1.));
#3044=DIRECTION('',(0.,-1.,0.));
#3045=DIRECTION('',(1.,0.,0.));
#3046=DIRECTION('',(0.,0.,-1.));
#3047=DIRECTION('',(0.,0.,-1.));
#3048=DIRECTION('',(-1.,0.,0.));
#3049=DIRECTION('',(0.,0.,1.));
#3050=DIRECTION('',(1.,0.,0.));
#3051=DIRECTION('',(-1.,0.,0.));
#3052=DIRECTION('',(0.,0.,1.));
#3053=DIRECTION('',(1.,0.,0.));
#3054=DIRECTION('',(-1.,0.,0.));
#3055=DIRECTION('',(0.,0.,-1.));
#3056=DIRECTION('',(-1.,0.,0.));
#3057=DIRECTION('',(-1.,0.,0.));
#3058=DIRECTION('',(-1.,0.,0.));
#3059=DIRECTION('',(0.,0.,1.));
#3060=DIRECTION('',(-1.,0.,0.));
#3061=DIRECTION('',(-1.,0.,0.));
#3062=DIRECTION('',(0.,0.,1.));
#3063=DIRECTION('',(-1.,0.,0.));
#3064=DIRECTION('',(-1.,0.,0.));
#3065=DIRECTION('',(0.,0.,1.));
#3066=DIRECTION('',(0.235138839312815,0.943090373449572,0.235138839312794));
#3067=DIRECTION('',(0.235138839312815,-0.943090373449573,-0.235138839312794));
#3068=DIRECTION('',(0.,-0.241921895599651,0.970295726276));
#3069=DIRECTION('',(0.,-0.970295726276001,-0.241921895599651));
#3070=DIRECTION('',(-0.235138839312815,-0.943090373449572,0.235138839312795));
#3071=DIRECTION('',(-1.,0.,0.));
#3072=DIRECTION('',(-0.235138839312815,0.943090373449572,-0.235138839312795));
#3073=DIRECTION('',(0.,-0.241921895599652,-0.970295726276001));
#3074=DIRECTION('',(0.,0.970295726276001,-0.241921895599652));
#3075=DIRECTION('',(-1.,0.,0.));
#3076=DIRECTION('',(-1.,0.,0.));
#3077=DIRECTION('',(0.,0.,1.));
#3078=DIRECTION('',(-1.,0.,0.));
#3079=DIRECTION('',(-1.,0.,0.));
#3080=DIRECTION('',(0.,0.,1.));
#3081=DIRECTION('',(-1.,0.,0.));
#3082=DIRECTION('',(0.,0.,1.));
#3083=DIRECTION('',(-0.970295726275996,-0.241921895599671,0.));
#3084=DIRECTION('',(0.241921895599671,-0.970295726275996,0.));
#3085=DIRECTION('',(0.970295726275996,-0.241921895599671,0.));
#3086=DIRECTION('',(0.241921895599671,0.970295726275996,0.));
#3087=DIRECTION('',(0.970295726275996,0.241921895599671,0.));
#3088=DIRECTION('',(-0.241921895599671,0.970295726275996,0.));
#3089=DIRECTION('',(-0.970295726275996,0.241921895599671,0.));
#3090=DIRECTION('',(-0.241921895599671,-0.970295726275996,0.));
#3091=DIRECTION('',(0.,0.958587622073119,-0.284797771775349));
#3092=DIRECTION('',(-1.,0.,0.));
#3093=DIRECTION('',(0.,0.958587622073119,-0.284797771775349));
#3094=DIRECTION('',(-1.,0.,0.));
#3095=DIRECTION('',(0.,0.284797771775349,0.958587622073119));
#3096=DIRECTION('',(0.,-0.958587622073119,0.284797771775349));
#3097=DIRECTION('',(0.,-3.77113799125392E-15,1.));
#3098=DIRECTION('',(-1.,0.,0.));
#3099=DIRECTION('',(0.,-3.77113799125392E-15,1.));
#3100=DIRECTION('',(0.,-1.,-3.77113799125392E-15));
#3101=DIRECTION('',(0.,3.77128883677358E-15,-1.));
#3102=DIRECTION('',(0.,-0.727951444226559,0.685628685841299));
#3103=DIRECTION('',(-1.,0.,0.));
#3104=DIRECTION('',(0.,-0.727951444226559,0.685628685841299));
#3105=DIRECTION('',(0.,-0.685628685841299,-0.72795144422656));
#3106=DIRECTION('',(0.,0.72795144422656,-0.685628685841299));
#3107=DIRECTION('',(0.,-0.953739212093985,-0.300635186420926));
#3108=DIRECTION('',(-1.,0.,0.));
#3109=DIRECTION('',(0.,-0.953739212093985,-0.300635186420926));
#3110=DIRECTION('',(0.,0.300635186420926,-0.953739212093985));
#3111=DIRECTION('',(0.,0.953739212093985,0.300635186420926));
#3112=DIRECTION('',(0.,1.,3.31054098468856E-16));
#3113=DIRECTION('',(0.,-1.,-6.37765983815003E-16));
#3114=DIRECTION('',(1.,0.,0.));
#3115=DIRECTION('',(0.,0.,-1.));
#3116=DIRECTION('',(0.,1.,3.31054098468856E-16));
#3117=DIRECTION('',(0.,-1.,-6.37765983815003E-16));
#3118=DIRECTION('',(1.,0.,0.));
#3119=DIRECTION('',(0.,0.,-1.));
#3120=DIRECTION('',(0.,6.37765983815003E-16,-1.));
#3121=DIRECTION('',(0.,1.,6.37944558290471E-16));
#3122=DIRECTION('',(0.,-3.31054098468856E-16,1.));
#3123=DIRECTION('',(0.,-1.,-3.30898503042576E-16));
#3124=DIRECTION('',(0.,1.,0.));
#3125=DIRECTION('',(0.,1.,0.));
#3126=DIRECTION('',(-1.,0.,0.));
#3127=DIRECTION('',(0.,0.,1.));
#3128=DIRECTION('',(1.,0.,0.));
#3129=DIRECTION('',(0.,0.953739212093985,-0.300635186420926));
#3130=DIRECTION('',(0.,0.727951444226559,0.685628685841299));
#3131=DIRECTION('',(0.,3.77113799125392E-15,1.));
#3132=DIRECTION('',(0.,-0.958587622073119,-0.28479777177535));
#3133=DIRECTION('',(0.,-1.,-3.31054098468856E-16));
#3134=DIRECTION('',(1.,0.,0.));
#3135=DIRECTION('',(0.,0.,-1.));
#3136=DIRECTION('',(0.,-1.,-3.31054098468856E-16));
#3137=DIRECTION('',(0.,-0.958587622073119,-0.28479777177535));
#3138=DIRECTION('',(0.,3.77113799125392E-15,1.));
#3139=DIRECTION('',(0.,0.727951444226559,0.685628685841299));
#3140=DIRECTION('',(0.,0.953739212093985,-0.300635186420926));
#3141=DIRECTION('',(1.,0.,0.));
#3142=DIRECTION('',(0.,0.,-1.));
#3143=DIRECTION('',(-1.,0.,0.));
#3144=DIRECTION('',(0.,0.300635186420926,0.953739212093985));
#3145=DIRECTION('',(0.,-0.953739212093985,0.300635186420926));
#3146=DIRECTION('',(-1.,0.,0.));
#3147=DIRECTION('',(0.,-0.685628685841299,0.72795144422656));
#3148=DIRECTION('',(0.,-0.72795144422656,-0.685628685841299));
#3149=DIRECTION('',(-1.,0.,0.));
#3150=DIRECTION('',(0.,-1.,3.77113799125392E-15));
#3151=DIRECTION('',(0.,-3.77128883677358E-15,-1.));
#3152=DIRECTION('',(-1.,0.,0.));
#3153=DIRECTION('',(0.,0.28479777177535,-0.958587622073119));
#3154=DIRECTION('',(0.,0.958587622073119,0.28479777177535));
#3155=DIRECTION('',(0.,3.31054098468856E-16,-1.));
#3156=DIRECTION('',(0.,1.,3.31115343477073E-16));
#3157=DIRECTION('',(0.,-0.953739212093985,-0.300635186420926));
#3158=DIRECTION('',(1.,0.,0.));
#3159=DIRECTION('',(0.,-0.953739212093985,-0.300635186420926));
#3160=DIRECTION('',(1.,0.,0.));
#3161=DIRECTION('',(0.,-0.300635186420926,0.953739212093985));
#3162=DIRECTION('',(0.,-0.953739212093985,-0.300635186420926));
#3163=DIRECTION('',(0.,-0.727951444226559,0.685628685841299));
#3164=DIRECTION('',(1.,0.,0.));
#3165=DIRECTION('',(0.,-0.727951444226559,0.685628685841299));
#3166=DIRECTION('',(0.,0.685628685841299,0.72795144422656));
#3167=DIRECTION('',(0.,-0.72795144422656,0.685628685841299));
#3168=DIRECTION('',(0.,-3.77113799125392E-15,1.));
#3169=DIRECTION('',(1.,0.,0.));
#3170=DIRECTION('',(0.,-3.77113799125392E-15,1.));
#3171=DIRECTION('',(0.,1.,3.77113799125392E-15));
#3172=DIRECTION('',(0.,-3.77128883677358E-15,1.));
#3173=DIRECTION('',(0.,0.958587622073119,-0.284797771775349));
#3174=DIRECTION('',(1.,0.,0.));
#3175=DIRECTION('',(0.,0.958587622073119,-0.284797771775349));
#3176=DIRECTION('',(0.,-0.284797771775349,-0.958587622073119));
#3177=DIRECTION('',(0.,0.958587622073119,-0.284797771775349));
#3178=DIRECTION('',(0.,1.,3.31054098468856E-16));
#3179=DIRECTION('',(0.,-1.,-6.37765983815003E-16));
#3180=DIRECTION('',(1.,0.,0.));
#3181=DIRECTION('',(0.,0.,-1.));
#3182=DIRECTION('',(0.,1.,3.31054098468856E-16));
#3183=DIRECTION('',(0.,-1.,-6.37765983815003E-16));
#3184=DIRECTION('',(1.,0.,0.));
#3185=DIRECTION('',(0.,0.,-1.));
#3186=DIRECTION('',(0.,-6.37765983815003E-16,1.));
#3187=DIRECTION('',(0.,-1.,-6.37944558290471E-16));
#3188=DIRECTION('',(0.,3.31054098468856E-16,-1.));
#3189=DIRECTION('',(0.,1.,3.30898503042576E-16));
#3190=DIRECTION('',(0.,1.,0.));
#3191=DIRECTION('',(1.,0.,0.));
#3192=DIRECTION('',(0.,1.,0.));
#3193=DIRECTION('',(0.,0.,-1.));
#3194=DIRECTION('',(-1.,0.,0.));
#3195=DIRECTION('',(0.,-1.,-3.31054098468856E-16));
#3196=DIRECTION('',(0.,-0.958587622073119,-0.28479777177535));
#3197=DIRECTION('',(0.,3.77113799125392E-15,1.));
#3198=DIRECTION('',(0.,0.727951444226559,0.685628685841299));
#3199=DIRECTION('',(0.,0.953739212093985,-0.300635186420926));
#3200=DIRECTION('',(1.,0.,0.));
#3201=DIRECTION('',(0.,0.,-1.));
#3202=DIRECTION('',(0.,0.953739212093985,-0.300635186420926));
#3203=DIRECTION('',(0.,0.727951444226559,0.685628685841299));
#3204=DIRECTION('',(0.,3.77113799125392E-15,1.));
#3205=DIRECTION('',(0.,-0.958587622073119,-0.28479777177535));
#3206=DIRECTION('',(0.,-1.,-3.31054098468856E-16));
#3207=DIRECTION('',(1.,0.,0.));
#3208=DIRECTION('',(0.,0.,-1.));
#3209=DIRECTION('',(1.,0.,0.));
#3210=DIRECTION('',(0.,-0.300635186420926,-0.953739212093985));
#3211=DIRECTION('',(0.,0.953739212093985,-0.300635186420926));
#3212=DIRECTION('',(1.,0.,0.));
#3213=DIRECTION('',(0.,0.685628685841299,-0.72795144422656));
#3214=DIRECTION('',(0.,0.72795144422656,0.685628685841299));
#3215=DIRECTION('',(1.,0.,0.));
#3216=DIRECTION('',(0.,1.,-3.77113799125392E-15));
#3217=DIRECTION('',(0.,3.77128883677358E-15,1.));
#3218=DIRECTION('',(1.,0.,0.));
#3219=DIRECTION('',(0.,-0.28479777177535,0.958587622073119));
#3220=DIRECTION('',(0.,-0.958587622073119,-0.28479777177535));
#3221=DIRECTION('',(0.,-3.31054098468856E-16,1.));
#3222=DIRECTION('',(0.,-1.,-3.31115343477073E-16));
#3223=CARTESIAN_POINT('',(0.,0.,0.));
#3224=CARTESIAN_POINT('',(1.82,2.44,1.84943552238827));
#3225=CARTESIAN_POINT('',(1.61056447761172,2.44,1.84943552238827));
#3226=CARTESIAN_POINT('',(1.38943552238827,2.44,1.84943552238827));
#3227=CARTESIAN_POINT('',(1.61056447761172,2.44,1.63));
#3228=CARTESIAN_POINT('',(1.61056447761172,2.44,2.07056447761173));
#3229=CARTESIAN_POINT('',(1.82,2.44,2.07056447761173));
#3230=CARTESIAN_POINT('',(1.38943552238827,2.44,2.07056447761173));
#3231=CARTESIAN_POINT('',(1.38943552238827,2.44,1.63));
#3232=CARTESIAN_POINT('',(1.82,2.44,2.07056447761173));
#3233=CARTESIAN_POINT('',(1.82,12.1577543926805,2.89873555753226));
#3234=CARTESIAN_POINT('',(1.82,11.6348158659922,1.75081794680211));
#3235=CARTESIAN_POINT('',(1.82,12.24,1.64000000000002));
#3236=CARTESIAN_POINT('',(1.82,12.24,1.63));
#3237=CARTESIAN_POINT('',(1.82,12.24,2.28));
#3238=CARTESIAN_POINT('',(1.82,12.1654571256173,2.91564405124153));
#3239=CARTESIAN_POINT('',(1.82,11.9001364958048,2.33323099902182));
#3240=CARTESIAN_POINT('',(1.82,11.27,0.95));
#3241=CARTESIAN_POINT('',(1.82,10.6466360783016,2.3362962962963));
#3242=CARTESIAN_POINT('',(1.82,10.3841670586392,2.92));
#3243=CARTESIAN_POINT('',(1.82,10.3841670586392,2.28));
#3244=CARTESIAN_POINT('',(1.82,10.3841670586392,2.28));
#3245=CARTESIAN_POINT('',(1.82,9.9,2.28));
#3246=CARTESIAN_POINT('',(1.82,9.9,0.));
#3247=CARTESIAN_POINT('',(1.82,9.9,1.64));
#3248=CARTESIAN_POINT('',(1.82,3.28,1.64));
#3249=CARTESIAN_POINT('',(1.82,10.3841670586392,1.64));
#3250=CARTESIAN_POINT('',(1.82,10.3841670586392,2.92));
#3251=CARTESIAN_POINT('',(1.82,10.9091050979641,1.75259259259259));
#3252=CARTESIAN_POINT('',(1.82,11.27,0.95));
#3253=CARTESIAN_POINT('',(1.82,10.3841670586392,2.92));
#3254=CARTESIAN_POINT('',(1.18,12.24,1.63));
#3255=CARTESIAN_POINT('',(1.18,12.24,1.64000000000002));
#3256=CARTESIAN_POINT('',(1.18,12.24,2.27999999999999));
#3257=CARTESIAN_POINT('',(1.18,12.1577543926805,2.89873555753226));
#3258=CARTESIAN_POINT('',(1.18,11.6348158659922,1.75081794680211));
#3259=CARTESIAN_POINT('',(1.18,11.27,0.95));
#3260=CARTESIAN_POINT('',(1.18,10.9091050979641,1.75259259259259));
#3261=CARTESIAN_POINT('',(1.18,10.3841670586392,2.92));
#3262=CARTESIAN_POINT('',(1.18,10.3841670586392,1.64));
#3263=CARTESIAN_POINT('',(1.18,6.6,1.64));
#3264=CARTESIAN_POINT('',(1.18,9.9,1.64));
#3265=CARTESIAN_POINT('',(1.18,9.9,0.));
#3266=CARTESIAN_POINT('',(1.18,9.9,2.28));
#3267=CARTESIAN_POINT('',(1.18,6.6,2.28));
#3268=CARTESIAN_POINT('',(1.18,10.3841670586392,2.28));
#3269=CARTESIAN_POINT('',(1.18,10.3841670586392,2.92));
#3270=CARTESIAN_POINT('',(1.18,10.6466360783016,2.3362962962963));
#3271=CARTESIAN_POINT('',(1.18,11.27,0.95));
#3272=CARTESIAN_POINT('',(1.18,11.9001364958048,2.33323099902182));
#3273=CARTESIAN_POINT('',(1.18,12.1654571256173,2.91564405124153));
#3274=CARTESIAN_POINT('',(1.18,10.3841670586392,2.92));
#3275=CARTESIAN_POINT('',(1.82,13.08,1.84943552238827));
#3276=CARTESIAN_POINT('',(1.61056447761172,13.08,1.84943552238827));
#3277=CARTESIAN_POINT('',(1.38943552238827,13.08,1.84943552238827));
#3278=CARTESIAN_POINT('',(1.38943552238827,13.08,1.63));
#3279=CARTESIAN_POINT('',(1.38943552238827,13.08,2.07056447761173));
#3280=CARTESIAN_POINT('',(1.82,13.08,2.07056447761173));
#3281=CARTESIAN_POINT('',(1.61056447761172,13.08,2.07056447761173));
#3282=CARTESIAN_POINT('',(1.61056447761172,13.08,1.63));
#3283=CARTESIAN_POINT('',(1.82,13.08,1.84943552238827));
#3284=CARTESIAN_POINT('',(-1.18,2.44,2.07056447761173));
#3285=CARTESIAN_POINT('',(-1.4,2.44,2.07056447761173));
#3286=CARTESIAN_POINT('',(-1.6,2.44,2.07056447761173));
#3287=CARTESIAN_POINT('',(-1.6,2.44,3.));
#3288=CARTESIAN_POINT('',(-1.6,2.44,1.84943552238827));
#3289=CARTESIAN_POINT('',(-1.18,2.44,1.84943552238827));
#3290=CARTESIAN_POINT('',(-1.4,2.44,1.84943552238827));
#3291=CARTESIAN_POINT('',(-1.4,2.44,3.));
#3292=CARTESIAN_POINT('',(-1.18,2.44,2.07056447761173));
#3293=CARTESIAN_POINT('',(-1.18,12.24,3.));
#3294=CARTESIAN_POINT('',(-1.18,12.24,2.28));
#3295=CARTESIAN_POINT('',(-1.18,12.24,1.64));
#3296=CARTESIAN_POINT('',(-1.18,12.0851699868162,1.65901073518335));
#3297=CARTESIAN_POINT('',(-1.18,11.6965494595273,2.16751254026345));
#3298=CARTESIAN_POINT('',(-1.18,11.3354208439821,2.97));
#3299=CARTESIAN_POINT('',(-1.18,10.9745259419462,2.16740740740741));
#3300=CARTESIAN_POINT('',(-1.18,10.4495879026213,0.999999999999999));
#3301=CARTESIAN_POINT('',(-1.18,10.4495879026213,2.28));
#3302=CARTESIAN_POINT('',(-1.18,10.4495879026213,2.28));
#3303=CARTESIAN_POINT('',(-1.18,9.9,2.28));
#3304=CARTESIAN_POINT('',(-1.18,9.9,0.));
#3305=CARTESIAN_POINT('',(-1.18,9.9,1.64));
#3306=CARTESIAN_POINT('',(-1.18,3.28,1.64));
#3307=CARTESIAN_POINT('',(-1.18,10.4495879026213,1.64));
#3308=CARTESIAN_POINT('',(-1.18,10.4495879026213,0.999999999999999));
#3309=CARTESIAN_POINT('',(-1.18,10.7120569222838,1.5837037037037));
#3310=CARTESIAN_POINT('',(-1.18,11.3354208439821,2.97));
#3311=CARTESIAN_POINT('',(-1.18,11.9591884526511,1.58388529681868));
#3312=CARTESIAN_POINT('',(-1.18,12.2218274457748,1.00025805337392));
#3313=CARTESIAN_POINT('',(-1.18,10.4495879026213,0.999999999999999));
#3314=CARTESIAN_POINT('',(-1.82,12.0851699868162,1.65901073518335));
#3315=CARTESIAN_POINT('',(-1.82,12.24,2.28));
#3316=CARTESIAN_POINT('',(-1.82,11.6965494595273,2.16751254026345));
#3317=CARTESIAN_POINT('',(-1.82,12.24,3.));
#3318=CARTESIAN_POINT('',(-1.82,12.24,1.64));
#3319=CARTESIAN_POINT('',(-1.82,12.2218274457748,1.00025805337392));
#3320=CARTESIAN_POINT('',(-1.82,11.9591884526511,1.58388529681868));
#3321=CARTESIAN_POINT('',(-1.82,11.3354208439821,2.97));
#3322=CARTESIAN_POINT('',(-1.82,10.7120569222838,1.5837037037037));
#3323=CARTESIAN_POINT('',(-1.82,10.4495879026213,0.999999999999999));
#3324=CARTESIAN_POINT('',(-1.82,10.4495879026213,1.64));
#3325=CARTESIAN_POINT('',(-1.82,6.6,1.64));
#3326=CARTESIAN_POINT('',(-1.82,9.9,1.64));
#3327=CARTESIAN_POINT('',(-1.82,9.9,0.));
#3328=CARTESIAN_POINT('',(-1.82,9.9,2.28));
#3329=CARTESIAN_POINT('',(-1.82,6.6,2.28));
#3330=CARTESIAN_POINT('',(-1.82,10.4495879026213,2.28));
#3331=CARTESIAN_POINT('',(-1.82,10.4495879026213,0.999999999999999));
#3332=CARTESIAN_POINT('',(-1.82,10.9745259419462,2.16740740740741));
#3333=CARTESIAN_POINT('',(-1.82,11.3354208439821,2.97));
#3334=CARTESIAN_POINT('',(-1.82,10.4495879026213,0.999999999999999));
#3335=CARTESIAN_POINT('',(-1.18,13.08,2.07056447761173));
#3336=CARTESIAN_POINT('',(-1.4,13.08,2.07056447761173));
#3337=CARTESIAN_POINT('',(-1.6,13.08,2.07056447761173));
#3338=CARTESIAN_POINT('',(-1.4,13.08,3.));
#3339=CARTESIAN_POINT('',(-1.4,13.08,1.84943552238827));
#3340=CARTESIAN_POINT('',(-1.18,13.08,1.84943552238827));
#3341=CARTESIAN_POINT('',(-1.6,13.08,1.84943552238827));
#3342=CARTESIAN_POINT('',(-1.6,13.08,3.));
#3343=CARTESIAN_POINT('',(-1.18,13.08,1.84943552238827));
#3344=CARTESIAN_POINT('',(3.4178,9.9,0.));
#3345=CARTESIAN_POINT('',(3.4178,9.9,2.57));
#3346=CARTESIAN_POINT('',(3.4178,9.9,3.085));
#3347=CARTESIAN_POINT('',(3.4178,9.9,2.57));
#3348=CARTESIAN_POINT('',(3.875,9.9,2.57));
#3349=CARTESIAN_POINT('',(3.875,9.9,0.));
#3350=CARTESIAN_POINT('',(3.875,9.9,3.085));
#3351=CARTESIAN_POINT('',(0.,9.9,3.085));
#3352=CARTESIAN_POINT('',(3.4178,9.9,1.35));
#3353=CARTESIAN_POINT('',(3.4178,9.9,1.35));
#3354=CARTESIAN_POINT('',(3.875,9.9,1.35));
#3355=CARTESIAN_POINT('',(3.4178,9.9,0.));
#3356=CARTESIAN_POINT('',(3.4178,9.9,0.835000000000001));
#3357=CARTESIAN_POINT('',(0.,9.9,0.835000000000001));
#3358=CARTESIAN_POINT('',(3.875,9.9,0.835000000000001));
#3359=CARTESIAN_POINT('',(3.875,9.9,0.));
#3360=CARTESIAN_POINT('',(0.,9.9,2.28));
#3361=CARTESIAN_POINT('',(0.,9.9,1.64));
#3362=CARTESIAN_POINT('',(-4.825,9.9,3.86));
#3363=CARTESIAN_POINT('',(-4.825,9.9,3.86));
#3364=CARTESIAN_POINT('',(-4.825,9.9,-0.51));
#3365=CARTESIAN_POINT('',(4.825,9.9,3.86));
#3366=CARTESIAN_POINT('',(4.825,9.9,3.86));
#3367=CARTESIAN_POINT('',(4.825,9.9,4.44089209850063E-16));
#3368=CARTESIAN_POINT('',(4.825,9.9,-0.51));
#3369=CARTESIAN_POINT('',(4.825,9.9,-0.51));
#3370=CARTESIAN_POINT('',(4.19,9.9,-0.51));
#3371=CARTESIAN_POINT('',(4.19,9.9,-0.51));
#3372=CARTESIAN_POINT('',(4.19,9.9,0.));
#3373=CARTESIAN_POINT('',(-4.825,9.9,2.95446040294299E-16));
#3374=CARTESIAN_POINT('',(-4.19,9.9,2.95446040294299E-16));
#3375=CARTESIAN_POINT('',(-4.19,9.9,-0.51));
#3376=CARTESIAN_POINT('',(-4.19,9.9,-0.51));
#3377=CARTESIAN_POINT('',(-4.825,9.9,-0.51));
#3378=CARTESIAN_POINT('',(0.,9.9,1.64));
#3379=CARTESIAN_POINT('',(0.,9.9,2.28));
#3380=CARTESIAN_POINT('',(0.,9.9,0.835000000000001));
#3381=CARTESIAN_POINT('',(-3.4178,9.9,0.835000000000001));
#3382=CARTESIAN_POINT('',(-3.875,9.9,0.835000000000001));
#3383=CARTESIAN_POINT('',(-3.4178,9.9,0.));
#3384=CARTESIAN_POINT('',(-3.4178,9.9,1.35));
#3385=CARTESIAN_POINT('',(-3.4178,9.9,1.35));
#3386=CARTESIAN_POINT('',(-3.875,9.9,1.35));
#3387=CARTESIAN_POINT('',(-3.875,9.9,0.));
#3388=CARTESIAN_POINT('',(-3.4178,9.9,2.57));
#3389=CARTESIAN_POINT('',(-3.4178,9.9,2.57));
#3390=CARTESIAN_POINT('',(-3.875,9.9,2.57));
#3391=CARTESIAN_POINT('',(-3.4178,9.9,0.));
#3392=CARTESIAN_POINT('',(-3.4178,9.9,3.085));
#3393=CARTESIAN_POINT('',(0.,9.9,3.085));
#3394=CARTESIAN_POINT('',(-3.875,9.9,3.085));
#3395=CARTESIAN_POINT('',(-3.875,9.9,0.));
#3396=CARTESIAN_POINT('',(0.,9.9,0.));
#3397=CARTESIAN_POINT('',(-2.77,6.6,3.20000000000002));
#3398=CARTESIAN_POINT('',(-2.77,6.6,0.66000000000002));
#3399=CARTESIAN_POINT('',(-2.77,6.6,3.20000000000002));
#3400=CARTESIAN_POINT('',(-2.77,6.6,0.66000000000002));
#3401=CARTESIAN_POINT('',(-0.230000000000001,6.6,0.660000000000021));
#3402=CARTESIAN_POINT('',(-0.230000000000001,6.6,0.660000000000021));
#3403=CARTESIAN_POINT('',(-0.230000000000001,6.6,3.20000000000002));
#3404=CARTESIAN_POINT('',(-0.230000000000001,6.6,3.20000000000002));
#3405=CARTESIAN_POINT('',(0.,6.6,2.28));
#3406=CARTESIAN_POINT('',(-1.82,6.6,2.28));
#3407=CARTESIAN_POINT('',(-1.18,6.6,2.28));
#3408=CARTESIAN_POINT('',(-1.18,6.6,0.));
#3409=CARTESIAN_POINT('',(-1.18,6.6,1.64));
#3410=CARTESIAN_POINT('',(0.,6.6,1.64));
#3411=CARTESIAN_POINT('',(-1.82,6.6,1.64));
#3412=CARTESIAN_POINT('',(-1.82,6.6,0.));
#3413=CARTESIAN_POINT('',(0.,6.6,0.));
#3414=CARTESIAN_POINT('',(1.475,8.06,1.43862244005029E-15));
#3415=CARTESIAN_POINT('',(0.474999999999999,8.06,2.95446040294299E-16));
#3416=CARTESIAN_POINT('',(1.475,8.06,2.95446040294299E-16));
#3417=CARTESIAN_POINT('',(0.475,8.06,1.55431223447522E-15));
#3418=CARTESIAN_POINT('',(0.475,1.6,1.55431223447522E-15));
#3419=CARTESIAN_POINT('',(1.475,1.6,1.43862244005029E-15));
#3420=CARTESIAN_POINT('',(1.475,1.6,2.95446040294299E-16));
#3421=CARTESIAN_POINT('',(1.475,8.06,1.40946282423116E-15));
#3422=CARTESIAN_POINT('',(-0.475,8.06,1.53820236506059E-15));
#3423=CARTESIAN_POINT('',(-1.475,8.06,2.95446040294299E-16));
#3424=CARTESIAN_POINT('',(-0.475000000000001,8.06,2.95446040294299E-16));
#3425=CARTESIAN_POINT('',(-1.475,8.06,1.4432899320127E-15));
#3426=CARTESIAN_POINT('',(-1.475,1.6,1.4432899320127E-15));
#3427=CARTESIAN_POINT('',(-0.475,1.6,1.53820236506059E-15));
#3428=CARTESIAN_POINT('',(-0.475,1.6,2.95446040294299E-16));
#3429=CARTESIAN_POINT('',(-0.475,8.06,1.51788304147971E-15));
#3430=CARTESIAN_POINT('',(-3.425,0.,0.));
#3431=CARTESIAN_POINT('',(-3.425,0.,2.95446040294299E-16));
#3432=CARTESIAN_POINT('',(-3.89,0.554165420556308,0.));
#3433=CARTESIAN_POINT('',(-3.89,9.9,2.95446040294299E-16));
#3434=CARTESIAN_POINT('',(-3.89,8.05,0.));
#3435=CARTESIAN_POINT('',(-3.89,9.6,0.));
#3436=CARTESIAN_POINT('',(-3.89,9.6,2.95446040294299E-16));
#3437=CARTESIAN_POINT('',(-4.19,9.9,0.));
#3438=CARTESIAN_POINT('',(4.19,9.9,0.));
#3439=CARTESIAN_POINT('',(3.89,9.6,0.));
#3440=CARTESIAN_POINT('',(3.89,9.6,0.));
#3441=CARTESIAN_POINT('',(3.89,8.05,0.));
#3442=CARTESIAN_POINT('',(3.89,9.9,2.95446040294299E-16));
#3443=CARTESIAN_POINT('',(3.89,0.554165420556307,0.));
#3444=CARTESIAN_POINT('',(4.825,1.6684550296319,0.));
#3445=CARTESIAN_POINT('',(3.425,0.,0.));
#3446=CARTESIAN_POINT('',(-4.825,0.,2.95446040294299E-16));
#3447=CARTESIAN_POINT('',(-4.825,9.9,2.95446040294299E-16));
#3448=CARTESIAN_POINT('',(-4.825,1.6684550296319,38.214));
#3449=CARTESIAN_POINT('',(-4.825,1.6684550296319,3.86));
#3450=CARTESIAN_POINT('',(-4.825,1.6684550296319,3.22));
#3451=CARTESIAN_POINT('',(-4.825,1.6684550296319,3.22));
#3452=CARTESIAN_POINT('',(-3.425,0.,3.22));
#3453=CARTESIAN_POINT('',(-3.425,0.,38.214));
#3454=CARTESIAN_POINT('',(-3.425,0.,3.86));
#3455=CARTESIAN_POINT('',(-3.42499999999999,-9.12269114605248E-15,3.86));
#3456=CARTESIAN_POINT('',(-3.425,0.,38.214));
#3457=CARTESIAN_POINT('',(3.425,0.,38.214));
#3458=CARTESIAN_POINT('',(3.425,0.,3.86));
#3459=CARTESIAN_POINT('',(3.425,0.,3.22));
#3460=CARTESIAN_POINT('',(3.425,0.,3.22));
#3461=CARTESIAN_POINT('',(4.825,1.6684550296319,3.22));
#3462=CARTESIAN_POINT('',(4.825,1.6684550296319,38.214));
#3463=CARTESIAN_POINT('',(4.825,1.6684550296319,3.86));
#3464=CARTESIAN_POINT('',(4.82500000000001,1.6684550296319,3.86));
#3465=CARTESIAN_POINT('',(4.825,1.6684550296319,38.214));
#3466=CARTESIAN_POINT('',(4.825,1.6684550296319,38.214));
#3467=CARTESIAN_POINT('',(4.825,1.6684550296319,1.15));
#3468=CARTESIAN_POINT('',(4.825,1.6684550296319,0.509999999999997));
#3469=CARTESIAN_POINT('',(4.825,9.9,0.51));
#3470=CARTESIAN_POINT('',(4.825,8.05,0.51));
#3471=CARTESIAN_POINT('',(4.825,8.05,-0.51));
#3472=CARTESIAN_POINT('',(4.825,8.05,-0.51));
#3473=CARTESIAN_POINT('',(4.825,8.05,-0.51));
#3474=CARTESIAN_POINT('',(4.825,9.9,3.86));
#3475=CARTESIAN_POINT('',(4.825,1.6684550296319,3.22));
#3476=CARTESIAN_POINT('',(4.825,9.9,4.44089209850063E-16));
#3477=CARTESIAN_POINT('',(-2.77,0.,3.20000000000002));
#3478=CARTESIAN_POINT('',(-2.77,0.,3.20000000000002));
#3479=CARTESIAN_POINT('',(-2.77,0.,0.66000000000002));
#3480=CARTESIAN_POINT('',(-0.230000000000001,0.,3.20000000000002));
#3481=CARTESIAN_POINT('',(-0.230000000000001,0.,3.20000000000002));
#3482=CARTESIAN_POINT('',(-0.230000000000001,0.,0.660000000000021));
#3483=CARTESIAN_POINT('',(-0.230000000000001,0.,0.660000000000021));
#3484=CARTESIAN_POINT('',(-2.77,0.,0.66000000000002));
#3485=CARTESIAN_POINT('',(0.23,0.,3.20000000000002));
#3486=CARTESIAN_POINT('',(0.23,0.,3.20000000000002));
#3487=CARTESIAN_POINT('',(0.230000000000001,0.,1.31000000000002));
#3488=CARTESIAN_POINT('',(2.77,0.,3.20000000000002));
#3489=CARTESIAN_POINT('',(2.77,0.,3.20000000000002));
#3490=CARTESIAN_POINT('',(2.77,0.,0.660000000000019));
#3491=CARTESIAN_POINT('',(2.77,0.,0.660000000000019));
#3492=CARTESIAN_POINT('',(0.879999999999999,0.,0.660000000000018));
#3493=CARTESIAN_POINT('',(0.879999999999999,0.,0.660000000000018));
#3494=CARTESIAN_POINT('',(0.230000000000001,0.,1.31000000000002));
#3495=CARTESIAN_POINT('',(4.825,0.,3.86));
#3496=CARTESIAN_POINT('',(-3.425,4.33680868994202E-16,3.22));
#3497=CARTESIAN_POINT('',(-3.425,4.33680868994202E-16,1.15));
#3498=CARTESIAN_POINT('',(-3.425,0.,38.214));
#3499=CARTESIAN_POINT('',(3.425,0.,38.214));
#3500=CARTESIAN_POINT('',(3.425,0.,1.15));
#3501=CARTESIAN_POINT('',(3.425,0.,3.22));
#3502=CARTESIAN_POINT('',(0.,0.,0.));
#3503=CARTESIAN_POINT('',(-4.825,9.9,3.86));
#3504=CARTESIAN_POINT('',(1.3,0.54,3.85999999999998));
#3505=CARTESIAN_POINT('',(1.3,0.54,3.85999999999998));
#3506=CARTESIAN_POINT('',(-1.3,0.54,3.85999999999998));
#3507=CARTESIAN_POINT('',(-1.3,0.54,3.85999999999998));
#3508=CARTESIAN_POINT('',(-1.3,2.95,3.85999999999999));
#3509=CARTESIAN_POINT('',(1.3,2.95,3.85999999999999));
#3510=CARTESIAN_POINT('',(1.3,2.95,3.85999999999999));
#3511=CARTESIAN_POINT('',(1.3,0.54,3.85999999999998));
#3512=CARTESIAN_POINT('',(4.825,9.9,3.86));
#3513=CARTESIAN_POINT('',(-4.825,8.05,-0.51));
#3514=CARTESIAN_POINT('',(-4.825,8.05,0.51));
#3515=CARTESIAN_POINT('',(-4.825,8.05,-0.51));
#3516=CARTESIAN_POINT('',(-4.825,9.9,0.51));
#3517=CARTESIAN_POINT('',(-4.825,1.6684550296319,0.510000000000004));
#3518=CARTESIAN_POINT('',(-4.825,1.6684550296319,38.214));
#3519=CARTESIAN_POINT('',(-4.825,1.6684550296319,1.15));
#3520=CARTESIAN_POINT('',(-4.825,1.6684550296319,3.22));
#3521=CARTESIAN_POINT('',(-4.825,8.05,-0.51));
#3522=CARTESIAN_POINT('',(-4.825,9.9,3.86));
#3523=CARTESIAN_POINT('',(-1.3,2.2,5.05999999999998));
#3524=CARTESIAN_POINT('',(-1.3,2.2,5.05999999999998));
#3525=CARTESIAN_POINT('',(1.3,2.2,5.05999999999998));
#3526=CARTESIAN_POINT('',(1.3,2.2,5.05999999999998));
#3527=CARTESIAN_POINT('',(1.3,2.2,5.05999999999998));
#3528=CARTESIAN_POINT('',(1.3,2.2,5.05999999999998));
#3529=CARTESIAN_POINT('',(-1.3,2.95,3.85999999999999));
#3530=CARTESIAN_POINT('',(-1.3,2.95,5.05999999999998));
#3531=CARTESIAN_POINT('',(1.3,2.95,5.05999999999998));
#3532=CARTESIAN_POINT('',(1.3,2.95,5.05999999999998));
#3533=CARTESIAN_POINT('',(1.3,2.95,3.85999999999999));
#3534=CARTESIAN_POINT('',(1.3,2.95,3.85999999999999));
#3535=CARTESIAN_POINT('',(-1.3,2.95,5.05999999999998));
#3536=CARTESIAN_POINT('',(1.3,2.95,5.05999999999998));
#3537=CARTESIAN_POINT('',(1.3,2.95,5.05999999999998));
#3538=CARTESIAN_POINT('',(1.3,0.,0.));
#3539=CARTESIAN_POINT('',(-1.3,0.,0.));
#3540=CARTESIAN_POINT('',(-11.1453503038103,9.20075521065179,3.95746380207837));
#3541=CARTESIAN_POINT('',(-4.825,1.6684550296319,1.15));
#3542=CARTESIAN_POINT('',(-3.425,0.,38.214));
#3543=CARTESIAN_POINT('',(12.3920905564146,10.6865623857248,4.63750393986252));
#3544=CARTESIAN_POINT('',(3.425,0.,1.15));
#3545=CARTESIAN_POINT('',(4.825,1.6684550296319,38.214));
#3546=CARTESIAN_POINT('',(3.425,1.6684550296319,1.15));
#3547=CARTESIAN_POINT('',(3.425,1.6684550296319,1.15));
#3548=CARTESIAN_POINT('',(3.425,1.6684550296319,3.22));
#3549=CARTESIAN_POINT('',(3.425,1.6684550296319,3.22));
#3550=CARTESIAN_POINT('',(3.425,1.6684550296319,3.22));
#3551=CARTESIAN_POINT('',(3.425,1.6684550296319,3.22));
#3552=CARTESIAN_POINT('',(4.825,1.6684550296319,1.15));
#3553=CARTESIAN_POINT('',(4.825,1.6684550296319,3.22));
#3554=CARTESIAN_POINT('',(4.825,1.6684550296319,3.22));
#3555=CARTESIAN_POINT('',(0.,0.,3.22));
#3556=CARTESIAN_POINT('',(0.,0.,1.15));
#3557=CARTESIAN_POINT('',(-3.425,0.,1.15));
#3558=CARTESIAN_POINT('',(-3.425,1.6684550296319,1.15));
#3559=CARTESIAN_POINT('',(-3.425,0.,3.22));
#3560=CARTESIAN_POINT('',(-3.425,1.6684550296319,3.22));
#3561=CARTESIAN_POINT('',(-3.425,1.6684550296319,3.22));
#3562=CARTESIAN_POINT('',(-3.425,0.,3.22));
#3563=CARTESIAN_POINT('',(-3.425,1.6684550296319,1.15));
#3564=CARTESIAN_POINT('',(-3.425,1.6684550296319,3.22));
#3565=CARTESIAN_POINT('',(-3.425,1.6684550296319,3.22));
#3566=CARTESIAN_POINT('',(0.,0.,3.22));
#3567=CARTESIAN_POINT('',(0.,0.,1.15));
#3568=CARTESIAN_POINT('',(3.89,9.6,-0.51));
#3569=CARTESIAN_POINT('',(3.89,9.6,-0.51));
#3570=CARTESIAN_POINT('',(3.89,9.6,-0.51));
#3571=CARTESIAN_POINT('',(3.89,8.05,-0.51));
#3572=CARTESIAN_POINT('',(3.89,8.05,-0.51));
#3573=CARTESIAN_POINT('',(3.89,9.6,-0.51));
#3574=CARTESIAN_POINT('',(3.89,8.05,2.95446040294299E-16));
#3575=CARTESIAN_POINT('',(3.89,8.05,-0.51));
#3576=CARTESIAN_POINT('',(3.89,8.05,-0.51));
#3577=CARTESIAN_POINT('',(4.19,9.9,-0.51));
#3578=CARTESIAN_POINT('',(4.19,9.9,-0.51));
#3579=CARTESIAN_POINT('',(0.,0.,-0.51));
#3580=CARTESIAN_POINT('',(-3.89,9.6,-0.51));
#3581=CARTESIAN_POINT('',(-3.89,9.6,-0.51));
#3582=CARTESIAN_POINT('',(-4.19,9.9,-0.51));
#3583=CARTESIAN_POINT('',(-4.19,9.9,-0.51));
#3584=CARTESIAN_POINT('',(-3.89,8.05,-0.51));
#3585=CARTESIAN_POINT('',(-3.89,8.05,-0.51));
#3586=CARTESIAN_POINT('',(-3.89,9.6,-0.51));
#3587=CARTESIAN_POINT('',(-3.89,9.6,-0.51));
#3588=CARTESIAN_POINT('',(-3.6756050955414,8.05,-0.116942675159235));
#3589=CARTESIAN_POINT('',(-3.89,8.05,-0.51));
#3590=CARTESIAN_POINT('',(-3.89,8.05,-0.51));
#3591=CARTESIAN_POINT('',(0.,0.,-0.51));
#3592=CARTESIAN_POINT('',(-4.825,9.9,0.51));
#3593=CARTESIAN_POINT('',(3.89,9.9,2.95446040294299E-16));
#3594=CARTESIAN_POINT('',(0.230000000000001,6.6,1.31000000000002));
#3595=CARTESIAN_POINT('',(0.230000000000001,6.6,1.31000000000002));
#3596=CARTESIAN_POINT('',(0.23,6.6,3.20000000000002));
#3597=CARTESIAN_POINT('',(0.23,6.6,3.20000000000002));
#3598=CARTESIAN_POINT('',(0.23,6.6,3.20000000000002));
#3599=CARTESIAN_POINT('',(0.23,6.6,3.20000000000002));
#3600=CARTESIAN_POINT('',(0.879999999999999,6.6,0.660000000000018));
#3601=CARTESIAN_POINT('',(0.879999999999999,6.6,0.660000000000018));
#3602=CARTESIAN_POINT('',(0.230000000000001,6.6,1.31000000000002));
#3603=CARTESIAN_POINT('',(0.230000000000001,6.6,1.31000000000002));
#3604=CARTESIAN_POINT('',(2.77,6.6,0.660000000000019));
#3605=CARTESIAN_POINT('',(2.77,6.6,0.660000000000019));
#3606=CARTESIAN_POINT('',(0.879999999999999,6.6,0.660000000000018));
#3607=CARTESIAN_POINT('',(0.879999999999999,6.6,0.660000000000018));
#3608=CARTESIAN_POINT('',(2.77,6.6,3.20000000000002));
#3609=CARTESIAN_POINT('',(2.77,6.6,3.20000000000002));
#3610=CARTESIAN_POINT('',(2.77,6.6,0.660000000000019));
#3611=CARTESIAN_POINT('',(2.77,6.6,0.660000000000019));
#3612=CARTESIAN_POINT('',(2.77,6.6,3.20000000000002));
#3613=CARTESIAN_POINT('',(2.77,6.6,3.20000000000002));
#3614=CARTESIAN_POINT('',(1.82,6.6,0.));
#3615=CARTESIAN_POINT('',(1.82,6.6,1.64));
#3616=CARTESIAN_POINT('',(1.82,6.6,2.28));
#3617=CARTESIAN_POINT('',(0.,6.6,1.64));
#3618=CARTESIAN_POINT('',(1.18,6.6,1.64));
#3619=CARTESIAN_POINT('',(1.18,6.6,0.));
#3620=CARTESIAN_POINT('',(1.18,6.6,2.28));
#3621=CARTESIAN_POINT('',(0.,6.6,2.28));
#3622=CARTESIAN_POINT('',(0.,6.6,0.));
#3623=CARTESIAN_POINT('',(-2.77,6.6,0.66000000000002));
#3624=CARTESIAN_POINT('',(-2.77,6.6,3.20000000000002));
#3625=CARTESIAN_POINT('',(-2.77,6.6,3.20000000000002));
#3626=CARTESIAN_POINT('',(-0.230000000000001,6.6,0.660000000000021));
#3627=CARTESIAN_POINT('',(-2.77,6.6,0.66000000000002));
#3628=CARTESIAN_POINT('',(-0.230000000000001,6.6,3.20000000000002));
#3629=CARTESIAN_POINT('',(-0.230000000000001,6.6,0.660000000000021));
#3630=CARTESIAN_POINT('',(-0.230000000000001,6.6,3.20000000000002));
#3631=CARTESIAN_POINT('',(-1.475,1.6,1.4432899320127E-15));
#3632=CARTESIAN_POINT('',(-1.475,1.6,-0.51));
#3633=CARTESIAN_POINT('',(-1.475,8.06,1.4432899320127E-15));
#3634=CARTESIAN_POINT('',(-1.475,8.06,-0.51));
#3635=CARTESIAN_POINT('',(-1.475,8.06,-0.51));
#3636=CARTESIAN_POINT('',(-1.475,8.06,1.4432899320127E-15));
#3637=CARTESIAN_POINT('',(-1.475,1.6,-0.51));
#3638=CARTESIAN_POINT('',(-0.475,1.6,-0.51));
#3639=CARTESIAN_POINT('',(-1.475,8.06,-0.51));
#3640=CARTESIAN_POINT('',(-0.475,8.06,-0.51));
#3641=CARTESIAN_POINT('',(-0.475,8.06,-0.51));
#3642=CARTESIAN_POINT('',(-1.475,8.06,-0.51));
#3643=CARTESIAN_POINT('',(-0.475,1.6,-0.51));
#3644=CARTESIAN_POINT('',(-0.475,8.06,-0.51));
#3645=CARTESIAN_POINT('',(-0.475,8.06,-0.51));
#3646=CARTESIAN_POINT('',(0.,8.06,0.));
#3647=CARTESIAN_POINT('',(0.,1.6,0.));
#3648=CARTESIAN_POINT('',(0.475,1.6,1.55431223447522E-15));
#3649=CARTESIAN_POINT('',(0.475,1.6,-0.51));
#3650=CARTESIAN_POINT('',(0.475,8.06,1.55431223447522E-15));
#3651=CARTESIAN_POINT('',(0.475,8.06,-0.51));
#3652=CARTESIAN_POINT('',(0.475,8.06,-0.51));
#3653=CARTESIAN_POINT('',(0.475,8.06,1.55431223447522E-15));
#3654=CARTESIAN_POINT('',(0.475,1.6,-0.51));
#3655=CARTESIAN_POINT('',(1.475,1.6,-0.51));
#3656=CARTESIAN_POINT('',(0.475,8.06,-0.51));
#3657=CARTESIAN_POINT('',(1.475,8.06,-0.51));
#3658=CARTESIAN_POINT('',(1.475,8.06,-0.51));
#3659=CARTESIAN_POINT('',(0.475,8.06,-0.51));
#3660=CARTESIAN_POINT('',(1.475,1.6,-0.51));
#3661=CARTESIAN_POINT('',(1.475,8.06,-0.51));
#3662=CARTESIAN_POINT('',(1.475,8.06,-0.51));
#3663=CARTESIAN_POINT('',(0.,8.06,0.));
#3664=CARTESIAN_POINT('',(0.,1.6,0.));
#3665=CARTESIAN_POINT('',(-1.18,3.28,2.28));
#3666=CARTESIAN_POINT('',(-1.18,3.28,2.28));
#3667=CARTESIAN_POINT('',(-1.82,3.28,2.28));
#3668=CARTESIAN_POINT('',(-1.7811763037533,3.13176406887622,2.24304063134331));
#3669=CARTESIAN_POINT('',(-1.18,3.28,2.28));
#3670=CARTESIAN_POINT('',(-1.18,3.28,2.28));
#3671=CARTESIAN_POINT('',(-1.5745219493381,2.34272017020002,1.87369010806922));
#3672=CARTESIAN_POINT('',(-1.82,3.28,1.64));
#3673=CARTESIAN_POINT('',(-1.18,3.28,1.64));
#3674=CARTESIAN_POINT('',(-1.18,3.28,1.64));
#3675=CARTESIAN_POINT('',(-1.38665435441519,2.4909561013238,1.83673073941253));
#3676=CARTESIAN_POINT('',(-1.18,2.44,1.84943552238827));
#3677=CARTESIAN_POINT('',(-1.18,10.4495879026213,2.28));
#3678=CARTESIAN_POINT('',(-1.18,3.28,3.));
#3679=CARTESIAN_POINT('',(-1.18,3.28,1.64));
#3680=CARTESIAN_POINT('',(-1.18,10.4495879026213,0.999999999999999));
#3681=CARTESIAN_POINT('',(-1.82,3.28,3.));
#3682=CARTESIAN_POINT('',(-1.82,6.6,2.28));
#3683=CARTESIAN_POINT('',(-1.82,6.6,1.64));
#3684=CARTESIAN_POINT('',(-1.82,10.4495879026213,0.999999999999999));
#3685=CARTESIAN_POINT('',(-1.18,6.6,2.28));
#3686=CARTESIAN_POINT('',(-1.18,6.6,1.64));
#3687=CARTESIAN_POINT('',(-1.18,10.4495879026213,1.64));
#3688=CARTESIAN_POINT('',(-1.18,6.6,1.64));
#3689=CARTESIAN_POINT('',(-1.18,10.4495879026213,2.28));
#3690=CARTESIAN_POINT('',(-1.18,6.6,2.28));
#3691=CARTESIAN_POINT('',(-1.18,10.7120569222838,1.5837037037037));
#3692=CARTESIAN_POINT('',(-1.18,10.4495879026213,0.999999999999999));
#3693=CARTESIAN_POINT('',(-1.18,11.9591884526511,1.58388529681868));
#3694=CARTESIAN_POINT('',(-1.18,11.3354208439821,2.97));
#3695=CARTESIAN_POINT('',(-1.18,12.24,1.64));
#3696=CARTESIAN_POINT('',(-1.18,12.2218274457748,1.00025805337392));
#3697=CARTESIAN_POINT('',(-1.18,12.24,1.64));
#3698=CARTESIAN_POINT('',(-1.7811763037533,12.3882359311238,1.67695936865669));
#3699=CARTESIAN_POINT('',(-1.18,12.24,1.64));
#3700=CARTESIAN_POINT('',(-1.18,12.24,2.28));
#3701=CARTESIAN_POINT('',(-1.38665435441519,13.0290438986762,2.08326926058747));
#3702=CARTESIAN_POINT('',(-1.5745219493381,13.1772798298,2.04630989193078));
#3703=CARTESIAN_POINT('',(-1.18,13.08,2.07056447761173));
#3704=CARTESIAN_POINT('',(-1.18,11.6965494595273,2.16751254026345));
#3705=CARTESIAN_POINT('',(-1.18,12.0851699868162,1.65901073518335));
#3706=CARTESIAN_POINT('',(-1.18,10.9745259419462,2.16740740740741));
#3707=CARTESIAN_POINT('',(-1.18,11.3354208439821,2.97));
#3708=CARTESIAN_POINT('',(-1.18,10.4495879026213,0.999999999999999));
#3709=CARTESIAN_POINT('',(-1.6,13.08,3.));
#3710=CARTESIAN_POINT('',(-1.18,12.24,3.));
#3711=CARTESIAN_POINT('',(-1.4,2.44,3.));
#3712=CARTESIAN_POINT('',(-1.82,3.28,3.));
#3713=CARTESIAN_POINT('',(1.82,3.28,2.28));
#3714=CARTESIAN_POINT('',(1.82,3.28,2.28));
#3715=CARTESIAN_POINT('',(1.82,3.28,2.28));
#3716=CARTESIAN_POINT('',(1.18,3.28,2.28));
#3717=CARTESIAN_POINT('',(1.21538577520216,3.13807540750079,2.24461422479784));
#3718=CARTESIAN_POINT('',(1.82,3.28,2.28));
#3719=CARTESIAN_POINT('',(1.82,3.28,1.64));
#3720=CARTESIAN_POINT('',(1.82,3.28,1.64));
#3721=CARTESIAN_POINT('',(1.18,3.28,1.64));
#3722=CARTESIAN_POINT('',(1.62214422497825,2.48644382995284,1.83785577502174));
#3723=CARTESIAN_POINT('',(1.4132415502239,2.34451923745362,1.8732415502239));
#3724=CARTESIAN_POINT('',(1.82,2.44,1.84943552238827));
#3725=CARTESIAN_POINT('',(1.82,3.28,1.63));
#3726=CARTESIAN_POINT('',(1.82,3.28,1.64));
#3727=CARTESIAN_POINT('',(1.82,10.3841670586392,2.28));
#3728=CARTESIAN_POINT('',(1.82,10.3841670586392,2.92));
#3729=CARTESIAN_POINT('',(1.18,6.6,1.64));
#3730=CARTESIAN_POINT('',(1.18,3.28,1.63));
#3731=CARTESIAN_POINT('',(1.18,6.6,2.28));
#3732=CARTESIAN_POINT('',(1.18,10.3841670586392,2.92));
#3733=CARTESIAN_POINT('',(1.82,6.6,2.28));
#3734=CARTESIAN_POINT('',(1.82,6.6,1.64));
#3735=CARTESIAN_POINT('',(1.82,10.3841670586392,1.64));
#3736=CARTESIAN_POINT('',(1.82,6.6,1.64));
#3737=CARTESIAN_POINT('',(1.82,10.3841670586392,2.28));
#3738=CARTESIAN_POINT('',(1.82,6.6,2.28));
#3739=CARTESIAN_POINT('',(1.82,10.9091050979641,1.75259259259259));
#3740=CARTESIAN_POINT('',(1.82,10.3841670586392,2.92));
#3741=CARTESIAN_POINT('',(1.82,11.6348158659922,1.75081794680211));
#3742=CARTESIAN_POINT('',(1.82,11.27,0.95));
#3743=CARTESIAN_POINT('',(1.82,12.24,1.64000000000001));
#3744=CARTESIAN_POINT('',(1.82,12.1577543926805,2.89873555753226));
#3745=CARTESIAN_POINT('',(1.21538577520216,12.3819245924992,1.67538577520217));
#3746=CARTESIAN_POINT('',(1.82,12.24,1.64000000000001));
#3747=CARTESIAN_POINT('',(1.82,12.24,1.64000000000001));
#3748=CARTESIAN_POINT('',(1.4132415502239,13.1754807625464,2.0467584497761));
#3749=CARTESIAN_POINT('',(1.82,12.24,2.27999999999999));
#3750=CARTESIAN_POINT('',(1.62214422497825,13.0335561700472,2.08214422497826));
#3751=CARTESIAN_POINT('',(1.82,13.08,2.07056447761173));
#3752=CARTESIAN_POINT('',(1.82,11.9001364958048,2.33323099902182));
#3753=CARTESIAN_POINT('',(1.82,12.1654571256173,2.91564405124153));
#3754=CARTESIAN_POINT('',(1.82,10.6466360783016,2.3362962962963));
#3755=CARTESIAN_POINT('',(1.82,11.27,0.95));
#3756=CARTESIAN_POINT('',(1.82,10.3841670586392,2.92));
#3757=CARTESIAN_POINT('',(1.61056447761172,13.08,1.63));
#3758=CARTESIAN_POINT('',(1.18,12.24,1.63));
#3759=CARTESIAN_POINT('',(1.38943552238827,2.44,1.63));
#3760=CARTESIAN_POINT('',(1.82,3.28,1.63));
#3761=CARTESIAN_POINT('',(-3.875,11.21,2.57));
#3762=CARTESIAN_POINT('',(-3.875,11.21,2.57));
#3763=CARTESIAN_POINT('',(-3.875,11.9,2.365));
#3764=CARTESIAN_POINT('',(-3.4178,11.9,2.365));
#3765=CARTESIAN_POINT('',(-3.4178,11.9,2.365));
#3766=CARTESIAN_POINT('',(-3.4178,11.21,2.57));
#3767=CARTESIAN_POINT('',(-3.4178,11.21,2.57));
#3768=CARTESIAN_POINT('',(-3.4178,11.21,2.57));
#3769=CARTESIAN_POINT('',(-3.4178,11.21,2.57));
#3770=CARTESIAN_POINT('',(-3.875,11.9,2.365));
#3771=CARTESIAN_POINT('',(-3.875,11.9,2.825));
#3772=CARTESIAN_POINT('',(-3.4178,11.9,2.825));
#3773=CARTESIAN_POINT('',(-3.4178,11.9,2.825));
#3774=CARTESIAN_POINT('',(-3.4178,11.9,2.365));
#3775=CARTESIAN_POINT('',(-3.4178,11.9,2.365));
#3776=CARTESIAN_POINT('',(-3.875,11.9,2.825));
#3777=CARTESIAN_POINT('',(-3.875,11.47,3.23));
#3778=CARTESIAN_POINT('',(-3.4178,11.47,3.23));
#3779=CARTESIAN_POINT('',(-3.4178,11.47,3.23));
#3780=CARTESIAN_POINT('',(-3.4178,11.9,2.825));
#3781=CARTESIAN_POINT('',(-3.4178,11.9,2.825));
#3782=CARTESIAN_POINT('',(-3.875,11.47,3.23));
#3783=CARTESIAN_POINT('',(-3.875,11.01,3.085));
#3784=CARTESIAN_POINT('',(-3.4178,11.01,3.085));
#3785=CARTESIAN_POINT('',(-3.4178,11.01,3.085));
#3786=CARTESIAN_POINT('',(-3.4178,11.47,3.23));
#3787=CARTESIAN_POINT('',(-3.4178,11.47,3.23));
#3788=CARTESIAN_POINT('',(-3.4178,9.9,2.57));
#3789=CARTESIAN_POINT('',(-3.4178,11.01,3.085));
#3790=CARTESIAN_POINT('',(-3.4178,0.,0.));
#3791=CARTESIAN_POINT('',(-3.875,9.9,2.57));
#3792=CARTESIAN_POINT('',(-3.875,11.01,3.085));
#3793=CARTESIAN_POINT('',(-3.875,0.,0.));
#3794=CARTESIAN_POINT('',(-3.4178,11.01,3.085));
#3795=CARTESIAN_POINT('',(-3.4178,9.9,2.57));
#3796=CARTESIAN_POINT('',(-3.4178,9.65,0.835000000000001));
#3797=CARTESIAN_POINT('',(-3.4178,11.01,0.835000000000001));
#3798=CARTESIAN_POINT('',(-3.875,9.65,0.835000000000001));
#3799=CARTESIAN_POINT('',(-3.875,11.01,0.835000000000001));
#3800=CARTESIAN_POINT('',(-3.4178,11.01,0.835000000000001));
#3801=CARTESIAN_POINT('',(-3.4178,9.65,0.835000000000001));
#3802=CARTESIAN_POINT('',(-3.4178,11.01,0.835000000000001));
#3803=CARTESIAN_POINT('',(-3.4178,11.47,0.690000000000002));
#3804=CARTESIAN_POINT('',(-3.4178,11.47,0.690000000000002));
#3805=CARTESIAN_POINT('',(-3.4178,11.9,1.095));
#3806=CARTESIAN_POINT('',(-3.4178,11.9,1.095));
#3807=CARTESIAN_POINT('',(-3.4178,11.9,1.555));
#3808=CARTESIAN_POINT('',(-3.4178,11.9,1.555));
#3809=CARTESIAN_POINT('',(-3.4178,11.21,1.35));
#3810=CARTESIAN_POINT('',(-3.4178,11.21,1.35));
#3811=CARTESIAN_POINT('',(-3.4178,0.,0.));
#3812=CARTESIAN_POINT('',(-3.875,11.21,1.35));
#3813=CARTESIAN_POINT('',(-3.875,11.21,1.35));
#3814=CARTESIAN_POINT('',(-3.875,11.9,1.555));
#3815=CARTESIAN_POINT('',(-3.875,11.9,1.555));
#3816=CARTESIAN_POINT('',(-3.875,11.9,1.095));
#3817=CARTESIAN_POINT('',(-3.875,11.9,1.095));
#3818=CARTESIAN_POINT('',(-3.875,11.47,0.690000000000002));
#3819=CARTESIAN_POINT('',(-3.875,11.47,0.690000000000002));
#3820=CARTESIAN_POINT('',(-3.875,11.01,0.835000000000001));
#3821=CARTESIAN_POINT('',(-3.875,0.,0.));
#3822=CARTESIAN_POINT('',(-3.4178,11.47,0.690000000000002));
#3823=CARTESIAN_POINT('',(-3.4178,11.01,0.835000000000001));
#3824=CARTESIAN_POINT('',(-3.4178,11.9,1.095));
#3825=CARTESIAN_POINT('',(-3.4178,11.47,0.690000000000002));
#3826=CARTESIAN_POINT('',(-3.4178,11.9,1.555));
#3827=CARTESIAN_POINT('',(-3.4178,11.9,1.095));
#3828=CARTESIAN_POINT('',(-3.4178,11.21,1.35));
#3829=CARTESIAN_POINT('',(-3.4178,11.9,1.555));
#3830=CARTESIAN_POINT('',(-3.4178,11.21,1.35));
#3831=CARTESIAN_POINT('',(3.875,11.47,3.23));
#3832=CARTESIAN_POINT('',(3.875,11.47,3.23));
#3833=CARTESIAN_POINT('',(3.875,11.01,3.085));
#3834=CARTESIAN_POINT('',(3.4178,11.47,3.23));
#3835=CARTESIAN_POINT('',(3.4178,11.47,3.23));
#3836=CARTESIAN_POINT('',(3.4178,11.47,3.23));
#3837=CARTESIAN_POINT('',(3.4178,11.01,3.085));
#3838=CARTESIAN_POINT('',(3.4178,11.01,3.085));
#3839=CARTESIAN_POINT('',(3.4178,11.47,3.23));
#3840=CARTESIAN_POINT('',(3.875,11.9,2.825));
#3841=CARTESIAN_POINT('',(3.875,11.9,2.825));
#3842=CARTESIAN_POINT('',(3.4178,11.9,2.825));
#3843=CARTESIAN_POINT('',(3.4178,11.9,2.825));
#3844=CARTESIAN_POINT('',(3.4178,11.9,2.825));
#3845=CARTESIAN_POINT('',(3.4178,11.9,2.825));
#3846=CARTESIAN_POINT('',(3.875,11.9,2.365));
#3847=CARTESIAN_POINT('',(3.875,11.9,2.365));
#3848=CARTESIAN_POINT('',(3.4178,11.9,2.365));
#3849=CARTESIAN_POINT('',(3.4178,11.9,2.365));
#3850=CARTESIAN_POINT('',(3.4178,11.9,2.365));
#3851=CARTESIAN_POINT('',(3.4178,11.9,2.365));
#3852=CARTESIAN_POINT('',(3.875,11.21,2.57));
#3853=CARTESIAN_POINT('',(3.875,11.21,2.57));
#3854=CARTESIAN_POINT('',(3.4178,11.21,2.57));
#3855=CARTESIAN_POINT('',(3.4178,11.21,2.57));
#3856=CARTESIAN_POINT('',(3.4178,11.21,2.57));
#3857=CARTESIAN_POINT('',(3.4178,11.21,2.57));
#3858=CARTESIAN_POINT('',(3.4178,9.9,2.57));
#3859=CARTESIAN_POINT('',(3.4178,11.01,3.085));
#3860=CARTESIAN_POINT('',(3.4178,0.,0.));
#3861=CARTESIAN_POINT('',(3.875,9.9,2.57));
#3862=CARTESIAN_POINT('',(3.875,11.01,3.085));
#3863=CARTESIAN_POINT('',(3.875,0.,0.));
#3864=CARTESIAN_POINT('',(3.4178,11.01,3.085));
#3865=CARTESIAN_POINT('',(3.4178,9.9,2.57));
#3866=CARTESIAN_POINT('',(3.4178,9.65,0.835000000000001));
#3867=CARTESIAN_POINT('',(3.4178,11.01,0.835000000000001));
#3868=CARTESIAN_POINT('',(3.4178,11.01,0.835000000000001));
#3869=CARTESIAN_POINT('',(3.875,11.01,0.835000000000001));
#3870=CARTESIAN_POINT('',(3.875,9.65,0.835000000000001));
#3871=CARTESIAN_POINT('',(3.4178,9.65,0.835000000000001));
#3872=CARTESIAN_POINT('',(3.4178,11.21,1.35));
#3873=CARTESIAN_POINT('',(3.4178,11.21,1.35));
#3874=CARTESIAN_POINT('',(3.4178,11.9,1.555));
#3875=CARTESIAN_POINT('',(3.4178,11.9,1.555));
#3876=CARTESIAN_POINT('',(3.4178,11.9,1.095));
#3877=CARTESIAN_POINT('',(3.4178,11.9,1.095));
#3878=CARTESIAN_POINT('',(3.4178,11.47,0.690000000000002));
#3879=CARTESIAN_POINT('',(3.4178,11.47,0.690000000000002));
#3880=CARTESIAN_POINT('',(3.4178,11.01,0.835000000000001));
#3881=CARTESIAN_POINT('',(3.4178,0.,0.));
#3882=CARTESIAN_POINT('',(3.875,11.01,0.835000000000001));
#3883=CARTESIAN_POINT('',(3.875,11.47,0.690000000000002));
#3884=CARTESIAN_POINT('',(3.875,11.47,0.690000000000002));
#3885=CARTESIAN_POINT('',(3.875,11.9,1.095));
#3886=CARTESIAN_POINT('',(3.875,11.9,1.095));
#3887=CARTESIAN_POINT('',(3.875,11.9,1.555));
#3888=CARTESIAN_POINT('',(3.875,11.9,1.555));
#3889=CARTESIAN_POINT('',(3.875,11.21,1.35));
#3890=CARTESIAN_POINT('',(3.875,11.21,1.35));
#3891=CARTESIAN_POINT('',(3.875,0.,0.));
#3892=CARTESIAN_POINT('',(3.4178,11.47,0.690000000000002));
#3893=CARTESIAN_POINT('',(3.4178,11.01,0.835000000000001));
#3894=CARTESIAN_POINT('',(3.4178,11.9,1.095));
#3895=CARTESIAN_POINT('',(3.4178,11.47,0.690000000000002));
#3896=CARTESIAN_POINT('',(3.4178,11.9,1.555));
#3897=CARTESIAN_POINT('',(3.4178,11.9,1.095));
#3898=CARTESIAN_POINT('',(3.4178,11.21,1.35));
#3899=CARTESIAN_POINT('',(3.4178,11.9,1.555));
#3900=CARTESIAN_POINT('',(3.4178,11.21,1.35));
#3901=MECHANICAL_DESIGN_GEOMETRIC_PRESENTATION_REPRESENTATION('',(#24),
#3902);
#3902=(
GEOMETRIC_REPRESENTATION_CONTEXT(3)
GLOBAL_UNCERTAINTY_ASSIGNED_CONTEXT((#3903))
GLOBAL_UNIT_ASSIGNED_CONTEXT((#3909,#3905,#3904))
REPRESENTATION_CONTEXT('436500218wbm000_01_214',
'TOP_LEVEL_ASSEMBLY_PART')
);
#3903=UNCERTAINTY_MEASURE_WITH_UNIT(LENGTH_MEASURE(2.E-5),#3909,
'DISTANCE_ACCURACY_VALUE','Maximum Tolerance applied to model');
#3904=(
NAMED_UNIT(*)
SI_UNIT($,.STERADIAN.)
SOLID_ANGLE_UNIT()
);
#3905=(
CONVERSION_BASED_UNIT('DEGREE',#3907)
NAMED_UNIT(#3906)
PLANE_ANGLE_UNIT()
);
#3906=DIMENSIONAL_EXPONENTS(0.,0.,0.,0.,0.,0.,0.);
#3907=PLANE_ANGLE_MEASURE_WITH_UNIT(PLANE_ANGLE_MEASURE(0.0174532925),#3908);
#3908=(
NAMED_UNIT(*)
PLANE_ANGLE_UNIT()
SI_UNIT($,.RADIAN.)
);
#3909=(
LENGTH_UNIT()
NAMED_UNIT(*)
SI_UNIT(.MILLI.,.METRE.)
);
ENDSEC;
END-ISO-10303-21;
